mule_account_id,linked_complaint_ids,bank_name,account_type,state_registered,total_amount_received,no_of_transactions,flagged
ee91a042-eb9a-4159-a48e-308e384e6fa3,"[""CMP-20240903-00111"",""CMP-20240905-00196"",""CMP-20240910-00430"",""CMP-20240915-00708"",""CMP-20240916-00725"",""CMP-20240920-00904"",""CMP-20240922-01010"",""CMP-20240928-01330"",""CMP-20240928-01342"",""CMP-20240929-01359"",""CMP-20241004-01615"",""CMP-20241010-01935"",""CMP-20241011-01953"",""CMP-20241015-02184"",""CMP-20241017-02265"",""CMP-20241021-02510"",""CMP-20241021-02521"",""CMP-20241022-02542"",""CMP-20241025-02715"",""CMP-20241029-02913"",""CMP-20241105-03276"",""CMP-20241108-03407"",""CMP-20241108-03428"",""CMP-20241110-03541"",""CMP-20241110-03545"",""CMP-20241115-03796"",""CMP-20241115-03805"",""CMP-20241116-03853"",""CMP-20241119-04014"",""CMP-20241120-04027"",""CMP-20241121-04056"",""CMP-20241121-04088"",""CMP-20241123-04212"",""CMP-20241127-04412"",""CMP-20241203-04711"",""CMP-20241205-04770"",""CMP-20241209-05009"",""CMP-20241213-05167"",""CMP-20241213-05199"",""CMP-20241214-05243"",""CMP-20241214-05275"",""CMP-20241223-05740"",""CMP-20241226-05894"",""CMP-20241231-06169"",""CMP-20250101-06218"",""CMP-20250101-06222"",""CMP-20250102-06269"",""CMP-20250109-06630"",""CMP-20250109-06634"",""CMP-20250119-07232"",""CMP-20250120-07281"",""CMP-20250122-07349"",""CMP-20250124-07476"",""CMP-20250126-07588"",""CMP-20250127-07613"",""CMP-20250131-07798"",""CMP-20250201-07849"",""CMP-20250203-07988"",""CMP-20250208-08240"",""CMP-20250211-08396"",""CMP-20250214-08583"",""CMP-20250220-08868"",""CMP-20250220-08869"",""CMP-20250221-08945"",""CMP-20250226-09187"",""CMP-20250226-09206"",""CMP-20250302-09414"",""CMP-20250307-09673"",""CMP-20250315-10146"",""CMP-20250315-10149"",""CMP-20250325-10700"",""CMP-20250326-10761"",""CMP-20250327-10801"",""CMP-20250329-10894"",""CMP-20250404-11264"",""CMP-20250405-11323"",""CMP-20250413-11769"",""CMP-20250415-11870"",""CMP-20250415-11897"",""CMP-20250421-12264"",""CMP-20250424-12394"",""CMP-20250425-12434"",""CMP-20250427-12552"",""CMP-20250428-12625"",""CMP-20250503-12905"",""CMP-20250504-12993"",""CMP-20250506-13065"",""CMP-20250514-13484"",""CMP-20250517-13683"",""CMP-20250517-13706"",""CMP-20250520-13860"",""CMP-20250520-13862"",""CMP-20250528-14301"",""CMP-20250528-14311"",""CMP-20250528-14312"",""CMP-20250529-14322"",""CMP-20250529-14350"",""CMP-20250531-14445"",""CMP-20250531-14482"",""CMP-20250601-14521"",""CMP-20250601-14523"",""CMP-20250604-14710"",""CMP-20250604-14724"",""CMP-20250606-14846"",""CMP-20250611-15135"",""CMP-20250613-15234"",""CMP-20250617-15502"",""CMP-20250619-15563"",""CMP-20250624-15886"",""CMP-20250627-16026"",""CMP-20250629-16142"",""CMP-20250630-16249"",""CMP-20250701-16292"",""CMP-20250706-16595"",""CMP-20250713-17005"",""CMP-20250713-17049"",""CMP-20250717-17237"",""CMP-20250721-17494"",""CMP-20250725-17675"",""CMP-20250725-17688"",""CMP-20250727-17853"",""CMP-20250801-18130"",""CMP-20250802-18185"",""CMP-20250802-18196"",""CMP-20250803-18272"",""CMP-20250805-18385"",""CMP-20250808-18515"",""CMP-20250808-18554"",""CMP-20250809-18629"",""CMP-20250809-18632"",""CMP-20250809-18645"",""CMP-20250810-18700"",""CMP-20250817-19129"",""CMP-20250822-19321"",""CMP-20250824-19466"",""CMP-20250826-19649"",""CMP-20250828-19723"",""CMP-20250828-19725"",""CMP-20250829-19826"",""CMP-20250831-19946""]",SBI,savings,Uttar Pradesh,6649300.00,140,False
90d9ed0a-bb48-42c9-ad82-67c71d559a7c,"[""CMP-20240902-00073"",""CMP-20240903-00107"",""CMP-20240904-00147"",""CMP-20240908-00347"",""CMP-20240915-00711"",""CMP-20240917-00765"",""CMP-20240917-00774"",""CMP-20240917-00779"",""CMP-20240917-00783"",""CMP-20240923-01096"",""CMP-20240927-01260"",""CMP-20241012-02021"",""CMP-20241025-02696"",""CMP-20241108-03409"",""CMP-20241109-03479"",""CMP-20241112-03616"",""CMP-20241113-03658"",""CMP-20241115-03799"",""CMP-20241122-04093"",""CMP-20241130-04606"",""CMP-20241207-04902"",""CMP-20241209-05013"",""CMP-20241221-05610"",""CMP-20241223-05764"",""CMP-20241224-05810"",""CMP-20250114-06889"",""CMP-20250114-06912"",""CMP-20250115-06959"",""CMP-20250118-07138"",""CMP-20250121-07308"",""CMP-20250123-07395"",""CMP-20250124-07481"",""CMP-20250125-07539"",""CMP-20250207-08210"",""CMP-20250209-08342"",""CMP-20250225-09142"",""CMP-20250302-09428"",""CMP-20250306-09638"",""CMP-20250318-10297"",""CMP-20250328-10875"",""CMP-20250330-10978"",""CMP-20250330-11025"",""CMP-20250401-11144"",""CMP-20250403-11227"",""CMP-20250405-11353"",""CMP-20250407-11470"",""CMP-20250416-11925"",""CMP-20250418-12020"",""CMP-20250427-12578"",""CMP-20250512-13379"",""CMP-20250515-13556"",""CMP-20250518-13790"",""CMP-20250519-13824"",""CMP-20250519-13838"",""CMP-20250527-14233"",""CMP-20250606-14830"",""CMP-20250608-14957"",""CMP-20250609-15042"",""CMP-20250611-15154"",""CMP-20250624-15905"",""CMP-20250630-16272"",""CMP-20250702-16333"",""CMP-20250704-16483"",""CMP-20250705-16576"",""CMP-20250707-16689"",""CMP-20250714-17091"",""CMP-20250719-17371"",""CMP-20250719-17394"",""CMP-20250720-17476"",""CMP-20250724-17638"",""CMP-20250724-17662"",""CMP-20250725-17701"",""CMP-20250731-18061"",""CMP-20250805-18412"",""CMP-20250807-18490"",""CMP-20250809-18620"",""CMP-20250810-18687"",""CMP-20250819-19201"",""CMP-20250822-19322"",""CMP-20250826-19637"",""CMP-20250828-19741"",""CMP-20250831-19954""]",Indian Bank,savings,Rajasthan,3772100.00,82,False
0173fd92-30dc-48de-a1ff-c33fed844056,"[""CMP-20240906-00240"",""CMP-20240916-00727"",""CMP-20240919-00880"",""CMP-20240923-01077"",""CMP-20240928-01300"",""CMP-20241005-01711"",""CMP-20241022-02575"",""CMP-20241102-03095"",""CMP-20241115-03775"",""CMP-20241129-04492"",""CMP-20241129-04537"",""CMP-20241130-04559"",""CMP-20241205-04777"",""CMP-20241208-04988"",""CMP-20241209-05030"",""CMP-20241217-05454"",""CMP-20241220-05567"",""CMP-20241222-05685"",""CMP-20241222-05715"",""CMP-20250103-06292"",""CMP-20250119-07214"",""CMP-20250121-07307"",""CMP-20250126-07574"",""CMP-20250127-07600"",""CMP-20250215-08649"",""CMP-20250221-08948"",""CMP-20250301-09342"",""CMP-20250305-09569"",""CMP-20250310-09887"",""CMP-20250323-10584"",""CMP-20250323-10603"",""CMP-20250323-10618"",""CMP-20250323-10650"",""CMP-20250324-10687"",""CMP-20250330-11006"",""CMP-20250402-11187"",""CMP-20250409-11545"",""CMP-20250414-11820"",""CMP-20250416-11941"",""CMP-20250426-12543"",""CMP-20250501-12764"",""CMP-20250522-13957"",""CMP-20250528-14284"",""CMP-20250601-14547"",""CMP-20250607-14894"",""CMP-20250608-14973"",""CMP-20250614-15336"",""CMP-20250621-15699"",""CMP-20250625-15907"",""CMP-20250629-16211"",""CMP-20250705-16531"",""CMP-20250716-17190"",""CMP-20250718-17285"",""CMP-20250719-17347"",""CMP-20250721-17524"",""CMP-20250724-17659"",""CMP-20250731-18047"",""CMP-20250804-18336"",""CMP-20250805-18368"",""CMP-20250805-18403"",""CMP-20250805-18406"",""CMP-20250806-18439"",""CMP-20250822-19310"",""CMP-20250825-19588"",""CMP-20250825-19598""]",Airtel Payments Bank,wallet,Rajasthan,3177300.00,65,True
91fa4037-e633-41cb-a828-e842c179093c,"[""CMP-20240908-00352"",""CMP-20240911-00494"",""CMP-20240914-00648"",""CMP-20240916-00737"",""CMP-20240922-01032"",""CMP-20241002-01544"",""CMP-20241015-02205"",""CMP-20241016-02225"",""CMP-20241020-02439"",""CMP-20241020-02444"",""CMP-20241022-02568"",""CMP-20241023-02590"",""CMP-20241025-02684"",""CMP-20241102-03130"",""CMP-20241106-03315"",""CMP-20241118-03945"",""CMP-20241122-04115"",""CMP-20241128-04458"",""CMP-20241128-04480"",""CMP-20241201-04664"",""CMP-20241224-05773"",""CMP-20250105-06458"",""CMP-20250120-07241"",""CMP-20250202-07960"",""CMP-20250211-08422"",""CMP-20250216-08677"",""CMP-20250222-08996"",""CMP-20250224-09129"",""CMP-20250311-09949"",""CMP-20250315-10115"",""CMP-20250318-10302"",""CMP-20250322-10555"",""CMP-20250331-11058"",""CMP-20250411-11673"",""CMP-20250421-12240"",""CMP-20250424-12399"",""CMP-20250426-12538"",""CMP-20250428-12645"",""CMP-20250429-12679"",""CMP-20250515-13523"",""CMP-20250518-13751"",""CMP-20250608-14949"",""CMP-20250618-15550"",""CMP-20250620-15653"",""CMP-20250623-15816"",""CMP-20250705-16579"",""CMP-20250717-17245"",""CMP-20250720-17423"",""CMP-20250721-17492"",""CMP-20250727-17836"",""CMP-20250729-17953"",""CMP-20250801-18144"",""CMP-20250801-18156"",""CMP-20250803-18260"",""CMP-20250817-19100"",""CMP-20250830-19904""]",SBI,savings,Maharashtra,2753900.00,56,True
0d917cd5-eb47-4708-afb0-25de38e5e834,"[""CMP-20240902-00082"",""CMP-20240908-00346"",""CMP-20240910-00460"",""CMP-20240911-00492"",""CMP-20240923-01081"",""CMP-20241105-03264"",""CMP-20241119-04015"",""CMP-20241126-04365"",""CMP-20241230-06135"",""CMP-20250101-06202"",""CMP-20250110-06646"",""CMP-20250112-06797"",""CMP-20250112-06816"",""CMP-20250117-07082"",""CMP-20250124-07487"",""CMP-20250130-07760"",""CMP-20250201-07894"",""CMP-20250208-08220"",""CMP-20250217-08738"",""CMP-20250224-09119"",""CMP-20250301-09371"",""CMP-20250303-09504"",""CMP-20250307-09714"",""CMP-20250318-10288"",""CMP-20250319-10352"",""CMP-20250321-10414"",""CMP-20250322-10541"",""CMP-20250326-10753"",""CMP-20250326-10765"",""CMP-20250403-11251"",""CMP-20250501-12778"",""CMP-20250508-13143"",""CMP-20250509-13235"",""CMP-20250511-13345"",""CMP-20250514-13473"",""CMP-20250516-13636"",""CMP-20250519-13830"",""CMP-20250530-14392"",""CMP-20250612-15161"",""CMP-20250616-15420"",""CMP-20250621-15697"",""CMP-20250624-15898"",""CMP-20250625-15937"",""CMP-20250703-16422"",""CMP-20250717-17238"",""CMP-20250729-17941"",""CMP-20250801-18118"",""CMP-20250809-18610"",""CMP-20250815-18931"",""CMP-20250825-19570"",""CMP-20250831-19988""]",Canara Bank,savings,West Bengal,2592400.00,51,True
3d146e8a-0f3c-41ef-aca5-a78e1abee9db,"[""CMP-20240908-00373"",""CMP-20240929-01364"",""CMP-20241003-01567"",""CMP-20241005-01662"",""CMP-20241013-02097"",""CMP-20241019-02379"",""CMP-20241021-02490"",""CMP-20241023-02606"",""CMP-20241125-04324"",""CMP-20241216-05399"",""CMP-20250131-07801"",""CMP-20250214-08532"",""CMP-20250306-09642"",""CMP-20250314-10079"",""CMP-20250316-10161"",""CMP-20250321-10418"",""CMP-20250331-11083"",""CMP-20250417-11962"",""CMP-20250425-12422"",""CMP-20250426-12477"",""CMP-20250515-13516"",""CMP-20250522-13964"",""CMP-20250522-13969"",""CMP-20250527-14237"",""CMP-20250601-14558"",""CMP-20250604-14730"",""CMP-20250612-15166"",""CMP-20250623-15854"",""CMP-20250705-16578"",""CMP-20250728-17919"",""CMP-20250810-18712"",""CMP-20250815-18906"",""CMP-20250815-18920""]",Bank of Baroda,savings,Karnataka,1680600.00,33,True
a84d81cd-956a-40e1-a115-3709d84fe192,"[""CMP-20240929-01403"",""CMP-20241002-01538"",""CMP-20241004-01607"",""CMP-20241010-01934"",""CMP-20241013-02128"",""CMP-20241028-02860"",""CMP-20241110-03529"",""CMP-20241124-04305"",""CMP-20241210-05081"",""CMP-20241230-06122"",""CMP-20250211-08408"",""CMP-20250214-08564"",""CMP-20250220-08862"",""CMP-20250223-09026"",""CMP-20250305-09577"",""CMP-20250305-09604"",""CMP-20250307-09679"",""CMP-20250307-09690"",""CMP-20250312-09966"",""CMP-20250321-10456"",""CMP-20250329-10947"",""CMP-20250330-11042"",""CMP-20250402-11165"",""CMP-20250409-11524"",""CMP-20250410-11595"",""CMP-20250411-11670"",""CMP-20250417-11980"",""CMP-20250424-12389"",""CMP-20250426-12512"",""CMP-20250427-12568"",""CMP-20250503-12918"",""CMP-20250503-12925"",""CMP-20250507-13102"",""CMP-20250522-13948"",""CMP-20250530-14435"",""CMP-20250611-15108"",""CMP-20250629-16144"",""CMP-20250705-16556"",""CMP-20250713-17047"",""CMP-20250713-17052"",""CMP-20250718-17306"",""CMP-20250809-18590""]",Axis Bank,savings,Karnataka,1360000.00,42,False
05c2daf2-1199-4976-a53e-16d75009c61d,"[""CMP-20240907-00319"",""CMP-20240921-00977"",""CMP-20240925-01168"",""CMP-20241014-02133"",""CMP-20241024-02642"",""CMP-20241024-02663"",""CMP-20241103-03183"",""CMP-20241111-03586"",""CMP-20241206-04845"",""CMP-20241213-05166"",""CMP-20241216-05388"",""CMP-20250103-06290"",""CMP-20250110-06702"",""CMP-20250112-06831"",""CMP-20250114-06911"",""CMP-20250124-07450"",""CMP-20250125-07515"",""CMP-20250212-08466"",""CMP-20250313-10015"",""CMP-20250317-10244"",""CMP-20250321-10493"",""CMP-20250329-10888"",""CMP-20250404-11266"",""CMP-20250408-11500"",""CMP-20250423-12360"",""CMP-20250507-13096"",""CMP-20250509-13178"",""CMP-20250619-15573"",""CMP-20250621-15668"",""CMP-20250630-16275"",""CMP-20250807-18498"",""CMP-20250816-18993"",""CMP-20250828-19742""]",Canara Bank,savings,Tamil Nadu,1128700.00,33,True
23376ea5-5170-4a44-aadb-ceb1a7a7165b,"[""CMP-20240901-00044"",""CMP-20240911-00510"",""CMP-20240918-00840"",""CMP-20240919-00851"",""CMP-20240921-00994"",""CMP-20240930-01421"",""CMP-20241002-01499"",""CMP-20241004-01590"",""CMP-20241112-03621"",""CMP-20241112-03648"",""CMP-20241124-04273"",""CMP-20241126-04376"",""CMP-20241207-04914"",""CMP-20241211-05085"",""CMP-20241211-05094"",""CMP-20241214-05290"",""CMP-20241220-05561"",""CMP-20241221-05614"",""CMP-20250104-06381"",""CMP-20250130-07752"",""CMP-20250215-08627"",""CMP-20250225-09170"",""CMP-20250305-09557"",""CMP-20250321-10467"",""CMP-20250324-10675"",""CMP-20250328-10855"",""CMP-20250328-10886"",""CMP-20250330-10971"",""CMP-20250410-11605"",""CMP-20250422-12302"",""CMP-20250501-12757"",""CMP-20250506-13054"",""CMP-20250515-13530"",""CMP-20250524-14057"",""CMP-20250609-15054"",""CMP-20250620-15643"",""CMP-20250702-16331"",""CMP-20250706-16661"",""CMP-20250814-18886"",""CMP-20250817-19115"",""CMP-20250829-19833"",""CMP-20250830-19848"",""CMP-20250831-19931""]",Indian Bank,savings,Rajasthan,1554800.00,43,True
57cfe97d-e5f7-4d10-ad09-33fc30d66779,"[""CMP-20240908-00337"",""CMP-20240926-01213"",""CMP-20241011-01938"",""CMP-20241018-02368"",""CMP-20241020-02474"",""CMP-20241024-02656"",""CMP-20241027-02813"",""CMP-20241028-02846"",""CMP-20241030-02959"",""CMP-20241106-03300"",""CMP-20241115-03810"",""CMP-20241123-04173"",""CMP-20241124-04295"",""CMP-20241130-04612"",""CMP-20241221-05631"",""CMP-20241223-05725"",""CMP-20241225-05870"",""CMP-20250105-06414"",""CMP-20250117-07041"",""CMP-20250121-07290"",""CMP-20250213-08507"",""CMP-20250217-08759"",""CMP-20250222-08986"",""CMP-20250305-09573"",""CMP-20250306-09619"",""CMP-20250314-10094"",""CMP-20250319-10341"",""CMP-20250331-11077"",""CMP-20250410-11587"",""CMP-20250428-12616"",""CMP-20250430-12705"",""CMP-20250502-12851"",""CMP-20250602-14587"",""CMP-20250603-14642"",""CMP-20250606-14819"",""CMP-20250607-14868"",""CMP-20250609-15018"",""CMP-20250610-15070"",""CMP-20250628-16131"",""CMP-20250716-17185"",""CMP-20250730-18029"",""CMP-20250817-19107"",""CMP-20250828-19715""]",SBI,savings,Uttar Pradesh,1649700.00,43,True
deb8877e-5f65-4bd1-a401-3c789de3eac9,"[""CMP-20240906-00234"",""CMP-20240920-00903"",""CMP-20241031-03008"",""CMP-20241105-03245"",""CMP-20241113-03665"",""CMP-20241114-03709"",""CMP-20241124-04262"",""CMP-20241204-04762"",""CMP-20241208-04983"",""CMP-20241212-05146"",""CMP-20250119-07213"",""CMP-20250128-07686"",""CMP-20250206-08109"",""CMP-20250209-08305"",""CMP-20250307-09710"",""CMP-20250310-09860"",""CMP-20250320-10391"",""CMP-20250401-11098"",""CMP-20250405-11303"",""CMP-20250422-12326"",""CMP-20250425-12428"",""CMP-20250523-14022"",""CMP-20250524-14103"",""CMP-20250525-14174"",""CMP-20250528-14279"",""CMP-20250607-14933"",""CMP-20250626-15961"",""CMP-20250720-17414"",""CMP-20250728-17927"",""CMP-20250730-18027"",""CMP-20250731-18079"",""CMP-20250801-18100"",""CMP-20250803-18235"",""CMP-20250803-18274"",""CMP-20250809-18635"",""CMP-20250827-19663"",""CMP-20250830-19907""]",Airtel Payments Bank,savings,Jharkhand,1671100.00,37,True
4c436b52-a3a3-4d20-a08f-4f0d5de096fe,"[""CMP-20241013-02093"",""CMP-20241020-02450"",""CMP-20241025-02674"",""CMP-20241030-02955"",""CMP-20241105-03234"",""CMP-20241113-03669"",""CMP-20241129-04522"",""CMP-20241130-04549"",""CMP-20241205-04798"",""CMP-20241207-04925"",""CMP-20241226-05882"",""CMP-20250109-06624"",""CMP-20250110-06673"",""CMP-20250110-06687"",""CMP-20250130-07786"",""CMP-20250211-08425"",""CMP-20250219-08828"",""CMP-20250303-09485"",""CMP-20250315-10112"",""CMP-20250319-10330"",""CMP-20250330-11013"",""CMP-20250405-11367"",""CMP-20250503-12897"",""CMP-20250510-13308"",""CMP-20250511-13351"",""CMP-20250608-14936"",""CMP-20250608-14946"",""CMP-20250617-15509"",""CMP-20250629-16171"",""CMP-20250713-17064"",""CMP-20250725-17704"",""CMP-20250807-18467"",""CMP-20250815-18905"",""CMP-20250819-19196"",""CMP-20250830-19846"",""CMP-20250831-19996""]",Airtel Payments Bank,savings,Rajasthan,1442900.00,36,True
f1cd8e50-8493-49e4-a250-f837be6ab7b4,"[""CMP-20240912-00514"",""CMP-20241011-01999"",""CMP-20241104-03226"",""CMP-20241206-04828"",""CMP-20241215-05346"",""CMP-20241223-05751"",""CMP-20241226-05910"",""CMP-20241227-05980"",""CMP-20241228-05993"",""CMP-20241228-06035"",""CMP-20250120-07259"",""CMP-20250329-10904"",""CMP-20250402-11192"",""CMP-20250423-12355"",""CMP-20250509-13231"",""CMP-20250515-13540"",""CMP-20250515-13552"",""CMP-20250523-14020"",""CMP-20250531-14470"",""CMP-20250604-14718"",""CMP-20250611-15101"",""CMP-20250614-15325"",""CMP-20250615-15389"",""CMP-20250630-16250"",""CMP-20250704-16488"",""CMP-20250711-16923"",""CMP-20250729-17946""]",ICICI,savings,Jharkhand,1339600.00,27,False
f49a8c15-6bc1-45a1-a464-33b87dd0bbc4,"[""CMP-20240902-00093"",""CMP-20240903-00122"",""CMP-20240928-01302"",""CMP-20241013-02091"",""CMP-20241015-02177"",""CMP-20241102-03132"",""CMP-20241208-04944"",""CMP-20241210-05059"",""CMP-20241214-05266"",""CMP-20241216-05412"",""CMP-20241229-06073"",""CMP-20250105-06469"",""CMP-20250119-07204"",""CMP-20250313-10023"",""CMP-20250328-10861"",""CMP-20250427-12558"",""CMP-20250430-12710"",""CMP-20250430-12713"",""CMP-20250523-14026"",""CMP-20250604-14737"",""CMP-20250703-16397"",""CMP-20250706-16601"",""CMP-20250801-18132"",""CMP-20250813-18836"",""CMP-20250815-18904"",""CMP-20250830-19901""]",HDFC,savings,Jharkhand,1104500.00,26,True
b91e52b1-352a-459b-ad80-dd400e73effc,"[""CMP-20240905-00211"",""CMP-20241002-01535"",""CMP-20241014-02155"",""CMP-20241027-02800"",""CMP-20241101-03036"",""CMP-20241204-04742"",""CMP-20241211-05091"",""CMP-20241228-06002"",""CMP-20250112-06847"",""CMP-20250314-10059"",""CMP-20250423-12361"",""CMP-20250427-12603"",""CMP-20250508-13137"",""CMP-20250509-13189"",""CMP-20250517-13704"",""CMP-20250521-13910"",""CMP-20250617-15484"",""CMP-20250706-16644"",""CMP-20250731-18052"",""CMP-20250809-18596"",""CMP-20250821-19261""]",Paytm Payments Bank,savings,Uttar Pradesh,1107400.00,21,False
2daa0df6-4c8f-400a-a5b5-2d37d373a24c,"[""CMP-20240911-00484"",""CMP-20241001-01489"",""CMP-20241014-02167"",""CMP-20241104-03212"",""CMP-20241119-04011"",""CMP-20241212-05157"",""CMP-20241215-05362"",""CMP-20241220-05541"",""CMP-20241228-06003"",""CMP-20250129-07702"",""CMP-20250209-08287"",""CMP-20250223-09035"",""CMP-20250305-09584"",""CMP-20250316-10191"",""CMP-20250401-11132"",""CMP-20250405-11344"",""CMP-20250427-12585"",""CMP-20250504-12978"",""CMP-20250513-13432"",""CMP-20250523-14007"",""CMP-20250614-15307"",""CMP-20250618-15520"",""CMP-20250622-15745"",""CMP-20250715-17123"",""CMP-20250726-17754"",""CMP-20250819-19206"",""CMP-20250826-19620""]",Axis Bank,savings,Uttar Pradesh,1378400.00,27,True
733d2271-27ae-4334-a399-48ff9a4e48c4,"[""CMP-20240905-00199"",""CMP-20241008-01831"",""CMP-20241008-01844"",""CMP-20241014-02149"",""CMP-20241018-02361"",""CMP-20241029-02888"",""CMP-20241121-04085"",""CMP-20241126-04352"",""CMP-20241127-04410"",""CMP-20250119-07215"",""CMP-20250207-08189"",""CMP-20250211-08399"",""CMP-20250310-09890"",""CMP-20250319-10344"",""CMP-20250322-10510"",""CMP-20250326-10772"",""CMP-20250417-11984"",""CMP-20250417-11995"",""CMP-20250618-15527"",""CMP-20250624-15888"",""CMP-20250708-16715"",""CMP-20250710-16844"",""CMP-20250712-16941"",""CMP-20250720-17448"",""CMP-20250728-17930""]",Canara Bank,savings,Karnataka,1172500.00,25,True
155c97dc-e2cc-45ad-aa4e-c4e55b251684,"[""CMP-20240902-00091"",""CMP-20240908-00368"",""CMP-20240920-00923"",""CMP-20240922-01017"",""CMP-20240922-01033"",""CMP-20241004-01624"",""CMP-20241009-01860"",""CMP-20241011-02005"",""CMP-20241027-02828"",""CMP-20241105-03262"",""CMP-20241114-03705"",""CMP-20241116-03840"",""CMP-20241119-04001"",""CMP-20241217-05456"",""CMP-20241218-05469"",""CMP-20241222-05696"",""CMP-20250103-06281"",""CMP-20250117-07080"",""CMP-20250202-07911"",""CMP-20250207-08196"",""CMP-20250211-08417"",""CMP-20250215-08598"",""CMP-20250227-09261"",""CMP-20250302-09436"",""CMP-20250321-10480"",""CMP-20250410-11600"",""CMP-20250504-12937"",""CMP-20250530-14368"",""CMP-20250610-15096"",""CMP-20250616-15444"",""CMP-20250628-16086"",""CMP-20250718-17320"",""CMP-20250728-17878"",""CMP-20250814-18858""]",Bank of Baroda,savings,Karnataka,1758400.00,34,True
b8650394-2211-4128-a61d-979b1de0c60c,"[""CMP-20240901-00050"",""CMP-20241001-01492"",""CMP-20241003-01570"",""CMP-20241017-02269"",""CMP-20241019-02400"",""CMP-20241022-02547"",""CMP-20241105-03284"",""CMP-20241117-03891"",""CMP-20241124-04303"",""CMP-20241130-04613"",""CMP-20241202-04672"",""CMP-20241204-04749"",""CMP-20241205-04793"",""CMP-20241217-05437"",""CMP-20241230-06148"",""CMP-20250105-06442"",""CMP-20250111-06760"",""CMP-20250113-06873"",""CMP-20250125-07493"",""CMP-20250301-09350"",""CMP-20250316-10194"",""CMP-20250325-10713"",""CMP-20250405-11326"",""CMP-20250419-12127"",""CMP-20250422-12294"",""CMP-20250508-13156"",""CMP-20250515-13542"",""CMP-20250623-15836"",""CMP-20250718-17295"",""CMP-20250724-17660"",""CMP-20250727-17846"",""CMP-20250805-18367"",""CMP-20250807-18488"",""CMP-20250831-19980""]",SBI,savings,Tamil Nadu,1197900.00,34,True
c367abb8-abf4-43c0-a2fd-ed60a1b5e994,"[""CMP-20240904-00146"",""CMP-20240924-01111"",""CMP-20241030-02960"",""CMP-20241101-03043"",""CMP-20241110-03534"",""CMP-20241126-04385"",""CMP-20241130-04596"",""CMP-20241221-05653"",""CMP-20241222-05712"",""CMP-20250104-06403"",""CMP-20250115-06955"",""CMP-20250211-08414"",""CMP-20250212-08460"",""CMP-20250219-08860"",""CMP-20250225-09140"",""CMP-20250321-10452"",""CMP-20250427-12586"",""CMP-20250517-13721"",""CMP-20250605-14784"",""CMP-20250613-15227"",""CMP-20250630-16244"",""CMP-20250630-16252"",""CMP-20250707-16682"",""CMP-20250722-17541"",""CMP-20250821-19281""]",Axis Bank,savings,Jharkhand,863400.00,25,True
81411128-053e-49d7-a4a2-2780d5f3111c,"[""CMP-20240904-00152"",""CMP-20240914-00659"",""CMP-20241001-01497"",""CMP-20241024-02662"",""CMP-20241129-04483"",""CMP-20241211-05096"",""CMP-20241231-06163"",""CMP-20250104-06389"",""CMP-20250210-08362"",""CMP-20250313-10031"",""CMP-20250315-10120"",""CMP-20250514-13480"",""CMP-20250528-14293"",""CMP-20250610-15092"",""CMP-20250612-15167"",""CMP-20250624-15874"",""CMP-20250718-17307"",""CMP-20250816-19055""]",HDFC,savings,Tamil Nadu,605500.00,18,True
42a0efcc-a3a7-47eb-a24a-79ec0c979efc,"[""CMP-20240901-00012"",""CMP-20240922-01018"",""CMP-20240924-01112"",""CMP-20241002-01503"",""CMP-20241011-01951"",""CMP-20241011-01969"",""CMP-20241016-02236"",""CMP-20241031-02976"",""CMP-20241107-03361"",""CMP-20241108-03436"",""CMP-20241117-03914"",""CMP-20241120-04024"",""CMP-20241129-04496"",""CMP-20241208-04941"",""CMP-20241227-05957"",""CMP-20241228-06004"",""CMP-20250102-06249"",""CMP-20250116-07022"",""CMP-20250207-08156"",""CMP-20250210-08359"",""CMP-20250429-12686"",""CMP-20250504-12973"",""CMP-20250511-13364"",""CMP-20250515-13560"",""CMP-20250529-14357"",""CMP-20250531-14468"",""CMP-20250617-15482"",""CMP-20250621-15694"",""CMP-20250718-17313"",""CMP-20250726-17750"",""CMP-20250727-17839"",""CMP-20250810-18682"",""CMP-20250818-19177"",""CMP-20250830-19857""]",Canara Bank,savings,Uttar Pradesh,1093600.00,34,True
1a0f78d1-cf50-493f-a7c7-a54b0dd5bb1f,"[""CMP-20241017-02300"",""CMP-20241026-02742"",""CMP-20241030-02929"",""CMP-20241030-02950"",""CMP-20241104-03209"",""CMP-20241125-04317"",""CMP-20241201-04643"",""CMP-20241217-05449"",""CMP-20241221-05601"",""CMP-20241227-05940"",""CMP-20250210-08366"",""CMP-20250214-08550"",""CMP-20250222-09006"",""CMP-20250302-09435"",""CMP-20250308-09751"",""CMP-20250322-10512"",""CMP-20250401-11147"",""CMP-20250518-13747"",""CMP-20250530-14377"",""CMP-20250605-14772"",""CMP-20250612-15193"",""CMP-20250721-17512"",""CMP-20250808-18526"",""CMP-20250816-19026"",""CMP-20250818-19153""]",Canara Bank,savings,Karnataka,924600.00,25,False
f5ce55e8-ad3a-4a54-a4e2-6e8893f65e21,"[""CMP-20240925-01153"",""CMP-20240927-01274"",""CMP-20240927-01283"",""CMP-20241026-02728"",""CMP-20241124-04309"",""CMP-20241125-04331"",""CMP-20241126-04369"",""CMP-20241204-04746"",""CMP-20241214-05297"",""CMP-20241220-05563"",""CMP-20241229-06078"",""CMP-20250105-06413"",""CMP-20250105-06463"",""CMP-20250127-07617"",""CMP-20250213-08519"",""CMP-20250220-08877"",""CMP-20250222-09001"",""CMP-20250401-11112"",""CMP-20250616-15440"",""CMP-20250621-15716"",""CMP-20250626-15969"",""CMP-20250629-16225"",""CMP-20250710-16867""]",Airtel Payments Bank,wallet,Karnataka,893800.00,23,True
0881ce14-ee43-4bad-a90f-f1e3071594a4,"[""CMP-20240908-00334"",""CMP-20240928-01323"",""CMP-20241011-01965"",""CMP-20241103-03153"",""CMP-20241204-04735"",""CMP-20250103-06304"",""CMP-20250107-06550"",""CMP-20250109-06612"",""CMP-20250114-06919"",""CMP-20250130-07775"",""CMP-20250201-07848"",""CMP-20250201-07858"",""CMP-20250217-08728"",""CMP-20250217-08755"",""CMP-20250306-09636"",""CMP-20250308-09736"",""CMP-20250323-10599"",""CMP-20250327-10822"",""CMP-20250328-10843"",""CMP-20250401-11141"",""CMP-20250414-11800"",""CMP-20250422-12308"",""CMP-20250502-12803"",""CMP-20250608-14995"",""CMP-20250610-15071"",""CMP-20250727-17837"",""CMP-20250731-18063"",""CMP-20250812-18797""]",Bank of Baroda,savings,Rajasthan,1455900.00,28,True
b76082b6-5cff-4e67-aa77-c9258fafce6e,"[""CMP-20241005-01642"",""CMP-20241005-01676"",""CMP-20241105-03260"",""CMP-20241116-03852"",""CMP-20241117-03918"",""CMP-20241201-04647"",""CMP-20250106-06494"",""CMP-20250118-07110"",""CMP-20250123-07396"",""CMP-20250314-10049"",""CMP-20250409-11558"",""CMP-20250425-12413"",""CMP-20250426-12505"",""CMP-20250427-12566"",""CMP-20250514-13487"",""CMP-20250527-14267"",""CMP-20250528-14314"",""CMP-20250604-14717"",""CMP-20250703-16427"",""CMP-20250718-17265"",""CMP-20250806-18450"",""CMP-20250808-18565"",""CMP-20250830-19886"",""CMP-20250831-19970""]",Airtel Payments Bank,wallet,Uttar Pradesh,1028500.00,24,True
e111f563-4fb8-4b13-a97a-463896b5181b,"[""CMP-20240922-01003"",""CMP-20240923-01060"",""CMP-20241011-01998"",""CMP-20241018-02303"",""CMP-20241119-04000"",""CMP-20241130-04597"",""CMP-20241222-05690"",""CMP-20250124-07485"",""CMP-20250327-10811"",""CMP-20250402-11171"",""CMP-20250417-11965"",""CMP-20250428-12611"",""CMP-20250518-13745"",""CMP-20250606-14802"",""CMP-20250617-15473"",""CMP-20250626-15959"",""CMP-20250702-16350"",""CMP-20250707-16669"",""CMP-20250709-16785"",""CMP-20250718-17308"",""CMP-20250720-17468"",""CMP-20250728-17888"",""CMP-20250813-18810"",""CMP-20250823-19429""]",Indian Bank,savings,Rajasthan,893000.00,24,True
df7e165f-d0a5-482a-a916-ed514071a252,"[""CMP-20240907-00282"",""CMP-20240924-01137"",""CMP-20241001-01482"",""CMP-20241012-02017"",""CMP-20241019-02380"",""CMP-20241027-02823"",""CMP-20241112-03639"",""CMP-20241121-04060"",""CMP-20241130-04602"",""CMP-20241211-05123"",""CMP-20241229-06088"",""CMP-20250117-07048"",""CMP-20250124-07440"",""CMP-20250128-07663"",""CMP-20250129-07723"",""CMP-20250302-09429"",""CMP-20250409-11523"",""CMP-20250413-11791"",""CMP-20250414-11813"",""CMP-20250426-12519"",""CMP-20250427-12599"",""CMP-20250614-15273"",""CMP-20250701-16328"",""CMP-20250707-16663"",""CMP-20250713-17025"",""CMP-20250802-18226"",""CMP-20250819-19211""]",Canara Bank,savings,Tamil Nadu,1540900.00,27,True
66e103b0-38bf-42b5-a8c0-002f5b1bd1ff,"[""CMP-20241016-02246"",""CMP-20241018-02367"",""CMP-20241020-02438"",""CMP-20241025-02720"",""CMP-20241119-04008"",""CMP-20241121-04053"",""CMP-20241206-04821"",""CMP-20241229-06068"",""CMP-20250112-06812"",""CMP-20250209-08291"",""CMP-20250212-08456"",""CMP-20250214-08539"",""CMP-20250214-08560"",""CMP-20250317-10252"",""CMP-20250320-10376"",""CMP-20250410-11594"",""CMP-20250420-12170"",""CMP-20250426-12481"",""CMP-20250509-13174"",""CMP-20250516-13599"",""CMP-20250617-15491"",""CMP-20250622-15803"",""CMP-20250703-16411"",""CMP-20250704-16486"",""CMP-20250727-17832""]",HDFC,savings,Jharkhand,786400.00,25,True
9abd8038-d87d-45dc-aaa1-9844eb98836c,"[""CMP-20240915-00687"",""CMP-20240917-00785"",""CMP-20240918-00826"",""CMP-20241114-03715"",""CMP-20241215-05369"",""CMP-20241227-05939"",""CMP-20241227-05955"",""CMP-20241229-06110"",""CMP-20250106-06520"",""CMP-20250110-06708"",""CMP-20250117-07058"",""CMP-20250130-07783"",""CMP-20250204-08004"",""CMP-20250207-08175"",""CMP-20250213-08502"",""CMP-20250226-09183"",""CMP-20250304-09553"",""CMP-20250307-09706"",""CMP-20250321-10468"",""CMP-20250412-11678"",""CMP-20250418-12019"",""CMP-20250511-13356"",""CMP-20250520-13887"",""CMP-20250526-14216"",""CMP-20250606-14797"",""CMP-20250615-15398"",""CMP-20250623-15842"",""CMP-20250624-15883"",""CMP-20250701-16284"",""CMP-20250712-16978"",""CMP-20250718-17279"",""CMP-20250719-17342"",""CMP-20250821-19283"",""CMP-20250824-19519""]",Airtel Payments Bank,wallet,Jharkhand,1429500.00,34,True
1fb87ff9-a342-4d0e-ad83-fa8c758d5a34,"[""CMP-20241002-01508"",""CMP-20241109-03502"",""CMP-20241120-04028"",""CMP-20241130-04588"",""CMP-20241209-05002"",""CMP-20241231-06181"",""CMP-20250103-06326"",""CMP-20250215-08594"",""CMP-20250309-09798"",""CMP-20250311-09945"",""CMP-20250321-10447"",""CMP-20250403-11219"",""CMP-20250411-11638"",""CMP-20250417-11978"",""CMP-20250428-12613"",""CMP-20250627-16043"",""CMP-20250714-17098"",""CMP-20250716-17169"",""CMP-20250815-18932""]",Axis Bank,savings,Uttar Pradesh,892200.00,19,True
27a0e6fa-3a9c-424e-aa77-1e27495458db,"[""CMP-20240913-00594"",""CMP-20241027-02788"",""CMP-20241101-03022"",""CMP-20241103-03138"",""CMP-20241104-03203"",""CMP-20241213-05191"",""CMP-20241224-05783"",""CMP-20250123-07372"",""CMP-20250310-09893"",""CMP-20250406-11438"",""CMP-20250513-13458"",""CMP-20250518-13773"",""CMP-20250704-16463"",""CMP-20250721-17533"",""CMP-20250722-17565"",""CMP-20250804-18348"",""CMP-20250813-18814"",""CMP-20250818-19140"",""CMP-20250831-19952""]",ICICI,savings,Uttar Pradesh,733100.00,19,True
59809de4-2d89-4f5e-a7b9-24ac40a32cb3,"[""CMP-20240914-00669"",""CMP-20241030-02920"",""CMP-20241107-03362"",""CMP-20241123-04156"",""CMP-20241210-05047"",""CMP-20241212-05124"",""CMP-20241228-06029"",""CMP-20241229-06071"",""CMP-20241230-06130"",""CMP-20250124-07438"",""CMP-20250124-07475"",""CMP-20250131-07813"",""CMP-20250305-09606"",""CMP-20250318-10269"",""CMP-20250322-10542"",""CMP-20250426-12488"",""CMP-20250514-13476"",""CMP-20250526-14208"",""CMP-20250707-16680"",""CMP-20250717-17212"",""CMP-20250811-18746"",""CMP-20250821-19291"",""CMP-20250823-19452"",""CMP-20250826-19635""]",Paytm Payments Bank,wallet,Jharkhand,876800.00,24,True
5f0151d7-ecc6-467f-ae47-e9119e8dc90d,"[""CMP-20240907-00280"",""CMP-20240916-00747"",""CMP-20240919-00850"",""CMP-20240921-00944"",""CMP-20240925-01155"",""CMP-20241002-01517"",""CMP-20241026-02759"",""CMP-20241108-03441"",""CMP-20241111-03588"",""CMP-20241121-04078"",""CMP-20250110-06695"",""CMP-20250110-06706"",""CMP-20250118-07152"",""CMP-20250125-07500"",""CMP-20250125-07521"",""CMP-20250126-07554"",""CMP-20250210-08352"",""CMP-20250215-08648"",""CMP-20250311-09938"",""CMP-20250418-12030"",""CMP-20250419-12122"",""CMP-20250423-12376"",""CMP-20250508-13147"",""CMP-20250602-14592"",""CMP-20250614-15317"",""CMP-20250703-16392"",""CMP-20250703-16395"",""CMP-20250727-17857"",""CMP-20250808-18503"",""CMP-20250824-19530""]",HDFC,savings,Rajasthan,1242200.00,30,False
b7c72747-0e52-4a90-a17d-13feaddf858e,"[""CMP-20240928-01340"",""CMP-20240929-01419"",""CMP-20241020-02431"",""CMP-20241101-03021"",""CMP-20241117-03898"",""CMP-20241203-04732"",""CMP-20241214-05293"",""CMP-20241217-05433"",""CMP-20241217-05458"",""CMP-20241220-05579"",""CMP-20250117-07050"",""CMP-20250129-07701"",""CMP-20250221-08925"",""CMP-20250224-09115"",""CMP-20250319-10313"",""CMP-20250404-11258"",""CMP-20250419-12137"",""CMP-20250504-12980"",""CMP-20250506-13055"",""CMP-20250519-13817"",""CMP-20250628-16110"",""CMP-20250704-16438"",""CMP-20250710-16820"",""CMP-20250728-17935"",""CMP-20250802-18220"",""CMP-20250805-18410"",""CMP-20250830-19867""]",HDFC,savings,Uttar Pradesh,1291500.00,27,True
0d358e36-037f-4a79-a7a8-287d107db4c5,"[""CMP-20240916-00741"",""CMP-20240922-01004"",""CMP-20240925-01158"",""CMP-20240929-01371"",""CMP-20241004-01622"",""CMP-20241006-01739"",""CMP-20241024-02664"",""CMP-20241026-02763"",""CMP-20241104-03198"",""CMP-20241115-03806"",""CMP-20241119-03982"",""CMP-20241123-04201"",""CMP-20241202-04673"",""CMP-20241231-06167"",""CMP-20250106-06508"",""CMP-20250110-06698"",""CMP-20250207-08152"",""CMP-20250224-09094"",""CMP-20250302-09442"",""CMP-20250410-11597"",""CMP-20250512-13409"",""CMP-20250604-14704"",""CMP-20250608-15003"",""CMP-20250611-15144"",""CMP-20250615-15339"",""CMP-20250622-15795"",""CMP-20250701-16294"",""CMP-20250719-17398"",""CMP-20250720-17439"",""CMP-20250807-18480""]",Indian Bank,savings,Karnataka,1060500.00,30,False
b79b4403-e497-416a-a401-adf934cdec56,"[""CMP-20241012-02047"",""CMP-20241018-02354"",""CMP-20241026-02744"",""CMP-20241209-05024"",""CMP-20241213-05207"",""CMP-20241225-05861"",""CMP-20241228-06034"",""CMP-20250216-08682"",""CMP-20250319-10336"",""CMP-20250329-10908"",""CMP-20250402-11154"",""CMP-20250419-12135"",""CMP-20250425-12442"",""CMP-20250531-14479"",""CMP-20250615-15343"",""CMP-20250624-15884"",""CMP-20250630-16270"",""CMP-20250722-17547"",""CMP-20250831-19951""]",HDFC,savings,Karnataka,723100.00,19,True
8c7aae1c-8b32-4534-aec0-7ac4b04a6c4a,"[""CMP-20241023-02616"",""CMP-20241031-02966"",""CMP-20241103-03141"",""CMP-20250204-08042"",""CMP-20250214-08568"",""CMP-20250215-08601"",""CMP-20250222-09004"",""CMP-20250306-09623"",""CMP-20250309-09836"",""CMP-20250405-11350"",""CMP-20250408-11499"",""CMP-20250413-11760"",""CMP-20250420-12225"",""CMP-20250429-12670"",""CMP-20250429-12672"",""CMP-20250429-12688"",""CMP-20250504-12959"",""CMP-20250504-12963"",""CMP-20250506-13068"",""CMP-20250509-13182"",""CMP-20250605-14769"",""CMP-20250712-16955"",""CMP-20250730-18033"",""CMP-20250805-18372"",""CMP-20250809-18604"",""CMP-20250824-19510""]",Indian Bank,savings,Tamil Nadu,1317700.00,26,False
22e892c7-6e59-4a63-ac52-83708ced728d,"[""CMP-20240906-00258"",""CMP-20240928-01352"",""CMP-20241010-01926"",""CMP-20241028-02839"",""CMP-20241109-03464"",""CMP-20241225-05853"",""CMP-20241230-06137"",""CMP-20250123-07400"",""CMP-20250130-07769"",""CMP-20250131-07834"",""CMP-20250212-08441"",""CMP-20250307-09692"",""CMP-20250308-09762"",""CMP-20250309-09801"",""CMP-20250404-11295"",""CMP-20250503-12854"",""CMP-20250616-15418"",""CMP-20250629-16168"",""CMP-20250713-17002"",""CMP-20250726-17775"",""CMP-20250730-18035""]",Airtel Payments Bank,savings,Uttar Pradesh,1218800.00,21,False
7e484700-19a9-4001-a298-46045e6e1408,"[""CMP-20241005-01689"",""CMP-20241212-05159"",""CMP-20241221-05630"",""CMP-20250107-06543"",""CMP-20250207-08214"",""CMP-20250214-08523"",""CMP-20250223-09048"",""CMP-20250308-09735"",""CMP-20250318-10293"",""CMP-20250320-10408"",""CMP-20250325-10728"",""CMP-20250429-12656"",""CMP-20250510-13312"",""CMP-20250516-13622"",""CMP-20250531-14442"",""CMP-20250531-14475"",""CMP-20250619-15562"",""CMP-20250622-15767"",""CMP-20250701-16282"",""CMP-20250710-16860"",""CMP-20250727-17823"",""CMP-20250810-18678"",""CMP-20250826-19656""]",Paytm Payments Bank,wallet,Uttar Pradesh,1119400.00,23,True
51d34bb3-470e-47b5-ac21-84b4848ebe98,"[""CMP-20240910-00443"",""CMP-20240930-01422"",""CMP-20241026-02743"",""CMP-20250112-06785"",""CMP-20250119-07235"",""CMP-20250215-08636"",""CMP-20250221-08951"",""CMP-20250222-09011"",""CMP-20250223-09079"",""CMP-20250302-09447"",""CMP-20250316-10195"",""CMP-20250414-11821"",""CMP-20250503-12909"",""CMP-20250622-15756"",""CMP-20250709-16769"",""CMP-20250726-17796"",""CMP-20250816-18987"",""CMP-20250818-19152"",""CMP-20250823-19377""]",Canara Bank,savings,Jharkhand,712200.00,19,True
b0322f13-88e4-4ac4-ad34-48c65fca1c29,"[""CMP-20241030-02939"",""CMP-20241115-03797"",""CMP-20241221-05636"",""CMP-20250114-06890"",""CMP-20250314-10096"",""CMP-20250404-11259"",""CMP-20250423-12375"",""CMP-20250425-12420"",""CMP-20250712-16969"",""CMP-20250728-17933"",""CMP-20250811-18759"",""CMP-20250822-19332""]",Paytm Payments Bank,savings,Uttar Pradesh,704000.00,12,True
f702b4ad-814f-42d9-ad8d-ae2dada5db9b,"[""CMP-20240901-00011"",""CMP-20240905-00192"",""CMP-20241112-03646"",""CMP-20241114-03712"",""CMP-20250128-07654"",""CMP-20250213-08505"",""CMP-20250312-09991"",""CMP-20250507-13078"",""CMP-20250530-14382"",""CMP-20250531-14480"",""CMP-20250703-16431"",""CMP-20250727-17856"",""CMP-20250803-18259""]",ICICI,savings,Jharkhand,545400.00,13,True
d310eaa3-b7fe-4bdd-ab70-4d5c9c1cd009,"[""CMP-20240909-00410"",""CMP-20240910-00450"",""CMP-20241028-02845"",""CMP-20241116-03835"",""CMP-20241206-04834"",""CMP-20241210-05056"",""CMP-20241214-05251"",""CMP-20250109-06600"",""CMP-20250126-07550"",""CMP-20250201-07855"",""CMP-20250202-07941"",""CMP-20250207-08165"",""CMP-20250207-08169"",""CMP-20250209-08330"",""CMP-20250215-08604"",""CMP-20250308-09744"",""CMP-20250321-10455"",""CMP-20250404-11262"",""CMP-20250408-11497"",""CMP-20250412-11684"",""CMP-20250415-11858"",""CMP-20250415-11891"",""CMP-20250522-13959"",""CMP-20250524-14071"",""CMP-20250606-14841"",""CMP-20250608-14971"",""CMP-20250609-15014"",""CMP-20250615-15356"",""CMP-20250617-15510"",""CMP-20250622-15794"",""CMP-20250726-17737"",""CMP-20250805-18370""]",SBI,savings,Uttar Pradesh,1010200.00,32,True
12cfe481-8fd3-4098-acdc-ffcad9f621d5,"[""CMP-20240929-01388"",""CMP-20241004-01605"",""CMP-20241005-01696"",""CMP-20241216-05393"",""CMP-20241229-06094"",""CMP-20241230-06140"",""CMP-20250110-06665"",""CMP-20250119-07231"",""CMP-20250304-09536"",""CMP-20250310-09901"",""CMP-20250413-11766"",""CMP-20250418-12060"",""CMP-20250426-12533"",""CMP-20250508-13129"",""CMP-20250515-13519"",""CMP-20250527-14251"",""CMP-20250604-14726"",""CMP-20250613-15214"",""CMP-20250627-16031"",""CMP-20250720-17469"",""CMP-20250721-17499"",""CMP-20250723-17599"",""CMP-20250727-17868"",""CMP-20250810-18698"",""CMP-20250828-19717""]",Indian Bank,savings,Uttar Pradesh,1447600.00,25,False
4923a8a8-dafc-4829-a325-6e9f7891bf3d,"[""CMP-20241007-01801"",""CMP-20241010-01910"",""CMP-20241107-03363"",""CMP-20241206-04835"",""CMP-20241227-05929"",""CMP-20250211-08432"",""CMP-20250304-09529"",""CMP-20250325-10707"",""CMP-20250328-10854"",""CMP-20250405-11330"",""CMP-20250510-13289"",""CMP-20250605-14783"",""CMP-20250611-15148"",""CMP-20250628-16112"",""CMP-20250807-18461"",""CMP-20250815-18937""]",Indian Bank,savings,Tamil Nadu,569900.00,16,True
239b1176-457f-4239-ada2-ab06cd47c5ce,"[""CMP-20240914-00620"",""CMP-20240928-01348"",""CMP-20241011-01978"",""CMP-20241103-03145"",""CMP-20241213-05225"",""CMP-20250110-06713"",""CMP-20250130-07774"",""CMP-20250313-09993"",""CMP-20250317-10261"",""CMP-20250330-10988"",""CMP-20250509-13192"",""CMP-20250602-14610"",""CMP-20250615-15379"",""CMP-20250621-15676"",""CMP-20250628-16077""]",ICICI,savings,Rajasthan,728600.00,15,True
31fd3088-92b6-436a-acff-4d1ab304127a,"[""CMP-20240902-00070"",""CMP-20240909-00390"",""CMP-20240912-00548"",""CMP-20240928-01317"",""CMP-20241008-01808"",""CMP-20241019-02383"",""CMP-20241022-02570"",""CMP-20241026-02752"",""CMP-20241102-03092"",""CMP-20241119-03987"",""CMP-20241221-05661"",""CMP-20250115-06942"",""CMP-20250122-07339"",""CMP-20250303-09494"",""CMP-20250402-11176"",""CMP-20250404-11272"",""CMP-20250405-11374"",""CMP-20250426-12537"",""CMP-20250505-13015"",""CMP-20250525-14148"",""CMP-20250608-14994"",""CMP-20250627-16058"",""CMP-20250628-16128"",""CMP-20250717-17256"",""CMP-20250813-18812"",""CMP-20250817-19083"",""CMP-20250819-19184""]",ICICI,savings,Rajasthan,1135400.00,27,True
a03368e1-318f-4de3-ada9-0aa32cfe062d,"[""CMP-20240929-01396"",""CMP-20241006-01726"",""CMP-20241006-01776"",""CMP-20241108-03435"",""CMP-20241112-03610"",""CMP-20241210-05061"",""CMP-20241231-06177"",""CMP-20250103-06283"",""CMP-20250115-06947"",""CMP-20250221-08935"",""CMP-20250224-09111"",""CMP-20250319-10354"",""CMP-20250322-10523"",""CMP-20250418-12050"",""CMP-20250423-12344"",""CMP-20250522-13965"",""CMP-20250524-14072"",""CMP-20250701-16281"",""CMP-20250706-16589"",""CMP-20250724-17640"",""CMP-20250804-18333"",""CMP-20250810-18707"",""CMP-20250815-18962""]",SBI,savings,Uttar Pradesh,1212600.00,23,True
dea86e3c-7ee8-4298-afc0-24975fa85889,"[""CMP-20240915-00694"",""CMP-20240928-01351"",""CMP-20241130-04560"",""CMP-20241201-04628"",""CMP-20241201-04651"",""CMP-20250110-06647"",""CMP-20250212-08469"",""CMP-20250302-09418"",""CMP-20250323-10628"",""CMP-20250508-13118"",""CMP-20250511-13323"",""CMP-20250511-13373"",""CMP-20250521-13929"",""CMP-20250618-15549"",""CMP-20250627-16019"",""CMP-20250705-16516"",""CMP-20250728-17891"",""CMP-20250729-17964"",""CMP-20250816-19052"",""CMP-20250820-19234"",""CMP-20250824-19539""]",SBI,savings,Jharkhand,813000.00,21,True
4de62db0-cecf-4311-aed0-287ddbb02c25,"[""CMP-20240904-00181"",""CMP-20240925-01180"",""CMP-20241004-01617"",""CMP-20241111-03596"",""CMP-20241130-04564"",""CMP-20241214-05233"",""CMP-20241215-05370"",""CMP-20250110-06662"",""CMP-20250126-07590"",""CMP-20250218-08791"",""CMP-20250223-09030"",""CMP-20250331-11055"",""CMP-20250331-11065"",""CMP-20250405-11312"",""CMP-20250424-12409"",""CMP-20250428-12614"",""CMP-20250514-13493"",""CMP-20250517-13654"",""CMP-20250613-15268"",""CMP-20250628-16094"",""CMP-20250710-16846"",""CMP-20250714-17075"",""CMP-20250715-17120"",""CMP-20250715-17134"",""CMP-20250717-17219"",""CMP-20250803-18301"",""CMP-20250817-19106"",""CMP-20250817-19122"",""CMP-20250825-19569"",""CMP-20250828-19751""]",Axis Bank,savings,Tamil Nadu,1669100.00,30,True
228a1ff2-ac8f-4eea-ae34-f4bb86c5ce25,"[""CMP-20240930-01428"",""CMP-20241002-01513"",""CMP-20241116-03849"",""CMP-20241201-04641"",""CMP-20241203-04708"",""CMP-20250105-06445"",""CMP-20250113-06850"",""CMP-20250119-07174"",""CMP-20250119-07217"",""CMP-20250131-07827"",""CMP-20250219-08827"",""CMP-20250222-08983"",""CMP-20250412-11725"",""CMP-20250509-13194"",""CMP-20250518-13765"",""CMP-20250518-13775"",""CMP-20250608-14942"",""CMP-20250609-15035"",""CMP-20250708-16705"",""CMP-20250804-18315"",""CMP-20250811-18754""]",SBI,savings,Tamil Nadu,1064100.00,21,True
1b8084f0-32c8-4125-aca7-23e655d8f21d,"[""CMP-20240907-00294"",""CMP-20240913-00573"",""CMP-20241012-02070"",""CMP-20241116-03821"",""CMP-20241221-05612"",""CMP-20241227-05954"",""CMP-20250114-06934"",""CMP-20250126-07561"",""CMP-20250128-07673"",""CMP-20250328-10882"",""CMP-20250417-12004"",""CMP-20250426-12516"",""CMP-20250517-13682"",""CMP-20250526-14210"",""CMP-20250802-18177"",""CMP-20250804-18343""]",Axis Bank,savings,Uttar Pradesh,730200.00,16,True
cbc01a6b-e3de-48b7-ab0e-4a96ed7c96fd,"[""CMP-20240909-00400"",""CMP-20241207-04906"",""CMP-20241229-06103"",""CMP-20250104-06353"",""CMP-20250123-07370"",""CMP-20250123-07411"",""CMP-20250308-09733"",""CMP-20250326-10773"",""CMP-20250419-12084"",""CMP-20250807-18463"",""CMP-20250814-18869""]",Paytm Payments Bank,wallet,West Bengal,246900.00,11,True
af7d000f-6d56-4174-a371-2d6fc0598d04,"[""CMP-20241001-01487"",""CMP-20241002-01515"",""CMP-20241003-01550"",""CMP-20241022-02560"",""CMP-20241121-04082"",""CMP-20241127-04426"",""CMP-20250201-07863"",""CMP-20250216-08665"",""CMP-20250417-11968"",""CMP-20250601-14532"",""CMP-20250607-14895"",""CMP-20250714-17086"",""CMP-20250724-17658"",""CMP-20250730-18020"",""CMP-20250820-19244""]",Axis Bank,savings,Jharkhand,866700.00,15,True
6b2237af-c355-4068-ae5f-d8ea9ff0d555,"[""CMP-20240911-00497"",""CMP-20241012-02076"",""CMP-20241109-03481"",""CMP-20241209-05041"",""CMP-20241216-05418"",""CMP-20250115-06949"",""CMP-20250116-06986"",""CMP-20250207-08177"",""CMP-20250215-08593"",""CMP-20250228-09288"",""CMP-20250423-12339"",""CMP-20250425-12424"",""CMP-20250620-15646"",""CMP-20250805-18376"",""CMP-20250815-18965""]",Indian Bank,savings,Karnataka,828700.00,15,True
05a45e56-1ca0-4f1e-a0b1-1bda06388c2c,"[""CMP-20240920-00882"",""CMP-20240923-01086"",""CMP-20241013-02088"",""CMP-20241021-02528"",""CMP-20250104-06370"",""CMP-20250127-07639"",""CMP-20250131-07799"",""CMP-20250223-09043"",""CMP-20250311-09936"",""CMP-20250608-14948"",""CMP-20250608-14953"",""CMP-20250621-15693"",""CMP-20250621-15704"",""CMP-20250627-16009"",""CMP-20250813-18809"",""CMP-20250823-19406"",""CMP-20250829-19814""]",SBI,savings,Rajasthan,736400.00,17,True
b1d75059-f41a-4c0e-adad-f46cc5cbace6,"[""CMP-20240922-01024"",""CMP-20241022-02540"",""CMP-20241026-02736"",""CMP-20241109-03455"",""CMP-20241113-03682"",""CMP-20241205-04812"",""CMP-20250101-06234"",""CMP-20250126-07553"",""CMP-20250213-08484"",""CMP-20250215-08656"",""CMP-20250315-10105"",""CMP-20250415-11856"",""CMP-20250418-12007"",""CMP-20250517-13700"",""CMP-20250519-13804"",""CMP-20250519-13816"",""CMP-20250618-15524"",""CMP-20250620-15596"",""CMP-20250621-15667"",""CMP-20250717-17226"",""CMP-20250718-17323"",""CMP-20250722-17569"",""CMP-20250730-17990"",""CMP-20250810-18699"",""CMP-20250819-19218"",""CMP-20250823-19432"",""CMP-20250828-19713""]",Bank of Baroda,savings,Uttar Pradesh,1803200.00,27,False
a5c77268-2cc8-4335-adf5-0bec6e3ad284,"[""CMP-20241002-01519"",""CMP-20241008-01830"",""CMP-20241022-02532"",""CMP-20241102-03096"",""CMP-20241115-03809"",""CMP-20241227-05974"",""CMP-20250108-06579"",""CMP-20250113-06886"",""CMP-20250124-07428"",""CMP-20250127-07636"",""CMP-20250317-10245"",""CMP-20250325-10706"",""CMP-20250503-12863"",""CMP-20250702-16385"",""CMP-20250712-16930"",""CMP-20250725-17723"",""CMP-20250730-18038"",""CMP-20250814-18864"",""CMP-20250815-18969"",""CMP-20250826-19633""]",Axis Bank,savings,Uttar Pradesh,742700.00,20,True
b6d764c1-74f7-4be6-a914-5a87de04f4d4,"[""CMP-20240901-00033"",""CMP-20240911-00471"",""CMP-20241021-02508"",""CMP-20241110-03508"",""CMP-20241126-04391"",""CMP-20241210-05058"",""CMP-20250204-08045"",""CMP-20250221-08953"",""CMP-20250310-09897"",""CMP-20250331-11072"",""CMP-20250406-11423"",""CMP-20250420-12215"",""CMP-20250423-12350"",""CMP-20250423-12354"",""CMP-20250507-13112"",""CMP-20250704-16485"",""CMP-20250719-17350"",""CMP-20250814-18873"",""CMP-20250815-18947"",""CMP-20250821-19278"",""CMP-20250830-19863""]",Airtel Payments Bank,wallet,Jharkhand,813300.00,21,True
23630e3d-b2ac-4a75-a49d-1f1f4d79af48,"[""CMP-20240907-00281"",""CMP-20240924-01119"",""CMP-20240928-01308"",""CMP-20241114-03748"",""CMP-20241117-03867"",""CMP-20241214-05288"",""CMP-20250102-06263"",""CMP-20250119-07175"",""CMP-20250123-07373"",""CMP-20250126-07552"",""CMP-20250301-09335"",""CMP-20250413-11762"",""CMP-20250503-12871"",""CMP-20250508-13127"",""CMP-20250717-17244""]",Airtel Payments Bank,savings,Rajasthan,465600.00,15,True
30b0eec7-a197-4f49-ac90-29177f8a1dd0,"[""CMP-20241012-02046"",""CMP-20241023-02582"",""CMP-20241027-02827"",""CMP-20241210-05048"",""CMP-20241211-05111"",""CMP-20250101-06210"",""CMP-20250411-11672"",""CMP-20250418-12037"",""CMP-20250511-13347"",""CMP-20250518-13756"",""CMP-20250525-14188"",""CMP-20250527-14257"",""CMP-20250611-15137"",""CMP-20250628-16098"",""CMP-20250701-16320"",""CMP-20250709-16790"",""CMP-20250717-17234"",""CMP-20250718-17296"",""CMP-20250811-18758"",""CMP-20250829-19812"",""CMP-20250830-19870""]",Bank of Baroda,savings,Tamil Nadu,639700.00,21,True
49916da0-f460-4f73-a504-4201420064b5,"[""CMP-20240924-01140"",""CMP-20241001-01461"",""CMP-20241021-02498"",""CMP-20241210-05050"",""CMP-20241210-05075"",""CMP-20241231-06196"",""CMP-20250112-06807"",""CMP-20250203-07989"",""CMP-20250205-08105"",""CMP-20250208-08262"",""CMP-20250209-08319"",""CMP-20250313-09992"",""CMP-20250404-11298"",""CMP-20250609-15006"",""CMP-20250611-15149"",""CMP-20250619-15557"",""CMP-20250621-15672"",""CMP-20250629-16202"",""CMP-20250711-16920""]",Airtel Payments Bank,savings,Jharkhand,513800.00,19,True
61d16be5-d14e-46df-a704-acbe30a19ff8,"[""CMP-20240912-00524"",""CMP-20240917-00782"",""CMP-20240929-01363"",""CMP-20241007-01804"",""CMP-20241012-02057"",""CMP-20241016-02249"",""CMP-20241026-02739"",""CMP-20241105-03238"",""CMP-20241215-05320"",""CMP-20250113-06866"",""CMP-20250119-07172"",""CMP-20250131-07826"",""CMP-20250206-08127"",""CMP-20250209-08308"",""CMP-20250209-08343"",""CMP-20250217-08768"",""CMP-20250218-08780"",""CMP-20250221-08958"",""CMP-20250224-09100"",""CMP-20250304-09555"",""CMP-20250317-10260"",""CMP-20250405-11336"",""CMP-20250415-11887"",""CMP-20250419-12113"",""CMP-20250509-13226"",""CMP-20250527-14266"",""CMP-20250605-14771"",""CMP-20250625-15936"",""CMP-20250712-16981""]",Indian Bank,savings,Rajasthan,1137800.00,29,True
6f2bfe8f-664a-4785-a11e-1303e39c8215,"[""CMP-20240928-01318"",""CMP-20241206-04863"",""CMP-20241219-05517"",""CMP-20250203-07995"",""CMP-20250216-08712"",""CMP-20250306-09614"",""CMP-20250316-10172"",""CMP-20250321-10481"",""CMP-20250404-11261"",""CMP-20250503-12893"",""CMP-20250509-13167"",""CMP-20250516-13601"",""CMP-20250627-16010"",""CMP-20250702-16357"",""CMP-20250715-17118"",""CMP-20250822-19327""]",Bank of Baroda,savings,Tamil Nadu,780000.00,16,True
ceeef8be-417f-42f2-ae24-e33dce065631,"[""CMP-20240927-01284"",""CMP-20241004-01628"",""CMP-20241005-01670"",""CMP-20241005-01712"",""CMP-20241025-02721"",""CMP-20241101-03034"",""CMP-20241113-03672"",""CMP-20250228-09311"",""CMP-20250302-09457"",""CMP-20250406-11411"",""CMP-20250518-13776"",""CMP-20250522-13946"",""CMP-20250613-15262"",""CMP-20250629-16199"",""CMP-20250718-17297"",""CMP-20250718-17303"",""CMP-20250728-17918"",""CMP-20250809-18622"",""CMP-20250816-19059"",""CMP-20250822-19372""]",Axis Bank,savings,Tamil Nadu,1421800.00,20,True
3b7d046e-75ec-4bf8-aece-5f37bed38e03,"[""CMP-20240907-00284"",""CMP-20240913-00597"",""CMP-20241009-01863"",""CMP-20241029-02881"",""CMP-20241110-03557"",""CMP-20250112-06813"",""CMP-20250203-07998"",""CMP-20250210-08369"",""CMP-20250302-09456"",""CMP-20250304-09551"",""CMP-20250306-09644"",""CMP-20250318-10292"",""CMP-20250321-10431"",""CMP-20250329-10932"",""CMP-20250406-11409"",""CMP-20250511-13359"",""CMP-20250623-15846"",""CMP-20250814-18887""]",Indian Bank,savings,Rajasthan,657700.00,18,True
201c8fd5-cc66-450f-a21d-6556b95eca98,"[""CMP-20240911-00475"",""CMP-20241111-03577"",""CMP-20241113-03673"",""CMP-20241118-03939"",""CMP-20241122-04129"",""CMP-20241129-04505"",""CMP-20250112-06786"",""CMP-20250123-07384"",""CMP-20250208-08224"",""CMP-20250220-08891"",""CMP-20250405-11331"",""CMP-20250625-15914"",""CMP-20250627-16016"",""CMP-20250703-16435"",""CMP-20250706-16642"",""CMP-20250708-16708"",""CMP-20250725-17690"",""CMP-20250824-19470""]",HDFC,savings,Jharkhand,706100.00,18,True
487da859-b4be-4a2a-aa20-cb00390ab94e,"[""CMP-20240904-00145"",""CMP-20241012-02023"",""CMP-20241015-02190"",""CMP-20241207-04913"",""CMP-20241227-05919"",""CMP-20241227-05928"",""CMP-20241228-05991"",""CMP-20250216-08663"",""CMP-20250405-11369"",""CMP-20250412-11719"",""CMP-20250527-14261"",""CMP-20250528-14321"",""CMP-20250704-16475"",""CMP-20250716-17193"",""CMP-20250720-17465"",""CMP-20250722-17561"",""CMP-20250728-17885"",""CMP-20250729-17938"",""CMP-20250801-18111"",""CMP-20250810-18703"",""CMP-20250826-19629"",""CMP-20250831-19971""]",Airtel Payments Bank,savings,Tamil Nadu,713000.00,22,True
d9a86552-8865-416b-a8f7-82b9376ae037,"[""CMP-20240915-00690"",""CMP-20240916-00752"",""CMP-20241014-02165"",""CMP-20241028-02859"",""CMP-20241123-04171"",""CMP-20250202-07926"",""CMP-20250225-09175"",""CMP-20250311-09908"",""CMP-20250321-10469"",""CMP-20250405-11329"",""CMP-20250415-11851"",""CMP-20250617-15486"",""CMP-20250803-18300""]",ICICI,savings,Tamil Nadu,570600.00,13,True
71e1185e-99a1-4e71-a153-e2c5acf6e24e,"[""CMP-20241012-02018"",""CMP-20241123-04228"",""CMP-20241231-06160"",""CMP-20250111-06733"",""CMP-20250131-07800"",""CMP-20250301-09362"",""CMP-20250303-09477"",""CMP-20250409-11534"",""CMP-20250410-11579"",""CMP-20250413-11750"",""CMP-20250602-14600"",""CMP-20250608-14964"",""CMP-20250628-16064"",""CMP-20250709-16794"",""CMP-20250801-18113"",""CMP-20250829-19799"",""CMP-20250831-19953""]",SBI,savings,Uttar Pradesh,807800.00,17,True
5968ed0e-5438-43ca-a14a-d9a562a3a327,"[""CMP-20240921-00946"",""CMP-20241023-02602"",""CMP-20241025-02706"",""CMP-20241126-04374"",""CMP-20241126-04381"",""CMP-20241209-05035"",""CMP-20250326-10744"",""CMP-20250515-13535"",""CMP-20250515-13563"",""CMP-20250623-15834"",""CMP-20250628-16136"",""CMP-20250629-16186"",""CMP-20250706-16591"",""CMP-20250706-16658"",""CMP-20250724-17620""]",HDFC,savings,Uttar Pradesh,660500.00,15,True
bc96e8ba-883e-4fb3-a7ba-f0475dd148a5,"[""CMP-20241002-01542"",""CMP-20241117-03889"",""CMP-20241127-04420"",""CMP-20241220-05554"",""CMP-20241220-05556"",""CMP-20250114-06900"",""CMP-20250212-08450"",""CMP-20250215-08591"",""CMP-20250302-09407"",""CMP-20250311-09928"",""CMP-20250503-12895"",""CMP-20250516-13572"",""CMP-20250608-14984"",""CMP-20250614-15331"",""CMP-20250620-15640"",""CMP-20250713-16999"",""CMP-20250815-18941"",""CMP-20250820-19232""]",Indian Bank,savings,Tamil Nadu,571000.00,18,True
ed428dee-511c-4477-a769-fc66865fb2dd,"[""CMP-20240901-00036"",""CMP-20241026-02772"",""CMP-20250119-07185"",""CMP-20250125-07528"",""CMP-20250126-07573"",""CMP-20250202-07947"",""CMP-20250204-08003"",""CMP-20250220-08878"",""CMP-20250328-10863"",""CMP-20250401-11140"",""CMP-20250411-11632"",""CMP-20250429-12687"",""CMP-20250507-13111"",""CMP-20250611-15116"",""CMP-20250624-15901"",""CMP-20250703-16403"",""CMP-20250727-17824""]",Axis Bank,savings,Rajasthan,683700.00,17,True
c813adf2-c0c3-4df0-ad49-653aa56ca790,"[""CMP-20240901-00014"",""CMP-20241030-02934"",""CMP-20241228-06042"",""CMP-20250110-06667"",""CMP-20250114-06913"",""CMP-20250328-10841"",""CMP-20250402-11168"",""CMP-20250523-14042"",""CMP-20250602-14635"",""CMP-20250708-16711"",""CMP-20250809-18626"",""CMP-20250816-19053"",""CMP-20250829-19808""]",Airtel Payments Bank,wallet,Jharkhand,531300.00,13,True
05adafd0-4af9-4611-a7c4-251c7aef23b4,"[""CMP-20241003-01547"",""CMP-20241011-01956"",""CMP-20250119-07207"",""CMP-20250129-07705"",""CMP-20250209-08290"",""CMP-20250302-09423"",""CMP-20250309-09789"",""CMP-20250314-10062"",""CMP-20250330-11000"",""CMP-20250411-11649"",""CMP-20250418-12045"",""CMP-20250502-12801"",""CMP-20250512-13396"",""CMP-20250521-13899"",""CMP-20250527-14270"",""CMP-20250529-14339"",""CMP-20250618-15522"",""CMP-20250622-15773"",""CMP-20250705-16538"",""CMP-20250823-19439"",""CMP-20250824-19467""]",Canara Bank,savings,Jharkhand,984600.00,21,True
6b6c2f43-60a2-4a5a-a453-c94428e6de30,"[""CMP-20240903-00119"",""CMP-20240921-00964"",""CMP-20240922-01053"",""CMP-20241106-03302"",""CMP-20241126-04355"",""CMP-20241126-04379"",""CMP-20250207-08213"",""CMP-20250309-09835"",""CMP-20250315-10119"",""CMP-20250407-11447"",""CMP-20250521-13893"",""CMP-20250619-15555"",""CMP-20250709-16761"",""CMP-20250713-17007"",""CMP-20250713-17030"",""CMP-20250718-17305"",""CMP-20250824-19473""]",Paytm Payments Bank,savings,West Bengal,792400.00,17,True
de34c532-6f40-4df8-a187-ce351886544a,"[""CMP-20241031-02999"",""CMP-20241102-03072"",""CMP-20241212-05152"",""CMP-20250124-07455"",""CMP-20250208-08280"",""CMP-20250223-09044"",""CMP-20250316-10158"",""CMP-20250322-10543"",""CMP-20250324-10658"",""CMP-20250411-11634"",""CMP-20250425-12433"",""CMP-20250425-12441"",""CMP-20250425-12458"",""CMP-20250429-12651"",""CMP-20250522-13976"",""CMP-20250714-17104"",""CMP-20250721-17514"",""CMP-20250822-19362""]",Bank of Baroda,savings,Uttar Pradesh,669100.00,18,True
535fb9d9-a15b-49a3-a1c3-605c25d800dc,"[""CMP-20241110-03509"",""CMP-20241115-03765"",""CMP-20241214-05300"",""CMP-20250121-07305"",""CMP-20250128-07657"",""CMP-20250221-08905"",""CMP-20250228-09297"",""CMP-20250317-10265"",""CMP-20250401-11101"",""CMP-20250408-11475"",""CMP-20250601-14583"",""CMP-20250617-15496"",""CMP-20250701-16325"",""CMP-20250728-17932""]",ICICI,savings,Rajasthan,411700.00,14,True
8501ce16-7087-4c0f-ae8e-2425dc1ca63a,"[""CMP-20241026-02732"",""CMP-20241130-04556"",""CMP-20241214-05261"",""CMP-20250120-07255"",""CMP-20250411-11667"",""CMP-20250417-11985"",""CMP-20250420-12180"",""CMP-20250523-13996"",""CMP-20250609-15044"",""CMP-20250619-15582"",""CMP-20250702-16341"",""CMP-20250705-16512"",""CMP-20250826-19644""]",ICICI,savings,Jharkhand,356700.00,13,True
d4a458f8-0f35-4051-afcc-31fb9014ff4b,"[""CMP-20241018-02313"",""CMP-20241018-02350"",""CMP-20241030-02919"",""CMP-20241106-03330"",""CMP-20241128-04451"",""CMP-20250202-07933"",""CMP-20250223-09032"",""CMP-20250227-09225"",""CMP-20250503-12899"",""CMP-20250509-13224"",""CMP-20250519-13812"",""CMP-20250613-15239"",""CMP-20250616-15460"",""CMP-20250622-15750"",""CMP-20250727-17829"",""CMP-20250814-18851"",""CMP-20250828-19730"",""CMP-20250830-19882""]",Canara Bank,savings,Jharkhand,712900.00,18,True
0ae0069e-d7b7-4b86-a16e-22c03e60b0db,"[""CMP-20240923-01068"",""CMP-20241003-01556"",""CMP-20241008-01842"",""CMP-20241019-02416"",""CMP-20241025-02708"",""CMP-20241104-03211"",""CMP-20241109-03448"",""CMP-20241122-04149"",""CMP-20241129-04510"",""CMP-20241211-05113"",""CMP-20250212-08468"",""CMP-20250323-10596"",""CMP-20250425-12432"",""CMP-20250527-14232"",""CMP-20250531-14500"",""CMP-20250605-14759"",""CMP-20250605-14766"",""CMP-20250624-15870"",""CMP-20250723-17582"",""CMP-20250810-18657""]",Canara Bank,savings,Jharkhand,917400.00,20,True
b9509263-fddf-4a6b-a2a3-0a01fa6ce9ab,"[""CMP-20240913-00567"",""CMP-20241002-01510"",""CMP-20241005-01672"",""CMP-20241014-02150"",""CMP-20241103-03159"",""CMP-20241201-04635"",""CMP-20241230-06153"",""CMP-20250105-06450"",""CMP-20250218-08778"",""CMP-20250220-08890"",""CMP-20250316-10226"",""CMP-20250523-14024"",""CMP-20250608-14972"",""CMP-20250701-16305"",""CMP-20250704-16457"",""CMP-20250731-18064""]",SBI,savings,Rajasthan,478400.00,16,True
e74318f6-8838-44ee-ae9c-66010321e569,"[""CMP-20240910-00451"",""CMP-20240920-00886"",""CMP-20240930-01433"",""CMP-20241006-01772"",""CMP-20241027-02822"",""CMP-20250119-07184"",""CMP-20250216-08693"",""CMP-20250312-09958"",""CMP-20250320-10400"",""CMP-20250329-10935"",""CMP-20250426-12507"",""CMP-20250504-12972"",""CMP-20250505-13023"",""CMP-20250514-13483"",""CMP-20250520-13865"",""CMP-20250719-17343"",""CMP-20250727-17842"",""CMP-20250815-18945"",""CMP-20250829-19782""]",Bank of Baroda,savings,Uttar Pradesh,814300.00,19,True
ea5f5c52-bb83-4e30-ace1-67b06aa3069d,"[""CMP-20240915-00695"",""CMP-20240927-01244"",""CMP-20240928-01301"",""CMP-20241020-02446"",""CMP-20241130-04610"",""CMP-20241207-04885"",""CMP-20241211-05083"",""CMP-20241227-05932"",""CMP-20250112-06837"",""CMP-20250128-07661"",""CMP-20250208-08219"",""CMP-20250218-08777"",""CMP-20250315-10111"",""CMP-20250319-10310"",""CMP-20250329-10921"",""CMP-20250405-11342"",""CMP-20250409-11529"",""CMP-20250415-11883"",""CMP-20250418-12067"",""CMP-20250428-12620"",""CMP-20250505-13021"",""CMP-20250519-13826"",""CMP-20250601-14534"",""CMP-20250601-14576"",""CMP-20250725-17677"",""CMP-20250729-17940"",""CMP-20250803-18309""]",Axis Bank,savings,Rajasthan,1248300.00,27,True
c2f84328-74fc-4b77-ae1e-85b2758eb166,"[""CMP-20240912-00517"",""CMP-20240921-00962"",""CMP-20241222-05691"",""CMP-20250104-06402"",""CMP-20250112-06819"",""CMP-20250126-07549"",""CMP-20250216-08676"",""CMP-20250219-08835"",""CMP-20250323-10636"",""CMP-20250331-11094"",""CMP-20250612-15182"",""CMP-20250613-15254"",""CMP-20250704-16476"",""CMP-20250713-17000"",""CMP-20250726-17799""]",ICICI,savings,Uttar Pradesh,1218700.00,15,True
206e869f-33c3-4c58-afaf-412dcdc235cc,"[""CMP-20241018-02345"",""CMP-20241027-02833"",""CMP-20241109-03495"",""CMP-20241203-04712"",""CMP-20250121-07312"",""CMP-20250129-07730"",""CMP-20250205-08102"",""CMP-20250214-08546"",""CMP-20250215-08613"",""CMP-20250409-11551"",""CMP-20250504-12968"",""CMP-20250530-14402"",""CMP-20250613-15231"",""CMP-20250704-16471"",""CMP-20250722-17570""]",Airtel Payments Bank,wallet,Uttar Pradesh,843700.00,15,False
3f090cba-7624-4462-a8ba-585e22d7d781,"[""CMP-20250127-07640"",""CMP-20250210-08370"",""CMP-20250312-09984"",""CMP-20250403-11207"",""CMP-20250423-12377"",""CMP-20250525-14139"",""CMP-20250615-15407"",""CMP-20250721-17505""]",Airtel Payments Bank,wallet,Jharkhand,362300.00,8,False
3d542c84-5f2a-4fa5-acfb-f3d94543994b,"[""CMP-20240901-00029"",""CMP-20241001-01456"",""CMP-20241013-02100"",""CMP-20241026-02740"",""CMP-20241223-05753"",""CMP-20250112-06814"",""CMP-20250119-07190"",""CMP-20250221-08936"",""CMP-20250427-12584"",""CMP-20250502-12823"",""CMP-20250528-14286"",""CMP-20250606-14855""]",Paytm Payments Bank,wallet,Uttar Pradesh,433000.00,12,True
19d10bb6-be17-4ca2-a124-f38f7cc4c198,"[""CMP-20241011-01993"",""CMP-20241013-02122"",""CMP-20241128-04461"",""CMP-20241204-04753"",""CMP-20241215-05331"",""CMP-20241215-05371"",""CMP-20241228-06022"",""CMP-20250109-06625"",""CMP-20250111-06764"",""CMP-20250216-08669"",""CMP-20250328-10880"",""CMP-20250426-12518"",""CMP-20250511-13313"",""CMP-20250525-14128"",""CMP-20250607-14932"",""CMP-20250705-16575""]",SBI,savings,Jharkhand,1031000.00,16,True
ebb373fe-ec7e-4816-a0e1-274b165bb25d,"[""CMP-20240903-00128"",""CMP-20240914-00649"",""CMP-20241010-01930"",""CMP-20241014-02157"",""CMP-20241110-03550"",""CMP-20241124-04234"",""CMP-20241214-05255"",""CMP-20241222-05679"",""CMP-20250125-07516"",""CMP-20250127-07609"",""CMP-20250128-07649"",""CMP-20250204-08022"",""CMP-20250306-09650"",""CMP-20250327-10788"",""CMP-20250329-10890"",""CMP-20250331-11091"",""CMP-20250423-12374"",""CMP-20250429-12666"",""CMP-20250521-13923"",""CMP-20250524-14078"",""CMP-20250618-15542"",""CMP-20250804-18326"",""CMP-20250805-18375"",""CMP-20250828-19726"",""CMP-20250830-19875""]",SBI,savings,Jharkhand,1915000.00,25,True
13691445-1a63-4e80-ab38-40783f7ba1dc,"[""CMP-20241207-04909"",""CMP-20250106-06512"",""CMP-20250109-06611"",""CMP-20250213-08509"",""CMP-20250325-10729"",""CMP-20250526-14217"",""CMP-20250720-17477"",""CMP-20250816-19040""]",HDFC,savings,Uttar Pradesh,261000.00,8,False
474ad72e-c9bb-405f-aff2-80c17869af2d,"[""CMP-20240923-01063"",""CMP-20241106-03299"",""CMP-20241214-05302"",""CMP-20241222-05687"",""CMP-20250116-06991"",""CMP-20250118-07130"",""CMP-20250130-07741"",""CMP-20250211-08436"",""CMP-20250222-08982"",""CMP-20250316-10180"",""CMP-20250330-10996"",""CMP-20250415-11904"",""CMP-20250504-12997"",""CMP-20250510-13310"",""CMP-20250511-13318"",""CMP-20250607-14889"",""CMP-20250710-16808"",""CMP-20250806-18424"",""CMP-20250831-19956""]",Axis Bank,savings,Jharkhand,1034500.00,19,True
3e7ba0e5-9372-46f5-aa50-5b3700e90be1,"[""CMP-20241004-01634"",""CMP-20241005-01710"",""CMP-20241118-03934"",""CMP-20241207-04924"",""CMP-20241215-05318"",""CMP-20241219-05508"",""CMP-20241224-05787"",""CMP-20250113-06853"",""CMP-20250223-09046"",""CMP-20250428-12619"",""CMP-20250531-14511"",""CMP-20250719-17348"",""CMP-20250807-18484"",""CMP-20250809-18598"",""CMP-20250821-19265"",""CMP-20250826-19642"",""CMP-20250828-19750""]",ICICI,savings,Karnataka,984900.00,17,True
d2347df3-7899-47b3-a66a-740d50d53c31,"[""CMP-20240904-00156"",""CMP-20240908-00328"",""CMP-20240910-00449"",""CMP-20241115-03759"",""CMP-20241118-03933"",""CMP-20241121-04089"",""CMP-20241222-05684"",""CMP-20250107-06526"",""CMP-20250113-06859"",""CMP-20250120-07275"",""CMP-20250302-09446"",""CMP-20250313-10011"",""CMP-20250326-10743"",""CMP-20250407-11462"",""CMP-20250412-11709"",""CMP-20250426-12491"",""CMP-20250704-16443"",""CMP-20250709-16784"",""CMP-20250710-16814"",""CMP-20250717-17239"",""CMP-20250813-18819""]",Indian Bank,savings,Maharashtra,950100.00,21,True
456b847d-f4b3-47c8-abc4-07ef463348f4,"[""CMP-20241024-02668"",""CMP-20241229-06067"",""CMP-20241229-06095"",""CMP-20250105-06409"",""CMP-20250112-06829"",""CMP-20250208-08222"",""CMP-20250719-17379"",""CMP-20250811-18750"",""CMP-20250812-18770"",""CMP-20250814-18877""]",Canara Bank,savings,Rajasthan,292500.00,10,False
2bf5e8dc-03dd-4f54-a750-200e9594d29f,"[""CMP-20240918-00799"",""CMP-20241026-02725"",""CMP-20241101-03039"",""CMP-20241128-04450"",""CMP-20241129-04532"",""CMP-20241206-04836"",""CMP-20241212-05143"",""CMP-20250104-06354"",""CMP-20250225-09147"",""CMP-20250323-10635"",""CMP-20250412-11690"",""CMP-20250510-13274"",""CMP-20250520-13853"",""CMP-20250608-14963"",""CMP-20250624-15880"",""CMP-20250629-16150"",""CMP-20250710-16818"",""CMP-20250720-17442"",""CMP-20250725-17714"",""CMP-20250818-19142"",""CMP-20250822-19347""]",SBI,savings,Uttar Pradesh,831100.00,21,False
ed319e39-5399-4782-aaf0-bb25199b430a,"[""CMP-20241011-01976"",""CMP-20241129-04523"",""CMP-20250302-09409"",""CMP-20250411-11660"",""CMP-20250507-13094"",""CMP-20250530-14404""]",ICICI,savings,Rajasthan,544000.00,6,True
b2842517-a63b-47b2-a242-d318c9d9594c,"[""CMP-20240908-00332"",""CMP-20240913-00605"",""CMP-20240914-00665"",""CMP-20240915-00689"",""CMP-20240915-00697"",""CMP-20240930-01429"",""CMP-20241228-06023"",""CMP-20250118-07150"",""CMP-20250129-07703"",""CMP-20250130-07748"",""CMP-20250306-09617"",""CMP-20250313-10029"",""CMP-20250328-10856"",""CMP-20250401-11131"",""CMP-20250529-14332"",""CMP-20250608-14962"",""CMP-20250628-16104"",""CMP-20250721-17534"",""CMP-20250810-18720"",""CMP-20250819-19181"",""CMP-20250827-19666""]",Paytm Payments Bank,wallet,Jharkhand,995900.00,21,True
2edf665d-a5d6-4159-aff9-c3264ee9a217,"[""CMP-20241028-02850"",""CMP-20241123-04227"",""CMP-20241228-06037"",""CMP-20250127-07618"",""CMP-20250128-07687"",""CMP-20250209-08348"",""CMP-20250301-09394"",""CMP-20250311-09916"",""CMP-20250427-12596"",""CMP-20250516-13624"",""CMP-20250524-14111"",""CMP-20250524-14112"",""CMP-20250601-14567"",""CMP-20250622-15812"",""CMP-20250628-16125"",""CMP-20250724-17641"",""CMP-20250727-17865"",""CMP-20250810-18704""]",Paytm Payments Bank,savings,Jharkhand,527400.00,18,True
15c154e4-93bf-4574-aa49-bd04bc18c1ce,"[""CMP-20250217-08725"",""CMP-20250221-08929"",""CMP-20250317-10228"",""CMP-20250325-10702"",""CMP-20250629-16182"",""CMP-20250803-18239"",""CMP-20250804-18321"",""CMP-20250807-18489"",""CMP-20250808-18566"",""CMP-20250808-18567"",""CMP-20250820-19239""]",Bank of Baroda,savings,Rajasthan,412700.00,11,True
0edcc3db-2eaa-4fe1-ac93-dbd061026eb2,"[""CMP-20240901-00031"",""CMP-20241005-01697"",""CMP-20241026-02751"",""CMP-20241121-04065"",""CMP-20241203-04714"",""CMP-20250131-07808"",""CMP-20250211-08404"",""CMP-20250503-12884"",""CMP-20250511-13336"",""CMP-20250703-16433"",""CMP-20250825-19563""]",Canara Bank,savings,Uttar Pradesh,435400.00,11,False
ace0a715-8bf8-4527-a0af-f64064e44a2c,"[""CMP-20240904-00164"",""CMP-20240913-00576"",""CMP-20241031-03009"",""CMP-20241115-03783"",""CMP-20241128-04432"",""CMP-20241208-04974"",""CMP-20241220-05570"",""CMP-20250211-08428"",""CMP-20250224-09114"",""CMP-20250322-10562"",""CMP-20250419-12108"",""CMP-20250531-14491"",""CMP-20250629-16203"",""CMP-20250730-18040"",""CMP-20250809-18641""]",Bank of Baroda,savings,Jharkhand,727100.00,15,True
8ca6659b-158b-4e8a-aa56-380c704071fd,"[""CMP-20240903-00095"",""CMP-20240910-00457"",""CMP-20240913-00560"",""CMP-20240914-00664"",""CMP-20241105-03275"",""CMP-20241215-05364"",""CMP-20241221-05663"",""CMP-20250127-07635"",""CMP-20250206-08126"",""CMP-20250306-09643"",""CMP-20250307-09671"",""CMP-20250328-10874"",""CMP-20250330-10997"",""CMP-20250516-13598"",""CMP-20250524-14082"",""CMP-20250621-15685"",""CMP-20250713-17035"",""CMP-20250727-17831"",""CMP-20250801-18135"",""CMP-20250817-19067""]",SBI,savings,West Bengal,726000.00,20,True
0da112a6-88a5-4c7f-abe4-39efebf52c20,"[""CMP-20240906-00266"",""CMP-20240913-00589"",""CMP-20241004-01629"",""CMP-20241016-02247"",""CMP-20241022-02564"",""CMP-20241027-02834"",""CMP-20241118-03944"",""CMP-20250130-07779"",""CMP-20250419-12143"",""CMP-20250501-12752"",""CMP-20250513-13460"",""CMP-20250516-13594"",""CMP-20250528-14296"",""CMP-20250614-15284"",""CMP-20250712-16926"",""CMP-20250801-18108""]",Canara Bank,savings,Rajasthan,781700.00,16,True
bfed3fa5-b3d2-4eca-abf4-b77cd6fad7dd,"[""CMP-20240928-01341"",""CMP-20241010-01924"",""CMP-20241114-03702"",""CMP-20241217-05453"",""CMP-20241224-05806"",""CMP-20250110-06677"",""CMP-20250115-06951"",""CMP-20250306-09627"",""CMP-20250310-09867"",""CMP-20250501-12788"",""CMP-20250518-13750"",""CMP-20250610-15094"",""CMP-20250612-15176"",""CMP-20250626-15984""]",Airtel Payments Bank,savings,Karnataka,722200.00,14,True
0ada12aa-3e60-47b2-af73-9c63c950c83e,"[""CMP-20240905-00188"",""CMP-20240907-00296"",""CMP-20241114-03742"",""CMP-20241211-05089"",""CMP-20250122-07351"",""CMP-20250206-08110"",""CMP-20250301-09340"",""CMP-20250301-09383"",""CMP-20250321-10437"",""CMP-20250324-10695"",""CMP-20250419-12095"",""CMP-20250512-13395"",""CMP-20250525-14147"",""CMP-20250530-14414""]",Bank of Baroda,savings,Rajasthan,639500.00,14,True
e3292030-9fc6-4704-a4ef-ce68966d7897,"[""CMP-20240923-01087"",""CMP-20241009-01851"",""CMP-20241019-02398"",""CMP-20241026-02730"",""CMP-20241101-03020"",""CMP-20241109-03482"",""CMP-20241113-03656"",""CMP-20241219-05502"",""CMP-20250209-08329"",""CMP-20250301-09341"",""CMP-20250410-11572"",""CMP-20250427-12569"",""CMP-20250517-13733"",""CMP-20250707-16681"",""CMP-20250708-16751"",""CMP-20250819-19202""]",Canara Bank,savings,Uttar Pradesh,588000.00,16,True
51cbc1f0-2268-494d-a325-c56b05f5c7be,"[""CMP-20240917-00789"",""CMP-20240921-00952"",""CMP-20240925-01192"",""CMP-20241220-05588"",""CMP-20250215-08658"",""CMP-20250325-10730"",""CMP-20250405-11359"",""CMP-20250411-11622"",""CMP-20250517-13662"",""CMP-20250705-16550""]",Axis Bank,savings,Jharkhand,333200.00,10,False
63560b94-2336-491f-afdb-7f24eaade5f6,"[""CMP-20240913-00596"",""CMP-20240918-00801"",""CMP-20241016-02228"",""CMP-20241016-02242"",""CMP-20241127-04393"",""CMP-20241209-05027"",""CMP-20241231-06182"",""CMP-20250320-10403"",""CMP-20250325-10731"",""CMP-20250401-11121"",""CMP-20250429-12681"",""CMP-20250503-12898"",""CMP-20250514-13497"",""CMP-20250608-14976"",""CMP-20250611-15110"",""CMP-20250627-16037"",""CMP-20250630-16269"",""CMP-20250709-16801"",""CMP-20250801-18138""]",Indian Bank,savings,Rajasthan,756500.00,19,False
85e1bd46-b161-4ab6-a91d-212601a2e051,"[""CMP-20241012-02063"",""CMP-20241123-04205"",""CMP-20241224-05775"",""CMP-20250111-06742"",""CMP-20250223-09034"",""CMP-20250319-10326"",""CMP-20250404-11267"",""CMP-20250514-13469"",""CMP-20250625-15940"",""CMP-20250629-16207"",""CMP-20250718-17312"",""CMP-20250726-17789""]",Airtel Payments Bank,wallet,Karnataka,525400.00,12,True
58379704-f124-4d4e-a313-9fab20193504,"[""CMP-20240907-00292"",""CMP-20241008-01828"",""CMP-20241113-03663"",""CMP-20241115-03763"",""CMP-20241205-04811"",""CMP-20241207-04898"",""CMP-20241214-05250"",""CMP-20241220-05576"",""CMP-20250413-11790"",""CMP-20250523-13990"",""CMP-20250603-14692"",""CMP-20250610-15091"",""CMP-20250811-18765"",""CMP-20250814-18859"",""CMP-20250823-19451""]",Axis Bank,savings,Rajasthan,1333500.00,15,True
561842c6-3738-4030-ae6a-846702af356a,"[""CMP-20240902-00064"",""CMP-20241006-01719"",""CMP-20241108-03433"",""CMP-20241128-04475"",""CMP-20241215-05333"",""CMP-20250109-06604"",""CMP-20250127-07611"",""CMP-20250218-08819"",""CMP-20250406-11417"",""CMP-20250519-13850"",""CMP-20250719-17383"",""CMP-20250731-18084"",""CMP-20250801-18110"",""CMP-20250802-18170"",""CMP-20250813-18843"",""CMP-20250828-19760"",""CMP-20250831-19945""]",ICICI,savings,Rajasthan,696400.00,17,True
e5771cd2-87da-4fd1-acf7-2a2e9b9ea2ee,"[""CMP-20241122-04097"",""CMP-20241218-05495"",""CMP-20250128-07690"",""CMP-20250207-08208"",""CMP-20250222-08977"",""CMP-20250228-09300"",""CMP-20250308-09759"",""CMP-20250331-11096"",""CMP-20250413-11776"",""CMP-20250505-13018"",""CMP-20250522-13972"",""CMP-20250525-14133"",""CMP-20250530-14426"",""CMP-20250615-15383"",""CMP-20250710-16807"",""CMP-20250801-18154""]",Axis Bank,savings,Rajasthan,774900.00,16,True
4d8c34e9-5249-4908-ae4b-a81c8a70b3f8,"[""CMP-20240924-01136"",""CMP-20241015-02206"",""CMP-20241030-02949"",""CMP-20250111-06743"",""CMP-20250314-10071"",""CMP-20250405-11317"",""CMP-20250418-12070"",""CMP-20250426-12529"",""CMP-20250616-15446"",""CMP-20250622-15763"",""CMP-20250812-18783"",""CMP-20250819-19209""]",HDFC,savings,Maharashtra,756100.00,12,False
5d0f32d9-ee99-4f6b-ae89-ead31ffe60bc,"[""CMP-20241020-02445"",""CMP-20241107-03369"",""CMP-20241109-03463"",""CMP-20241122-04150"",""CMP-20241210-05070"",""CMP-20241220-05582"",""CMP-20250111-06722"",""CMP-20250124-07454"",""CMP-20250305-09583"",""CMP-20250412-11685"",""CMP-20250423-12370"",""CMP-20250424-12387"",""CMP-20250517-13670"",""CMP-20250601-14520"",""CMP-20250610-15058"",""CMP-20250706-16592"",""CMP-20250722-17543"",""CMP-20250810-18709"",""CMP-20250816-19058"",""CMP-20250826-19619"",""CMP-20250830-19849"",""CMP-20250831-19984""]",HDFC,savings,Tamil Nadu,1169000.00,22,True
6c5e516b-ab7b-4e64-a388-2ec238651d80,"[""CMP-20240929-01414"",""CMP-20240930-01426"",""CMP-20241005-01648"",""CMP-20250221-08926"",""CMP-20250228-09276"",""CMP-20250416-11912"",""CMP-20250505-13029"",""CMP-20250516-13576"",""CMP-20250519-13819"",""CMP-20250520-13870"",""CMP-20250530-14416"",""CMP-20250809-18651""]",Axis Bank,savings,Maharashtra,300000.00,12,True
2f180024-5c35-4d25-a230-402ae6738fc4,"[""CMP-20241001-01454"",""CMP-20241124-04238"",""CMP-20241207-04903"",""CMP-20250126-07596"",""CMP-20250202-07927"",""CMP-20250309-09853"",""CMP-20250427-12577"",""CMP-20250502-12839"",""CMP-20250523-14000"",""CMP-20250625-15913"",""CMP-20250702-16361"",""CMP-20250710-16834"",""CMP-20250712-16927"",""CMP-20250801-18137"",""CMP-20250804-18357""]",HDFC,savings,Rajasthan,476100.00,15,True
213c0f82-a86c-4a3d-a566-d33a6f22cb3f,"[""CMP-20240922-01020"",""CMP-20240928-01336"",""CMP-20241111-03566"",""CMP-20241117-03875"",""CMP-20250114-06932"",""CMP-20250116-06995"",""CMP-20250118-07159"",""CMP-20250204-08029"",""CMP-20250405-11364"",""CMP-20250420-12184"",""CMP-20250618-15539"",""CMP-20250720-17462"",""CMP-20250829-19831""]",Indian Bank,savings,Tamil Nadu,422800.00,13,True
f3b0e9fb-dcd4-4af6-a909-deb9f8c748cd,"[""CMP-20240929-01400"",""CMP-20241123-04162"",""CMP-20241124-04261"",""CMP-20241211-05107"",""CMP-20241223-05758"",""CMP-20241226-05878"",""CMP-20250310-09894"",""CMP-20250313-09995"",""CMP-20250504-12998"",""CMP-20250606-14854"",""CMP-20250627-16047"",""CMP-20250709-16791"",""CMP-20250718-17314""]",Paytm Payments Bank,savings,Uttar Pradesh,891600.00,13,True
3b11eff6-e14e-4cec-a649-6ba357cb58e9,"[""CMP-20241004-01623"",""CMP-20241023-02607"",""CMP-20241103-03143"",""CMP-20241213-05195"",""CMP-20241221-05639"",""CMP-20250127-07627"",""CMP-20250213-08504"",""CMP-20250316-10215"",""CMP-20250319-10335"",""CMP-20250327-10819"",""CMP-20250407-11466"",""CMP-20250411-11637"",""CMP-20250517-13702"",""CMP-20250517-13728"",""CMP-20250525-14179"",""CMP-20250611-15125"",""CMP-20250622-15790"",""CMP-20250808-18562"",""CMP-20250815-18913"",""CMP-20250824-19529"",""CMP-20250829-19781""]",Axis Bank,savings,Uttar Pradesh,1187900.00,21,True
35dd0bdd-83db-4989-aa95-63ae5cbb55a7,"[""CMP-20241010-01907"",""CMP-20241018-02333"",""CMP-20241024-02637"",""CMP-20241116-03851"",""CMP-20241122-04144"",""CMP-20241124-04272"",""CMP-20250109-06621"",""CMP-20250111-06724"",""CMP-20250115-06957"",""CMP-20250222-08974"",""CMP-20250420-12185"",""CMP-20250522-13942"",""CMP-20250530-14384"",""CMP-20250609-15008"",""CMP-20250706-16629"",""CMP-20250731-18072""]",Indian Bank,savings,Rajasthan,945200.00,16,True
b59c8d80-9918-41a8-ad88-a93065383ef6,"[""CMP-20240923-01076"",""CMP-20241103-03140"",""CMP-20241103-03176"",""CMP-20241225-05871"",""CMP-20250123-07414"",""CMP-20250216-08679"",""CMP-20250322-10522"",""CMP-20250420-12152"",""CMP-20250420-12207"",""CMP-20250611-15114"",""CMP-20250615-15368"",""CMP-20250727-17821"",""CMP-20250728-17892""]",ICICI,savings,Tamil Nadu,862300.00,13,True
876e10c8-4552-4b00-a112-8a405aa0d75d,"[""CMP-20240921-00974"",""CMP-20240927-01295"",""CMP-20241016-02224"",""CMP-20241208-04982"",""CMP-20241214-05260"",""CMP-20250106-06511"",""CMP-20250110-06704"",""CMP-20250310-09866"",""CMP-20250319-10349"",""CMP-20250401-11114"",""CMP-20250403-11237"",""CMP-20250606-14811"",""CMP-20250617-15479"",""CMP-20250622-15749"",""CMP-20250711-16912"",""CMP-20250805-18404"",""CMP-20250822-19309"",""CMP-20250830-19858"",""CMP-20250831-19927""]",Canara Bank,savings,Rajasthan,780900.00,19,True
35b8f097-222a-4693-aeca-fb2b40670f6e,"[""CMP-20240906-00224"",""CMP-20241013-02090"",""CMP-20241103-03179"",""CMP-20250104-06366"",""CMP-20250125-07544"",""CMP-20250209-08325"",""CMP-20250214-08566"",""CMP-20250217-08729"",""CMP-20250221-08932"",""CMP-20250224-09132"",""CMP-20250515-13539"",""CMP-20250516-13569"",""CMP-20250517-13665"",""CMP-20250627-16020"",""CMP-20250705-16539"",""CMP-20250714-17076"",""CMP-20250813-18837"",""CMP-20250824-19504"",""CMP-20250826-19645""]",Axis Bank,savings,Tamil Nadu,972800.00,19,True
d2fcf851-448b-4c86-a36f-5243283c06a5,"[""CMP-20240902-00068"",""CMP-20241111-03608"",""CMP-20250201-07876"",""CMP-20250203-07996"",""CMP-20250303-09465"",""CMP-20250322-10532"",""CMP-20250322-10561"",""CMP-20250516-13574"",""CMP-20250602-14599"",""CMP-20250622-15789"",""CMP-20250808-18557"",""CMP-20250816-19038"",""CMP-20250823-19408""]",HDFC,savings,Uttar Pradesh,552400.00,13,True
4f57308b-5fb4-4e24-a32b-386c6a77e9dd,"[""CMP-20240930-01438"",""CMP-20241013-02099"",""CMP-20241017-02283"",""CMP-20241027-02798"",""CMP-20250114-06907"",""CMP-20250208-08216"",""CMP-20250321-10486"",""CMP-20250402-11153"",""CMP-20250415-11868"",""CMP-20250527-14262"",""CMP-20250618-15538"",""CMP-20250619-15561"",""CMP-20250710-16838"",""CMP-20250721-17498"",""CMP-20250731-18075"",""CMP-20250801-18101"",""CMP-20250831-19961""]",Canara Bank,savings,Tamil Nadu,779700.00,17,True
47bfc8d4-de2a-497e-a7f5-c29bce657f36,"[""CMP-20241113-03655"",""CMP-20241212-05141"",""CMP-20241220-05551"",""CMP-20250102-06258"",""CMP-20250123-07376"",""CMP-20250412-11713"",""CMP-20250528-14291"",""CMP-20250608-14944"",""CMP-20250612-15172"",""CMP-20250627-16023"",""CMP-20250702-16335"",""CMP-20250808-18563"",""CMP-20250822-19315""]",Airtel Payments Bank,wallet,Tamil Nadu,645200.00,13,True
a0c15cf0-08ff-48d5-a125-c18dcae9ccea,"[""CMP-20241013-02120"",""CMP-20241104-03207"",""CMP-20241219-05520"",""CMP-20250105-06410"",""CMP-20250216-08668"",""CMP-20250307-09709"",""CMP-20250326-10775"",""CMP-20250328-10834"",""CMP-20250330-10985"",""CMP-20250402-11188"",""CMP-20250425-12447"",""CMP-20250607-14922"",""CMP-20250614-15324"",""CMP-20250708-16750"",""CMP-20250817-19092""]",Canara Bank,savings,Jharkhand,624300.00,15,True
a6439b36-90ab-4d99-a6c0-b4ebaf229c9b,"[""CMP-20241023-02614"",""CMP-20241111-03571"",""CMP-20241113-03697"",""CMP-20241128-04431"",""CMP-20241205-04783"",""CMP-20241208-04972"",""CMP-20241214-05287"",""CMP-20250212-08464"",""CMP-20250219-08851"",""CMP-20250224-09095"",""CMP-20250412-11692"",""CMP-20250429-12689"",""CMP-20250523-14031"",""CMP-20250727-17860"",""CMP-20250806-18440"",""CMP-20250810-18718""]",Paytm Payments Bank,wallet,Jharkhand,724000.00,16,True
b7e5b3fd-c530-41d5-a621-ef126a449510,"[""CMP-20240925-01151"",""CMP-20240928-01298"",""CMP-20240930-01437"",""CMP-20241027-02825"",""CMP-20241104-03219"",""CMP-20250103-06322"",""CMP-20250310-09861"",""CMP-20250318-10273"",""CMP-20250518-13748"",""CMP-20250625-15928"",""CMP-20250706-16631"",""CMP-20250706-16637"",""CMP-20250710-16871"",""CMP-20250831-19967""]",SBI,savings,Jharkhand,598100.00,14,True
2ec43041-6570-42db-ab79-2d5389c5ecb6,"[""CMP-20241009-01869"",""CMP-20250114-06898"",""CMP-20250119-07223"",""CMP-20250313-10006"",""CMP-20250601-14560"",""CMP-20250609-15039"",""CMP-20250618-15530"",""CMP-20250630-16276"",""CMP-20250718-17310"",""CMP-20250727-17862""]",ICICI,savings,Tamil Nadu,361100.00,10,False
622ec7f1-0f6f-48f7-a9f3-73430138ce8e,"[""CMP-20240910-00429"",""CMP-20240914-00613"",""CMP-20240915-00677"",""CMP-20241002-01498"",""CMP-20241018-02342"",""CMP-20241022-02561"",""CMP-20241118-03959"",""CMP-20241126-04375"",""CMP-20241224-05824"",""CMP-20241226-05904"",""CMP-20250102-06265"",""CMP-20250112-06842"",""CMP-20250209-08317"",""CMP-20250213-08517"",""CMP-20250315-10117"",""CMP-20250501-12786"",""CMP-20250503-12879"",""CMP-20250603-14678"",""CMP-20250607-14916"",""CMP-20250713-17041"",""CMP-20250725-17679"",""CMP-20250729-17969"",""CMP-20250816-19018""]",Bank of Baroda,savings,Rajasthan,1357500.00,23,True
ad456610-5afd-4893-a311-d1b40133f1c5,"[""CMP-20240926-01219"",""CMP-20240927-01257"",""CMP-20240927-01265"",""CMP-20241003-01573"",""CMP-20241008-01817"",""CMP-20241112-03609"",""CMP-20241121-04069"",""CMP-20241123-04216"",""CMP-20241128-04471"",""CMP-20241129-04511"",""CMP-20250217-08733"",""CMP-20250218-08806"",""CMP-20250401-11108"",""CMP-20250418-12063"",""CMP-20250419-12119"",""CMP-20250523-14005"",""CMP-20250711-16903"",""CMP-20250813-18823""]",Airtel Payments Bank,savings,Jharkhand,660300.00,18,True
435d28ea-51c1-469c-a8e4-5a12a673e963,"[""CMP-20240919-00853"",""CMP-20240926-01227"",""CMP-20241006-01774"",""CMP-20241105-03268"",""CMP-20250103-06284"",""CMP-20250114-06888"",""CMP-20250118-07143"",""CMP-20250207-08179"",""CMP-20250209-08298"",""CMP-20250216-08719"",""CMP-20250311-09925"",""CMP-20250322-10536"",""CMP-20250420-12178"",""CMP-20250514-13490"",""CMP-20250518-13763"",""CMP-20250530-14375"",""CMP-20250621-15732"",""CMP-20250809-18588"",""CMP-20250824-19508""]",Bank of Baroda,savings,Rajasthan,628500.00,19,True
8579fa57-ec17-459c-ab77-a593c5922a82,"[""CMP-20241112-03638"",""CMP-20241123-04196"",""CMP-20241202-04671"",""CMP-20250207-08191"",""CMP-20250225-09158"",""CMP-20250302-09416"",""CMP-20250408-11501"",""CMP-20250526-14195"",""CMP-20250527-14252"",""CMP-20250719-17366"",""CMP-20250723-17591"",""CMP-20250807-18462"",""CMP-20250810-18695""]",Indian Bank,savings,Uttar Pradesh,560400.00,13,True
4ad463c4-dd1c-46ea-aa2b-5ac8e3e85657,"[""CMP-20241020-02471"",""CMP-20241024-02657"",""CMP-20241228-06028"",""CMP-20250405-11309"",""CMP-20250405-11316"",""CMP-20250413-11761"",""CMP-20250519-13849"",""CMP-20250711-16917""]",Bank of Baroda,savings,Jharkhand,461300.00,8,True
7aa8986b-f5d9-4cd2-ab74-cb38521aaf03,"[""CMP-20241112-03637"",""CMP-20241229-06074"",""CMP-20250125-07533"",""CMP-20250201-07853"",""CMP-20250303-09503"",""CMP-20250308-09719"",""CMP-20250319-10347"",""CMP-20250406-11412"",""CMP-20250410-11582"",""CMP-20250423-12359"",""CMP-20250424-12403"",""CMP-20250502-12841"",""CMP-20250518-13779"",""CMP-20250523-14053"",""CMP-20250603-14648"",""CMP-20250603-14672"",""CMP-20250616-15452"",""CMP-20250704-16504"",""CMP-20250719-17401"",""CMP-20250816-19003"",""CMP-20250831-19949""]",Bank of Baroda,savings,Maharashtra,669100.00,21,True
ccdfd648-1816-4034-aa74-9a3f7295bdfa,"[""CMP-20240921-00947"",""CMP-20241112-03649"",""CMP-20241113-03694"",""CMP-20241220-05539"",""CMP-20241229-06084"",""CMP-20250207-08163"",""CMP-20250314-10069"",""CMP-20250519-13807"",""CMP-20250528-14275"",""CMP-20250530-14393"",""CMP-20250609-15049"",""CMP-20250622-15765"",""CMP-20250626-15974"",""CMP-20250807-18499""]",Axis Bank,savings,Jharkhand,493800.00,14,True
b36cb6a7-6540-4ac0-aeff-5fca97ec5b16,"[""CMP-20240902-00067"",""CMP-20241013-02111"",""CMP-20241025-02675"",""CMP-20241108-03423"",""CMP-20241228-06032"",""CMP-20250114-06926"",""CMP-20250427-12562"",""CMP-20250517-13685"",""CMP-20250730-18042""]",Paytm Payments Bank,wallet,West Bengal,245800.00,9,True
782caed4-95b0-4dbe-ae9d-69fd0670f6c2,"[""CMP-20241004-01596"",""CMP-20241006-01771"",""CMP-20241205-04800"",""CMP-20241225-05842"",""CMP-20250130-07782"",""CMP-20250211-08409"",""CMP-20250307-09683"",""CMP-20250322-10526"",""CMP-20250402-11169"",""CMP-20250628-16115"",""CMP-20250719-17378"",""CMP-20250723-17597"",""CMP-20250803-18291"",""CMP-20250821-19292"",""CMP-20250821-19297""]",Airtel Payments Bank,wallet,Rajasthan,707700.00,15,True
78f41a43-fc78-4fd0-a9fe-c677c2d5d472,"[""CMP-20241001-01490"",""CMP-20241005-01702"",""CMP-20241101-03053"",""CMP-20241116-03814"",""CMP-20241124-04282"",""CMP-20241220-05598"",""CMP-20250121-07318"",""CMP-20250309-09831"",""CMP-20250516-13580"",""CMP-20250525-14185"",""CMP-20250626-15987"",""CMP-20250731-18073""]",Canara Bank,savings,Jharkhand,499400.00,12,False
04301890-4707-4b7b-ab0d-880084175aa8,"[""CMP-20240906-00244"",""CMP-20241005-01653"",""CMP-20241104-03216"",""CMP-20241207-04888"",""CMP-20241221-05652"",""CMP-20250125-07536"",""CMP-20250211-08411"",""CMP-20250216-08701"",""CMP-20250322-10550"",""CMP-20250323-10626"",""CMP-20250329-10952"",""CMP-20250529-14354"",""CMP-20250617-15511"",""CMP-20250718-17292"",""CMP-20250808-18521""]",HDFC,savings,Maharashtra,744700.00,15,False
7eae7b84-bb2c-4a9a-ac9b-9ed8beeefab0,"[""CMP-20240905-00185"",""CMP-20241018-02343"",""CMP-20241213-05192"",""CMP-20241225-05862"",""CMP-20250204-08005"",""CMP-20250218-08785"",""CMP-20250309-09847"",""CMP-20250506-13053"",""CMP-20250731-18068"",""CMP-20250804-18324"",""CMP-20250831-19930""]",Airtel Payments Bank,savings,Rajasthan,416700.00,11,True
53c68fa5-0889-4638-a874-50bbf3a8d803,"[""CMP-20240920-00887"",""CMP-20240925-01164"",""CMP-20241018-02315"",""CMP-20241119-03998"",""CMP-20250213-08515"",""CMP-20250410-11562"",""CMP-20250525-14119"",""CMP-20250629-16181"",""CMP-20250702-16360"",""CMP-20250809-18578""]",Bank of Baroda,savings,West Bengal,297200.00,10,False
4afbea91-857f-4694-a657-ab557a41a098,"[""CMP-20240918-00830"",""CMP-20241017-02268"",""CMP-20241103-03171"",""CMP-20241105-03250"",""CMP-20241117-03906"",""CMP-20241122-04123"",""CMP-20250201-07892"",""CMP-20250215-08592"",""CMP-20250412-11708"",""CMP-20250424-12383"",""CMP-20250503-12916"",""CMP-20250503-12923"",""CMP-20250605-14753"",""CMP-20250608-14947"",""CMP-20250616-15459"",""CMP-20250704-16496"",""CMP-20250821-19276""]",Paytm Payments Bank,wallet,Jharkhand,813200.00,17,False
5f9cde79-8554-47f1-a1d5-32b1a5561737,"[""CMP-20240924-01105"",""CMP-20241010-01901"",""CMP-20241031-03002"",""CMP-20241115-03786"",""CMP-20250101-06203"",""CMP-20250126-07591"",""CMP-20250303-09460"",""CMP-20250304-09524"",""CMP-20250328-10838"",""CMP-20250412-11722"",""CMP-20250513-13467"",""CMP-20250523-13980"",""CMP-20250602-14613"",""CMP-20250718-17293"",""CMP-20250816-18998"",""CMP-20250822-19340"",""CMP-20250823-19421"",""CMP-20250831-19976""]",Airtel Payments Bank,wallet,Rajasthan,462600.00,18,True
04d46a19-41c3-4431-a245-7ee13967715f,"[""CMP-20240926-01228"",""CMP-20250109-06616"",""CMP-20250115-06962"",""CMP-20250116-07018"",""CMP-20250126-07589"",""CMP-20250208-08237"",""CMP-20250221-08911"",""CMP-20250306-09634"",""CMP-20250308-09748"",""CMP-20250406-11392"",""CMP-20250408-11488"",""CMP-20250504-12948"",""CMP-20250516-13620"",""CMP-20250806-18429"",""CMP-20250809-18586"",""CMP-20250816-19051"",""CMP-20250831-19943""]",Canara Bank,savings,Rajasthan,510600.00,17,True
f0c8ceab-dc97-40d3-a2bb-960a30344477,"[""CMP-20241012-02024"",""CMP-20241114-03723"",""CMP-20241206-04867"",""CMP-20241227-05921"",""CMP-20250110-06694"",""CMP-20250305-09568"",""CMP-20250317-10227"",""CMP-20250405-11345"",""CMP-20250406-11429"",""CMP-20250509-13227"",""CMP-20250601-14545"",""CMP-20250625-15942"",""CMP-20250706-16615"",""CMP-20250802-18228""]",Indian Bank,savings,Karnataka,569200.00,14,True
187e2385-dfb2-4895-a52f-ae6c9647542b,"[""CMP-20241011-01955"",""CMP-20241025-02680"",""CMP-20241104-03228"",""CMP-20241229-06101"",""CMP-20250208-08256"",""CMP-20250321-10460"",""CMP-20250430-12718"",""CMP-20250518-13781"",""CMP-20250524-14073"",""CMP-20250527-14246"",""CMP-20250628-16078""]",Canara Bank,savings,Karnataka,693500.00,11,False
156e7685-2f31-402f-a1c2-27196e68447d,"[""CMP-20241004-01595"",""CMP-20241009-01861"",""CMP-20241021-02491"",""CMP-20241028-02868"",""CMP-20241201-04650"",""CMP-20250211-08394"",""CMP-20250704-16497"",""CMP-20250709-16780""]",Airtel Payments Bank,savings,Jharkhand,256100.00,8,False
b2b911c3-d63d-472f-a3d5-f4350ef7492c,"[""CMP-20240902-00072"",""CMP-20240903-00118"",""CMP-20240918-00798"",""CMP-20240920-00908"",""CMP-20241019-02423"",""CMP-20241109-03488"",""CMP-20241116-03818"",""CMP-20241130-04579"",""CMP-20241208-04933"",""CMP-20250205-08078"",""CMP-20250320-10381"",""CMP-20250517-13688"",""CMP-20250528-14280"",""CMP-20250617-15512"",""CMP-20250712-16966"",""CMP-20250726-17795"",""CMP-20250828-19746""]",Canara Bank,savings,Rajasthan,481200.00,17,True
83c46ed1-5332-4f7a-a0e0-62c76a4d14c8,"[""CMP-20240902-00076"",""CMP-20241024-02651"",""CMP-20241208-04937"",""CMP-20250108-06572"",""CMP-20250109-06629"",""CMP-20250201-07883"",""CMP-20250207-08184"",""CMP-20250307-09693"",""CMP-20250322-10546"",""CMP-20250407-11445"",""CMP-20250414-11835"",""CMP-20250419-12117"",""CMP-20250507-13077"",""CMP-20250608-14980"",""CMP-20250617-15489""]",Airtel Payments Bank,savings,Rajasthan,648900.00,15,True
cf09ad59-9860-4668-a851-69c35cdfce48,"[""CMP-20241014-02146"",""CMP-20241123-04229"",""CMP-20241216-05419"",""CMP-20241230-06149"",""CMP-20250114-06936"",""CMP-20250301-09353"",""CMP-20250319-10360"",""CMP-20250402-11186"",""CMP-20250412-11679"",""CMP-20250415-11890"",""CMP-20250504-12949"",""CMP-20250506-13058"",""CMP-20250516-13648"",""CMP-20250518-13778"",""CMP-20250525-14178"",""CMP-20250607-14898"",""CMP-20250709-16789"",""CMP-20250729-17970""]",Bank of Baroda,savings,Rajasthan,797100.00,18,True
59e52bff-5d1a-49e0-ac27-3447a35a2e21,"[""CMP-20241004-01632"",""CMP-20241020-02477"",""CMP-20241205-04790"",""CMP-20250125-07525"",""CMP-20250206-08118"",""CMP-20250222-08976"",""CMP-20250301-09389"",""CMP-20250418-12016"",""CMP-20250513-13468"",""CMP-20250621-15718"",""CMP-20250622-15779"",""CMP-20250624-15864"",""CMP-20250727-17870"",""CMP-20250815-18939""]",ICICI,savings,Jharkhand,644500.00,14,False
6cebf8d3-450b-441f-a2c3-0010e7656695,"[""CMP-20241230-06138"",""CMP-20250107-06532"",""CMP-20250321-10470"",""CMP-20250621-15670"",""CMP-20250621-15738"",""CMP-20250624-15866"",""CMP-20250705-16513"",""CMP-20250804-18361""]",ICICI,savings,Jharkhand,563500.00,8,True
397b46ac-67a9-48ea-afaa-64f0a9a2de1c,"[""CMP-20240920-00889"",""CMP-20240928-01311"",""CMP-20241122-04103"",""CMP-20241231-06170"",""CMP-20250206-08111"",""CMP-20250420-12196"",""CMP-20250421-12262"",""CMP-20250529-14348"",""CMP-20250607-14921"",""CMP-20250710-16811"",""CMP-20250716-17182"",""CMP-20250818-19156"",""CMP-20250821-19280""]",HDFC,savings,Karnataka,372100.00,13,True
de979b63-880b-4306-a44d-f9b328c7cb3b,"[""CMP-20241118-03946"",""CMP-20250103-06324"",""CMP-20250116-07017"",""CMP-20250310-09877"",""CMP-20250405-11352"",""CMP-20250415-11859"",""CMP-20250421-12249"",""CMP-20250511-13354"",""CMP-20250531-14494"",""CMP-20250601-14556"",""CMP-20250630-16257"",""CMP-20250705-16529"",""CMP-20250719-17358"",""CMP-20250727-17810""]",SBI,savings,Uttar Pradesh,678000.00,14,False
55d0af01-8566-4f27-a440-b08490f7bf85,"[""CMP-20240901-00051"",""CMP-20240918-00810"",""CMP-20240919-00848"",""CMP-20241008-01847"",""CMP-20241121-04081"",""CMP-20241124-04293"",""CMP-20241127-04424"",""CMP-20250212-08458"",""CMP-20250306-09649"",""CMP-20250416-11948"",""CMP-20250418-12036"",""CMP-20250522-13941"",""CMP-20250706-16626"",""CMP-20250721-17525""]",SBI,savings,Tamil Nadu,331300.00,14,True
db07952b-8e17-4fe1-ad18-21113aa9c3b3,"[""CMP-20241002-01500"",""CMP-20241011-01995"",""CMP-20241013-02105"",""CMP-20241218-05464"",""CMP-20241231-06162"",""CMP-20250103-06286"",""CMP-20250209-08299"",""CMP-20250209-08313"",""CMP-20250322-10539"",""CMP-20250330-10968"",""CMP-20250420-12193"",""CMP-20250429-12647""]",Airtel Payments Bank,wallet,West Bengal,487800.00,12,True
4f85234a-8625-4bbe-a6fc-1ce75c2d2839,"[""CMP-20241105-03237"",""CMP-20241201-04622"",""CMP-20241218-05497"",""CMP-20250107-06551"",""CMP-20250117-07067"",""CMP-20250211-08430"",""CMP-20250224-09104"",""CMP-20250305-09581"",""CMP-20250509-13184"",""CMP-20250509-13197"",""CMP-20250530-14413"",""CMP-20250601-14526"",""CMP-20250609-15011"",""CMP-20250629-16162""]",Axis Bank,savings,Rajasthan,534300.00,14,False
b2faf16a-f128-44c7-a2fb-0077ad4f2772,"[""CMP-20241024-02622"",""CMP-20241103-03166"",""CMP-20241122-04100"",""CMP-20241221-05642"",""CMP-20250113-06849"",""CMP-20250214-08563"",""CMP-20250307-09707"",""CMP-20250403-11202"",""CMP-20250407-11449"",""CMP-20250409-11541"",""CMP-20250425-12460"",""CMP-20250508-13119"",""CMP-20250510-13257"",""CMP-20250531-14461"",""CMP-20250608-14935"",""CMP-20250625-15925"",""CMP-20250701-16287"",""CMP-20250719-17391"",""CMP-20250730-18041"",""CMP-20250801-18114"",""CMP-20250817-19110"",""CMP-20250823-19448""]",SBI,savings,Jharkhand,1282300.00,22,False
515e7843-916f-4352-a642-2d9ae4164edb,"[""CMP-20241118-03973"",""CMP-20241128-04430"",""CMP-20250104-06379"",""CMP-20250524-14104"",""CMP-20250525-14160"",""CMP-20250606-14814"",""CMP-20250621-15723"",""CMP-20250630-16233"",""CMP-20250803-18253"",""CMP-20250812-18787"",""CMP-20250813-18834""]",Axis Bank,savings,Maharashtra,293700.00,11,True
31e4e06f-9bc5-46e1-ae5a-27ecf4154bdb,"[""CMP-20241017-02274"",""CMP-20241108-03381"",""CMP-20241207-04931"",""CMP-20241223-05756"",""CMP-20250109-06603"",""CMP-20250120-07267"",""CMP-20250414-11830"",""CMP-20250525-14130""]",Airtel Payments Bank,wallet,Uttar Pradesh,267700.00,8,False
c9c00604-8706-4637-a850-938854da9634,"[""CMP-20241028-02864"",""CMP-20241228-06016"",""CMP-20250306-09648"",""CMP-20250324-10682"",""CMP-20250406-11383"",""CMP-20250521-13926"",""CMP-20250623-15828"",""CMP-20250731-18091"",""CMP-20250809-18624"",""CMP-20250815-18952"",""CMP-20250830-19864""]",Canara Bank,savings,Jharkhand,421600.00,11,True
0f042607-3cce-41a9-a05c-338d2bc99df8,"[""CMP-20240916-00724"",""CMP-20240926-01240"",""CMP-20241108-03439"",""CMP-20250327-10786"",""CMP-20250628-16118"",""CMP-20250630-16259"",""CMP-20250701-16322"",""CMP-20250703-16389"",""CMP-20250809-18612"",""CMP-20250815-18908""]",ICICI,savings,Rajasthan,491900.00,10,True
2cd72a04-6696-4399-a2a4-c1d68096306f,"[""CMP-20240901-00015"",""CMP-20240921-00951"",""CMP-20241112-03634"",""CMP-20241223-05762"",""CMP-20250517-13732"",""CMP-20250629-16193"",""CMP-20250707-16687"",""CMP-20250802-18186""]",SBI,savings,West Bengal,243800.00,8,True
cf7f0e97-d250-4944-a98e-460a3fb1e645,"[""CMP-20240920-00920"",""CMP-20241030-02926"",""CMP-20241206-04869"",""CMP-20241210-05053"",""CMP-20250105-06419"",""CMP-20250128-07651"",""CMP-20250226-09215"",""CMP-20250310-09889"",""CMP-20250612-15156"",""CMP-20250708-16725"",""CMP-20250713-17006"",""CMP-20250825-19544""]",Airtel Payments Bank,wallet,Uttar Pradesh,370200.00,12,True
85e09128-2424-41e5-a37f-98647085377c,"[""CMP-20240923-01080"",""CMP-20241018-02318"",""CMP-20241118-03965"",""CMP-20241121-04070"",""CMP-20241122-04138"",""CMP-20241224-05772"",""CMP-20250104-06358"",""CMP-20250123-07416"",""CMP-20250219-08848"",""CMP-20250304-09535"",""CMP-20250330-10991"",""CMP-20250512-13408"",""CMP-20250625-15938"",""CMP-20250630-16267"",""CMP-20250720-17429""]",Airtel Payments Bank,wallet,Karnataka,545600.00,15,True
ed0650d7-eaf5-4ed6-af9a-8eff9bc3c548,"[""CMP-20241008-01832"",""CMP-20241027-02801"",""CMP-20241221-05616"",""CMP-20250119-07206"",""CMP-20250128-07660"",""CMP-20250201-07900"",""CMP-20250213-08483"",""CMP-20250301-09387"",""CMP-20250530-14364"",""CMP-20250730-18037"",""CMP-20250831-19948""]",Paytm Payments Bank,savings,Uttar Pradesh,505400.00,11,True
8f779d7e-2b4e-4495-ab5d-e1a7d872ea85,"[""CMP-20241012-02055"",""CMP-20241128-04437"",""CMP-20241215-05321"",""CMP-20250103-06302"",""CMP-20250108-06587"",""CMP-20250207-08183"",""CMP-20250224-09107"",""CMP-20250302-09410"",""CMP-20250304-09514"",""CMP-20250323-10640"",""CMP-20250509-13220"",""CMP-20250708-16749"",""CMP-20250728-17887"",""CMP-20250802-18188""]",SBI,savings,Maharashtra,323600.00,14,True
61e6926d-c593-402e-ae7a-af326aa33632,"[""CMP-20240920-00933"",""CMP-20240928-01326"",""CMP-20241121-04079"",""CMP-20241206-04864"",""CMP-20241208-04973"",""CMP-20250108-06594"",""CMP-20250118-07103"",""CMP-20250124-07470"",""CMP-20250420-12157"",""CMP-20250427-12589"",""CMP-20250617-15504"",""CMP-20250711-16885"",""CMP-20250806-18435"",""CMP-20250810-18697"",""CMP-20250815-18938""]",ICICI,savings,Maharashtra,970900.00,15,True
91875646-0a28-4b6f-ad73-0852d7745821,"[""CMP-20250221-08943"",""CMP-20250309-09838"",""CMP-20250331-11095"",""CMP-20250515-13536"",""CMP-20250703-16409"",""CMP-20250724-17655""]",Canara Bank,savings,Maharashtra,204600.00,6,False
a4141eee-3438-4d8c-ae49-e55f93f077a4,"[""CMP-20241002-01543"",""CMP-20241007-01798"",""CMP-20250122-07362"",""CMP-20250225-09146"",""CMP-20250226-09202"",""CMP-20250329-10936"",""CMP-20250411-11631"",""CMP-20250419-12078"",""CMP-20250820-19242"",""CMP-20250823-19417""]",SBI,savings,Rajasthan,473700.00,10,False
fb63ecf5-e3e2-4719-a21a-235d7885fb60,"[""CMP-20240910-00434"",""CMP-20240912-00553"",""CMP-20240914-00658"",""CMP-20241014-02160"",""CMP-20241029-02909"",""CMP-20250111-06725"",""CMP-20250216-08691"",""CMP-20250315-10141"",""CMP-20250427-12570""]",ICICI,savings,Jharkhand,479700.00,9,False
c7fed95e-1565-4a15-a986-6103d83c3b7a,"[""CMP-20240919-00846"",""CMP-20241012-02035"",""CMP-20241107-03366"",""CMP-20250330-11035"",""CMP-20250418-12032"",""CMP-20250418-12062"",""CMP-20250502-12822"",""CMP-20250511-13362"",""CMP-20250524-14068""]",HDFC,savings,Jharkhand,435700.00,9,False
5d998982-cf3e-49f5-aaf5-7004112d9a63,"[""CMP-20240901-00028"",""CMP-20241116-03833"",""CMP-20250206-08122"",""CMP-20250319-10343"",""CMP-20250321-10444"",""CMP-20250421-12286"",""CMP-20250711-16901""]",Bank of Baroda,savings,Rajasthan,126800.00,7,False
7f8e43fd-ed54-4671-a3dd-02bf9212bead,"[""CMP-20240907-00301"",""CMP-20240914-00673"",""CMP-20241012-02064"",""CMP-20241103-03167"",""CMP-20241125-04338"",""CMP-20241130-04589"",""CMP-20250218-08801"",""CMP-20250226-09203"",""CMP-20250602-14619"",""CMP-20250607-14878"",""CMP-20250615-15380"",""CMP-20250616-15432"",""CMP-20250707-16692"",""CMP-20250708-16741"",""CMP-20250716-17197"",""CMP-20250720-17430"",""CMP-20250728-17904"",""CMP-20250815-18959"",""CMP-20250829-19763"",""CMP-20250831-19994""]",Bank of Baroda,savings,Maharashtra,1226100.00,20,True
b5acff3e-26eb-456f-ab09-1d497c3c97fa,"[""CMP-20240907-00272"",""CMP-20240922-01047"",""CMP-20240925-01183"",""CMP-20250303-09480"",""CMP-20250315-10142"",""CMP-20250406-11430"",""CMP-20250427-12551"",""CMP-20250507-13103"",""CMP-20250513-13441"",""CMP-20250513-13453"",""CMP-20250520-13861"",""CMP-20250604-14699"",""CMP-20250606-14839"",""CMP-20250608-14985""]",HDFC,savings,Jharkhand,586900.00,14,True
e1eb419f-2af2-45e3-a1c8-cbfcdf8e7266,"[""CMP-20241024-02670"",""CMP-20241122-04095"",""CMP-20241201-04663"",""CMP-20250313-10016"",""CMP-20250326-10748"",""CMP-20250629-16213"",""CMP-20250720-17434"",""CMP-20250727-17851""]",Paytm Payments Bank,wallet,Jharkhand,415000.00,8,True
415290d1-6d54-4af2-a7e7-3d2b304fb78d,"[""CMP-20241006-01723"",""CMP-20241021-02512"",""CMP-20241021-02517"",""CMP-20250103-06328"",""CMP-20250131-07844"",""CMP-20250209-08288"",""CMP-20250311-09948"",""CMP-20250421-12283"",""CMP-20250509-13228"",""CMP-20250712-16973"",""CMP-20250817-19126"",""CMP-20250818-19169""]",HDFC,savings,Tamil Nadu,454400.00,12,True
8adc7b5b-51f5-4b25-a8f0-a361e2254fb7,"[""CMP-20240925-01166"",""CMP-20241006-01763"",""CMP-20241104-03224"",""CMP-20241208-04966"",""CMP-20250308-09752"",""CMP-20250313-10032"",""CMP-20250314-10052"",""CMP-20250329-10927"",""CMP-20250412-11718"",""CMP-20250426-12476"",""CMP-20250517-13679"",""CMP-20250523-14041"",""CMP-20250609-15016"",""CMP-20250701-16321"",""CMP-20250705-16523"",""CMP-20250715-17117""]",Axis Bank,savings,Uttar Pradesh,713800.00,16,False
0d7f8b21-4eee-4141-a336-dcf738e39eb6,"[""CMP-20241122-04101"",""CMP-20250114-06935"",""CMP-20250207-08162"",""CMP-20250309-09800"",""CMP-20250509-13216"",""CMP-20250510-13286""]",Canara Bank,savings,Rajasthan,275100.00,6,False
7a33f387-5a3e-4ec6-a05d-cddfcada4876,"[""CMP-20240917-00784"",""CMP-20241201-04618"",""CMP-20250114-06922"",""CMP-20250123-07371"",""CMP-20250314-10084"",""CMP-20250317-10243"",""CMP-20250318-10272"",""CMP-20250527-14249"",""CMP-20250530-14397"",""CMP-20250806-18445"",""CMP-20250816-19011""]",Airtel Payments Bank,savings,Jharkhand,443600.00,11,True
545ea61f-582d-4228-a765-b59dd59726d3,"[""CMP-20241006-01764"",""CMP-20241027-02837"",""CMP-20241208-04940"",""CMP-20250119-07239"",""CMP-20250310-09902"",""CMP-20250416-11928"",""CMP-20250504-12936"",""CMP-20250524-14117"",""CMP-20250704-16465"",""CMP-20250717-17249"",""CMP-20250817-19089"",""CMP-20250830-19861""]",Paytm Payments Bank,wallet,West Bengal,497200.00,12,True
09e1a9d7-efd0-420b-afc3-4b45bea3b4f1,"[""CMP-20240917-00791"",""CMP-20241019-02386"",""CMP-20250121-07296"",""CMP-20250316-10216"",""CMP-20250418-12064"",""CMP-20250502-12836"",""CMP-20250517-13710"",""CMP-20250527-14228"",""CMP-20250527-14234"",""CMP-20250606-14859"",""CMP-20250824-19494""]",SBI,savings,West Bengal,647000.00,11,True
5e694da9-3154-4a6c-a6fb-4b9f34f37999,"[""CMP-20241011-01974"",""CMP-20250125-07538"",""CMP-20250127-07620"",""CMP-20250131-07841"",""CMP-20250330-10999"",""CMP-20250410-11588"",""CMP-20250422-12305"",""CMP-20250615-15382"",""CMP-20250713-17055"",""CMP-20250721-17506"",""CMP-20250817-19114""]",Axis Bank,savings,Tamil Nadu,211300.00,11,True
f3ec250f-ce1b-43df-a318-ead754314309,"[""CMP-20240914-00671"",""CMP-20241001-01481"",""CMP-20241108-03378"",""CMP-20241116-03858"",""CMP-20241206-04818"",""CMP-20241214-05239"",""CMP-20241221-05629"",""CMP-20250218-08807"",""CMP-20250225-09168"",""CMP-20250315-10134"",""CMP-20250603-14682"",""CMP-20250615-15399"",""CMP-20250720-17443""]",Bank of Baroda,savings,Jharkhand,409400.00,13,True
0e5c686c-b224-4f4a-ad4a-0765f06bb21f,"[""CMP-20240902-00063"",""CMP-20240904-00140"",""CMP-20240913-00602"",""CMP-20241002-01526"",""CMP-20241104-03232"",""CMP-20250207-08188"",""CMP-20250222-09003"",""CMP-20250703-16434"",""CMP-20250711-16911"",""CMP-20250712-16991""]",SBI,savings,Jharkhand,685600.00,10,True
fae53802-c674-4522-ada6-8e57e10dcee6,"[""CMP-20240909-00403"",""CMP-20241022-02565"",""CMP-20250101-06212"",""CMP-20250205-08084"",""CMP-20250320-10366"",""CMP-20250405-11332"",""CMP-20250504-12932"",""CMP-20250510-13296""]",Indian Bank,savings,Tamil Nadu,547900.00,8,True
1441b922-efb8-478d-a6ad-45fb775dddac,"[""CMP-20240908-00343"",""CMP-20241031-03005"",""CMP-20241207-04895"",""CMP-20241220-05552"",""CMP-20250205-08108"",""CMP-20250215-08628"",""CMP-20250228-09327"",""CMP-20250310-09857"",""CMP-20250321-10416"",""CMP-20250406-11408"",""CMP-20250425-12416"",""CMP-20250714-17081""]",ICICI,savings,Tamil Nadu,625900.00,12,True
d5557f5a-077d-4004-a5d8-9c8a0d5e1222,"[""CMP-20241007-01786"",""CMP-20241026-02760"",""CMP-20241204-04748"",""CMP-20241216-05403"",""CMP-20250330-10976"",""CMP-20250418-12061"",""CMP-20250425-12421"",""CMP-20250508-13152"",""CMP-20250519-13822"",""CMP-20250523-14028"",""CMP-20250613-15260"",""CMP-20250715-17156"",""CMP-20250808-18532"",""CMP-20250816-19032""]",Axis Bank,savings,Tamil Nadu,558700.00,14,True
537f6174-92e0-40b5-a9a7-ed117bab4625,"[""CMP-20241020-02430"",""CMP-20241103-03185"",""CMP-20241112-03635"",""CMP-20241218-05476"",""CMP-20250116-06980"",""CMP-20250315-10101"",""CMP-20250322-10504"",""CMP-20250601-14578"",""CMP-20250705-16583"",""CMP-20250830-19912""]",Airtel Payments Bank,wallet,Jharkhand,737400.00,10,True
bb0817e2-0180-4c37-a053-8a64b886414d,"[""CMP-20241011-01947"",""CMP-20241018-02364"",""CMP-20241128-04444"",""CMP-20241203-04706"",""CMP-20241215-05359"",""CMP-20250213-08508"",""CMP-20250227-09221"",""CMP-20250527-14242"",""CMP-20250623-15825"",""CMP-20250720-17432"",""CMP-20250830-19926""]",Canara Bank,savings,Maharashtra,558200.00,11,True
9fbc5923-00d2-4b77-af45-7f3e622e1029,"[""CMP-20240920-00888"",""CMP-20240926-01201"",""CMP-20241024-02635"",""CMP-20241128-04443"",""CMP-20241205-04769"",""CMP-20241221-05649"",""CMP-20250106-06525"",""CMP-20250217-08741"",""CMP-20250221-08956"",""CMP-20250222-09021"",""CMP-20250228-09294"",""CMP-20250309-09821"",""CMP-20250309-09827"",""CMP-20250503-12901"",""CMP-20250504-12956"",""CMP-20250527-14248""]",Indian Bank,savings,Jharkhand,730600.00,16,True
e6419c33-f694-4f45-a488-e2106f8ffee8,"[""CMP-20240920-00902"",""CMP-20241011-02013"",""CMP-20241018-02321"",""CMP-20241117-03903"",""CMP-20250207-08212"",""CMP-20250213-08499"",""CMP-20250308-09750"",""CMP-20250511-13372"",""CMP-20250609-15052"",""CMP-20250719-17351"",""CMP-20250818-19168""]",HDFC,savings,Karnataka,622200.00,11,True
6d489426-5a66-42f8-a647-ebc82bf9b277,"[""CMP-20240929-01385"",""CMP-20240929-01412"",""CMP-20241129-04530"",""CMP-20241225-05826"",""CMP-20250117-07042"",""CMP-20250312-09990"",""CMP-20250321-10451"",""CMP-20250603-14674"",""CMP-20250709-16756"",""CMP-20250716-17191"",""CMP-20250804-18342"",""CMP-20250815-18963"",""CMP-20250816-19029"",""CMP-20250826-19641""]",ICICI,savings,Tamil Nadu,874900.00,14,True
ce98312a-f842-4759-a752-96ace6bb9636,"[""CMP-20240914-00614"",""CMP-20240918-00804"",""CMP-20250203-07980"",""CMP-20250209-08304"",""CMP-20250317-10237"",""CMP-20250420-12187"",""CMP-20250429-12648"",""CMP-20250504-12992"",""CMP-20250515-13543"",""CMP-20250624-15895"",""CMP-20250625-15952"",""CMP-20250701-16291"",""CMP-20250710-16843"",""CMP-20250727-17816"",""CMP-20250803-18296""]",Bank of Baroda,savings,Karnataka,397500.00,15,True
6feaf8db-d915-42b1-a418-ccf18e3268ce,"[""CMP-20241024-02636"",""CMP-20241029-02911"",""CMP-20250403-11205"",""CMP-20250611-15142"",""CMP-20250616-15435"",""CMP-20250621-15696"",""CMP-20250627-16032"",""CMP-20250628-16091"",""CMP-20250710-16863"",""CMP-20250803-18267"",""CMP-20250809-18599"",""CMP-20250814-18856""]",ICICI,savings,Maharashtra,578100.00,12,True
144e9b86-2c59-4c6f-aea0-d08c87f03e74,"[""CMP-20241113-03654"",""CMP-20241114-03732"",""CMP-20241210-05052"",""CMP-20250117-07049"",""CMP-20250130-07743"",""CMP-20250223-09040"",""CMP-20250224-09126"",""CMP-20250326-10768"",""CMP-20250412-11717"",""CMP-20250421-12272"",""CMP-20250610-15069"",""CMP-20250824-19489""]",Indian Bank,savings,Karnataka,920800.00,12,True
1183bc76-6bf5-498e-a7ce-7ed7ddd24484,"[""CMP-20240920-00918"",""CMP-20240925-01157"",""CMP-20241006-01716"",""CMP-20241012-02069"",""CMP-20241103-03189"",""CMP-20241122-04132"",""CMP-20250209-08318"",""CMP-20250308-09766"",""CMP-20250324-10660"",""CMP-20250325-10741"",""CMP-20250504-12981"",""CMP-20250602-14620"",""CMP-20250614-15286"",""CMP-20250708-16719"",""CMP-20250810-18696""]",Axis Bank,savings,Jharkhand,576500.00,15,True
c6351134-f31a-4c83-a726-dc66fcffb504,"[""CMP-20240908-00341"",""CMP-20240921-00960"",""CMP-20241001-01466"",""CMP-20241001-01479"",""CMP-20241006-01761"",""CMP-20241120-04018"",""CMP-20241125-04339"",""CMP-20250128-07664"",""CMP-20250204-08031"",""CMP-20250224-09103"",""CMP-20250305-09607"",""CMP-20250313-10010"",""CMP-20250316-10183"",""CMP-20250402-11200"",""CMP-20250417-12001"",""CMP-20250510-13271"",""CMP-20250519-13832"",""CMP-20250525-14129"",""CMP-20250616-15413"",""CMP-20250712-16957"",""CMP-20250810-18671""]",Indian Bank,savings,Tamil Nadu,633200.00,21,True
d3ad5391-bd5e-4b07-a278-67a81c61e208,"[""CMP-20240928-01310"",""CMP-20241209-05040"",""CMP-20250115-06954"",""CMP-20250119-07229"",""CMP-20250204-08020"",""CMP-20250517-13718"",""CMP-20250723-17609""]",Axis Bank,savings,Jharkhand,208400.00,7,False
a101aa62-9902-4131-ae0c-d18bb301e20c,"[""CMP-20241225-05849"",""CMP-20250318-10299"",""CMP-20250502-12798"",""CMP-20250524-14091"",""CMP-20250602-14590"",""CMP-20250623-15840"",""CMP-20250708-16721"",""CMP-20250713-17056"",""CMP-20250725-17698"",""CMP-20250815-18934""]",SBI,savings,Jharkhand,667600.00,10,True
5eb62aaf-af57-4f9c-ae1d-00d6026de708,"[""CMP-20241020-02469"",""CMP-20241027-02826"",""CMP-20241102-03104"",""CMP-20241103-03142"",""CMP-20241130-04587"",""CMP-20241227-05926"",""CMP-20250509-13173"",""CMP-20250523-14036"",""CMP-20250607-14919"",""CMP-20250724-17635""]",ICICI,savings,Rajasthan,312700.00,10,False
5a6ab7b3-ae45-481a-a4ea-6ea002b900a4,"[""CMP-20240913-00558"",""CMP-20241009-01885"",""CMP-20241016-02223"",""CMP-20241016-02259"",""CMP-20241021-02493"",""CMP-20241113-03678"",""CMP-20241128-04440"",""CMP-20241207-04891"",""CMP-20250104-06356"",""CMP-20250109-06638"",""CMP-20250119-07233"",""CMP-20250128-07668"",""CMP-20250218-08796"",""CMP-20250426-12487"",""CMP-20250603-14690"",""CMP-20250623-15822"",""CMP-20250823-19435"",""CMP-20250828-19753""]",Indian Bank,savings,Karnataka,1052700.00,18,True
15e80b0e-5182-4667-a256-4cfe5c9f6001,"[""CMP-20241015-02197"",""CMP-20241023-02610"",""CMP-20241209-05016"",""CMP-20241231-06191"",""CMP-20250310-09856"",""CMP-20250313-10005"",""CMP-20250725-17702""]",Canara Bank,savings,Uttar Pradesh,278900.00,7,False
a4ed92e6-19cb-4450-a2da-5938b7877416,"[""CMP-20240922-01014"",""CMP-20241005-01667"",""CMP-20241007-01785"",""CMP-20241123-04222"",""CMP-20241226-05877"",""CMP-20241230-06117"",""CMP-20250110-06651"",""CMP-20250118-07123"",""CMP-20250221-08954"",""CMP-20250224-09096"",""CMP-20250611-15146"",""CMP-20250619-15575"",""CMP-20250720-17428"",""CMP-20250730-18024""]",SBI,savings,Tamil Nadu,539900.00,14,True
bc5c6852-cb29-4258-a193-176f397826df,"[""CMP-20241021-02497"",""CMP-20241112-03652"",""CMP-20241228-05986"",""CMP-20250321-10491"",""CMP-20250330-10972"",""CMP-20250417-12003"",""CMP-20250511-13341"",""CMP-20250607-14870"",""CMP-20250616-15450"",""CMP-20250704-16487"",""CMP-20250803-18252""]",Canara Bank,savings,West Bengal,304500.00,11,False
e1a425c7-7491-40f5-adbb-38efabe19cae,"[""CMP-20240920-00890"",""CMP-20240925-01176"",""CMP-20241026-02738"",""CMP-20241028-02874"",""CMP-20241109-03444"",""CMP-20250117-07040"",""CMP-20250402-11167"",""CMP-20250419-12130"",""CMP-20250725-17670"",""CMP-20250804-18334""]",ICICI,savings,Uttar Pradesh,274300.00,10,False
c722996b-5a6f-4d22-a942-0c9165b9dd04,"[""CMP-20241023-02605"",""CMP-20241112-03628"",""CMP-20241214-05253"",""CMP-20241220-05543"",""CMP-20241227-05934"",""CMP-20250105-06429"",""CMP-20250531-14459"",""CMP-20250615-15348"",""CMP-20250709-16776"",""CMP-20250710-16815""]",Axis Bank,savings,Rajasthan,383100.00,10,False
a0449990-1afb-446e-aceb-4d53cea65fbe,"[""CMP-20240922-01001"",""CMP-20240925-01177"",""CMP-20241006-01760"",""CMP-20241106-03301"",""CMP-20250322-10551"",""CMP-20250610-15065"",""CMP-20250617-15472"",""CMP-20250629-16177"",""CMP-20250710-16869"",""CMP-20250830-19878""]",Bank of Baroda,savings,Uttar Pradesh,397300.00,10,False
d77708db-651b-495d-a964-e248eb502ae2,"[""CMP-20241109-03471"",""CMP-20241110-03563"",""CMP-20241129-04518"",""CMP-20241221-05651"",""CMP-20250222-08970"",""CMP-20250227-09229"",""CMP-20250227-09232"",""CMP-20250311-09909"",""CMP-20250317-10251"",""CMP-20250503-12892"",""CMP-20250510-13268""]",Axis Bank,savings,Rajasthan,314800.00,11,True
f98f54fc-085e-4450-abdd-dd730d1844ab,"[""CMP-20240901-00030"",""CMP-20240927-01271"",""CMP-20241118-03963"",""CMP-20241229-06065"",""CMP-20250120-07253"",""CMP-20250404-11300"",""CMP-20250406-11401"",""CMP-20250603-14679"",""CMP-20250626-15958"",""CMP-20250701-16299"",""CMP-20250811-18757"",""CMP-20250823-19419"",""CMP-20250830-19910""]",Indian Bank,savings,West Bengal,554800.00,13,True
db408c39-45ae-4926-ab00-4902574b935e,"[""CMP-20241020-02466"",""CMP-20241102-03101"",""CMP-20241218-05478"",""CMP-20250115-06967"",""CMP-20250217-08724"",""CMP-20250228-09319"",""CMP-20250414-11828"",""CMP-20250429-12653"",""CMP-20250610-15088"",""CMP-20250626-15986"",""CMP-20250627-16017"",""CMP-20250725-17680"",""CMP-20250809-18623""]",Indian Bank,savings,Rajasthan,590500.00,13,True
4d1679b4-027a-4fc9-aaab-46cbdce81932,"[""CMP-20240906-00239"",""CMP-20241213-05217"",""CMP-20241222-05701"",""CMP-20250111-06741"",""CMP-20250308-09783"",""CMP-20250329-10914"",""CMP-20250504-12965"",""CMP-20250616-15437"",""CMP-20250701-16309"",""CMP-20250705-16569"",""CMP-20250718-17338"",""CMP-20250724-17623"",""CMP-20250801-18131"",""CMP-20250822-19326""]",Paytm Payments Bank,savings,Karnataka,1077300.00,14,True
ec1c25ca-85de-4bce-a082-21d86edb2009,"[""CMP-20241006-01717"",""CMP-20250126-07560"",""CMP-20250313-10020"",""CMP-20250326-10778"",""CMP-20250411-11669"",""CMP-20250422-12313"",""CMP-20250511-13377"",""CMP-20250518-13754"",""CMP-20250610-15093"",""CMP-20250716-17157"",""CMP-20250822-19316""]",Canara Bank,savings,Rajasthan,410600.00,11,True
e4197ef0-16f1-444e-a8ac-2d8c3352e644,"[""CMP-20241213-05178"",""CMP-20250109-06613"",""CMP-20250315-10136"",""CMP-20250620-15605"",""CMP-20250622-15774"",""CMP-20250627-16006""]",Indian Bank,savings,Jharkhand,303900.00,6,False
a704f8ee-1ce2-429c-aca7-5eba685bb7ee,"[""CMP-20241031-02981"",""CMP-20241119-04004"",""CMP-20250112-06833"",""CMP-20250312-09975"",""CMP-20250316-10200"",""CMP-20250322-10565"",""CMP-20250515-13528"",""CMP-20250517-13653"",""CMP-20250523-13993"",""CMP-20250524-14085"",""CMP-20250603-14665"",""CMP-20250706-16603"",""CMP-20250804-18340"",""CMP-20250830-19890""]",Airtel Payments Bank,wallet,Uttar Pradesh,827200.00,14,False
b1f63676-e614-470c-a03b-d84355fb4552,"[""CMP-20240908-00336"",""CMP-20240924-01138"",""CMP-20241121-04059"",""CMP-20250101-06208"",""CMP-20250104-06394"",""CMP-20250117-07090"",""CMP-20250208-08278"",""CMP-20250303-09502"",""CMP-20250313-10002"",""CMP-20250316-10164"",""CMP-20250418-12021"",""CMP-20250507-13097"",""CMP-20250602-14631"",""CMP-20250608-14969"",""CMP-20250611-15126"",""CMP-20250629-16147"",""CMP-20250629-16155"",""CMP-20250715-17132""]",Axis Bank,savings,Rajasthan,1142900.00,18,True
b23a75bf-5236-4b8c-a259-462b27171c8c,"[""CMP-20240916-00729"",""CMP-20241214-05244"",""CMP-20250202-07955"",""CMP-20250223-09028"",""CMP-20250302-09427"",""CMP-20250322-10498"",""CMP-20250407-11441"",""CMP-20250430-12735"",""CMP-20250704-16493"",""CMP-20250824-19479""]",Paytm Payments Bank,savings,Uttar Pradesh,398700.00,10,True
ec4f3160-8651-4a9b-ab41-a4c8994e91c9,"[""CMP-20240927-01256"",""CMP-20241002-01523"",""CMP-20241115-03800"",""CMP-20241126-04367"",""CMP-20241230-06127"",""CMP-20250103-06289"",""CMP-20250127-07622"",""CMP-20250208-08226"",""CMP-20250208-08259"",""CMP-20250326-10758"",""CMP-20250327-10787"",""CMP-20250406-11375"",""CMP-20250809-18638"",""CMP-20250820-19233"",""CMP-20250823-19442"",""CMP-20250824-19526""]",Axis Bank,savings,Rajasthan,621900.00,16,True
bed8cf38-be1a-45ca-a4be-8a7fef23430f,"[""CMP-20240910-00452"",""CMP-20241015-02176"",""CMP-20241022-02571"",""CMP-20241115-03784"",""CMP-20241116-03857"",""CMP-20241118-03940"",""CMP-20250322-10520"",""CMP-20250606-14812"",""CMP-20250718-17329"",""CMP-20250823-19391"",""CMP-20250823-19394"",""CMP-20250831-19929""]",Bank of Baroda,savings,Uttar Pradesh,363800.00,12,True
1d0dc025-09f9-4e15-a97e-d236ae8c4d3c,"[""CMP-20240923-01099"",""CMP-20250119-07225"",""CMP-20250316-10163"",""CMP-20250407-11460"",""CMP-20250414-11804"",""CMP-20250525-14138"",""CMP-20250711-16916"",""CMP-20250712-16948""]",Bank of Baroda,savings,Rajasthan,255200.00,8,False
ed078dc7-ff90-47fb-a147-6f3317def812,"[""CMP-20240928-01312"",""CMP-20241015-02192"",""CMP-20241018-02334"",""CMP-20241102-03091"",""CMP-20241128-04467"",""CMP-20241214-05292"",""CMP-20250121-07315"",""CMP-20250208-08266"",""CMP-20250217-08735"",""CMP-20250309-09845"",""CMP-20250417-11986"",""CMP-20250607-14892"",""CMP-20250802-18180"",""CMP-20250806-18430"",""CMP-20250807-18495""]",Paytm Payments Bank,savings,Rajasthan,1245200.00,15,True
8f97560b-03e6-4cb0-aac6-7b85c766d5bf,"[""CMP-20240920-00928"",""CMP-20241001-01467"",""CMP-20241116-03864"",""CMP-20241127-04398"",""CMP-20241216-05415"",""CMP-20250103-06331"",""CMP-20250111-06771"",""CMP-20250415-11888"",""CMP-20250624-15891"",""CMP-20250706-16654""]",ICICI,savings,Maharashtra,529900.00,10,True
7f25f1c6-6afa-473f-a266-5f84dc440951,"[""CMP-20241007-01794"",""CMP-20241123-04226"",""CMP-20241125-04332"",""CMP-20241229-06108"",""CMP-20250131-07839"",""CMP-20250214-08556"",""CMP-20250217-08727"",""CMP-20250401-11135"",""CMP-20250402-11170"",""CMP-20250425-12470"",""CMP-20250426-12527"",""CMP-20250628-16095"",""CMP-20250630-16280"",""CMP-20250819-19192""]",Indian Bank,savings,Tamil Nadu,594100.00,14,True
6a2419a8-dd2c-499b-a5b6-d30d5e18472d,"[""CMP-20240904-00171"",""CMP-20241014-02158"",""CMP-20241026-02747"",""CMP-20241105-03240"",""CMP-20241116-03859"",""CMP-20241117-03888"",""CMP-20250112-06803"",""CMP-20250129-07732"",""CMP-20250517-13659"",""CMP-20250609-15019""]",Axis Bank,savings,Uttar Pradesh,542400.00,10,True
b9a9afec-3dca-4d98-ace8-5fe590c8bebc,"[""CMP-20240913-00555"",""CMP-20241004-01614"",""CMP-20241130-04573"",""CMP-20241211-05090"",""CMP-20241212-05139"",""CMP-20250121-07323"",""CMP-20250124-07446"",""CMP-20250210-08349"",""CMP-20250213-08518"",""CMP-20250302-09419"",""CMP-20250426-12502"",""CMP-20250524-14056"",""CMP-20250803-18294"",""CMP-20250805-18402""]",Bank of Baroda,savings,Karnataka,314300.00,14,False
dda8b0c0-dfbe-45ab-aae5-445929a08ff2,"[""CMP-20241020-02455"",""CMP-20241105-03271"",""CMP-20241229-06109"",""CMP-20250308-09732"",""CMP-20250315-10151"",""CMP-20250322-10560"",""CMP-20250405-11333"",""CMP-20250509-13242"",""CMP-20250517-13709"",""CMP-20250728-17929"",""CMP-20250814-18870"",""CMP-20250824-19525""]",Airtel Payments Bank,wallet,Jharkhand,487600.00,12,True
ec604311-ddee-4d99-a847-27d2f39e2d6f,"[""CMP-20240918-00817"",""CMP-20241019-02395"",""CMP-20241023-02592"",""CMP-20241114-03731"",""CMP-20241116-03819"",""CMP-20241216-05382"",""CMP-20250106-06523"",""CMP-20250125-07540"",""CMP-20250301-09395"",""CMP-20250406-11426"",""CMP-20250501-12756"",""CMP-20250503-12876"",""CMP-20250518-13755"",""CMP-20250602-14621"",""CMP-20250622-15766"",""CMP-20250624-15861"",""CMP-20250727-17854""]",Paytm Payments Bank,wallet,Jharkhand,585400.00,17,True
ce1d0e25-590e-4825-ae86-d873dadb058e,"[""CMP-20241114-03726"",""CMP-20241207-04922"",""CMP-20241225-05844"",""CMP-20250124-07480"",""CMP-20250222-09024"",""CMP-20250415-11892"",""CMP-20250422-12296"",""CMP-20250504-12931"",""CMP-20250624-15902"",""CMP-20250711-16900"",""CMP-20250726-17777""]",Indian Bank,savings,Jharkhand,244300.00,11,True
ae235f89-9018-404a-a8d7-974e83483e03,"[""CMP-20240901-00025"",""CMP-20241106-03320"",""CMP-20241110-03510"",""CMP-20241116-03839"",""CMP-20241129-04507"",""CMP-20250104-06390"",""CMP-20250203-07987"",""CMP-20250212-08451"",""CMP-20250305-09587"",""CMP-20250516-13595"",""CMP-20250615-15397"",""CMP-20250815-18927"",""CMP-20250823-19455""]",SBI,savings,Tamil Nadu,827300.00,13,False
b257266a-2922-4a9a-a7d9-c9ab083c995b,"[""CMP-20241015-02187"",""CMP-20241117-03869"",""CMP-20241206-04820"",""CMP-20250107-06539"",""CMP-20250116-06977"",""CMP-20250117-07051"",""CMP-20250408-11482"",""CMP-20250416-11959"",""CMP-20250419-12114"",""CMP-20250420-12208"",""CMP-20250429-12665"",""CMP-20250629-16206"",""CMP-20250630-16277""]",Paytm Payments Bank,wallet,Tamil Nadu,668500.00,13,True
2b5936a7-424e-48de-adcc-800627d243ca,"[""CMP-20240914-00635"",""CMP-20240924-01132"",""CMP-20241009-01865"",""CMP-20241101-03041"",""CMP-20241105-03280"",""CMP-20241224-05808"",""CMP-20250106-06492"",""CMP-20250205-08054"",""CMP-20250228-09325"",""CMP-20250308-09734"",""CMP-20250510-13305"",""CMP-20250626-15991"",""CMP-20250826-19631""]",HDFC,savings,West Bengal,311600.00,13,True
7c54f143-c05d-48f7-a3f2-411a415114ec,"[""CMP-20240926-01222"",""CMP-20241024-02666"",""CMP-20241028-02840"",""CMP-20241220-05581"",""CMP-20250129-07695"",""CMP-20250207-08155"",""CMP-20250218-08783"",""CMP-20250331-11063"",""CMP-20250415-11875"",""CMP-20250621-15677"",""CMP-20250624-15860"",""CMP-20250706-16648""]",Canara Bank,savings,Rajasthan,233300.00,12,True
059dc68d-c7d1-4313-a428-78e557fc1685,"[""CMP-20241027-02820"",""CMP-20241105-03255"",""CMP-20241117-03873"",""CMP-20250101-06232"",""CMP-20250105-06466"",""CMP-20250105-06467"",""CMP-20250202-07920"",""CMP-20250218-08795"",""CMP-20250226-09201"",""CMP-20250318-10289"",""CMP-20250414-11827"",""CMP-20250712-16964"",""CMP-20250728-17907""]",Indian Bank,savings,Tamil Nadu,509200.00,13,True
a9fcfb8e-611d-4c4c-ab56-cd7233ecbb0e,"[""CMP-20250110-06686"",""CMP-20250129-07740"",""CMP-20250307-09662"",""CMP-20250417-11981"",""CMP-20250418-12066"",""CMP-20250425-12445"",""CMP-20250425-12451"",""CMP-20250429-12664"",""CMP-20250507-13079"",""CMP-20250719-17360"",""CMP-20250825-19579"",""CMP-20250829-19824""]",Axis Bank,savings,Rajasthan,323100.00,12,True
d1e41041-1489-4197-adac-66c8054106e4,"[""CMP-20240917-00781"",""CMP-20250111-06772"",""CMP-20250217-08736"",""CMP-20250412-11701"",""CMP-20250429-12682"",""CMP-20250516-13631"",""CMP-20250627-16054"",""CMP-20250725-17708"",""CMP-20250804-18327""]",Axis Bank,savings,Rajasthan,234200.00,9,False
26701a2b-6bc7-4d76-a1cf-6dc6fff6df3a,"[""CMP-20240906-00242"",""CMP-20240908-00351"",""CMP-20250105-06428"",""CMP-20250201-07887"",""CMP-20250212-08476"",""CMP-20250320-10407"",""CMP-20250419-12147"",""CMP-20250429-12655"",""CMP-20250524-14055"",""CMP-20250626-15957"",""CMP-20250712-16987""]",ICICI,savings,Karnataka,527800.00,11,False
a91e76cb-cf91-4882-ab85-7ebefc5ada91,"[""CMP-20240908-00384"",""CMP-20240922-01041"",""CMP-20241206-04831"",""CMP-20250220-08881"",""CMP-20250405-11325"",""CMP-20250503-12859"",""CMP-20250724-17618""]",Airtel Payments Bank,wallet,Rajasthan,310300.00,7,False
93d65758-25df-4151-a240-471dd0dbc45e,"[""CMP-20240927-01245"",""CMP-20241006-01731"",""CMP-20241106-03326"",""CMP-20241114-03737"",""CMP-20241201-04660"",""CMP-20241223-05750"",""CMP-20250112-06809"",""CMP-20250118-07098"",""CMP-20250128-07658"",""CMP-20250516-13625"",""CMP-20250523-14037"",""CMP-20250525-14184"",""CMP-20250628-16101"",""CMP-20250713-17014""]",SBI,savings,Karnataka,761000.00,14,True
e8f798ad-d262-40e8-a9c3-eb9e0f8193ea,"[""CMP-20241001-01453"",""CMP-20250114-06897"",""CMP-20250313-10025"",""CMP-20250411-11615"",""CMP-20250523-14039"",""CMP-20250625-15923"",""CMP-20250723-17612"",""CMP-20250825-19592""]",Axis Bank,savings,Rajasthan,237700.00,8,True
13db27d2-33f5-4994-a9ff-aa0bf0f9ac71,"[""CMP-20241023-02615"",""CMP-20241026-02773"",""CMP-20241204-04736"",""CMP-20241221-05611"",""CMP-20250214-08585"",""CMP-20250309-09790"",""CMP-20250323-10633"",""CMP-20250511-13339"",""CMP-20250528-14307"",""CMP-20250708-16728"",""CMP-20250806-18425"",""CMP-20250808-18536""]",Bank of Baroda,savings,Rajasthan,273700.00,12,True
478831e4-f698-4a30-ab9d-a9ba6699f87c,"[""CMP-20241023-02620"",""CMP-20241227-05975"",""CMP-20250113-06858"",""CMP-20250223-09087"",""CMP-20250308-09782"",""CMP-20250416-11918"",""CMP-20250611-15129"",""CMP-20250811-18747"",""CMP-20250830-19868""]",SBI,savings,Uttar Pradesh,592500.00,9,False
eca2d05d-5f80-4ef0-ae25-fa5a1aac681d,"[""CMP-20250323-10574"",""CMP-20250323-10621"",""CMP-20250501-12759"",""CMP-20250511-13370"",""CMP-20250603-14666"",""CMP-20250826-19602""]",Canara Bank,savings,Maharashtra,227300.00,6,True
4571d4b7-dfd4-4ef2-aa90-f16d462a2c93,"[""CMP-20240907-00287"",""CMP-20241024-02623"",""CMP-20241029-02891"",""CMP-20241029-02914"",""CMP-20241115-03788"",""CMP-20241119-03997"",""CMP-20241205-04773"",""CMP-20250104-06357"",""CMP-20250216-08721"",""CMP-20250401-11109"",""CMP-20250403-11234"",""CMP-20250427-12549"",""CMP-20250517-13713"",""CMP-20250608-14966"",""CMP-20250725-17707"",""CMP-20250809-18587"",""CMP-20250821-19305""]",Paytm Payments Bank,savings,Jharkhand,489800.00,17,True
48dd3169-aca2-4f87-a8a2-94cc49d386dc,"[""CMP-20241017-02280"",""CMP-20250318-10298"",""CMP-20250406-11379"",""CMP-20250516-13586"",""CMP-20250607-14897"",""CMP-20250705-16514"",""CMP-20250828-19740""]",Airtel Payments Bank,wallet,Uttar Pradesh,286100.00,7,False
441ee917-6935-411c-a40c-d7bb763e5ec6,"[""CMP-20241006-01718"",""CMP-20241101-03013"",""CMP-20250420-12234"",""CMP-20250504-13007"",""CMP-20250526-14207"",""CMP-20250621-15684"",""CMP-20250621-15712"",""CMP-20250714-17097"",""CMP-20250802-18231"",""CMP-20250816-19054"",""CMP-20250817-19071""]",Indian Bank,savings,Rajasthan,322900.00,11,False
b781f5f9-12bd-4d40-a443-d2fc0d6aedad,"[""CMP-20241113-03680"",""CMP-20241218-05490"",""CMP-20250123-07378"",""CMP-20250129-07739"",""CMP-20250227-09257"",""CMP-20250508-13157"",""CMP-20250731-18049"",""CMP-20250826-19636""]",Paytm Payments Bank,wallet,Uttar Pradesh,337300.00,8,False
5946f3cf-f7d8-418e-ae69-328da1b8d340,"[""CMP-20241118-03967"",""CMP-20250124-07430"",""CMP-20250129-07722"",""CMP-20250329-10949"",""CMP-20250517-13693"",""CMP-20250530-14437"",""CMP-20250604-14714"",""CMP-20250704-16498"",""CMP-20250801-18124"",""CMP-20250803-18292"",""CMP-20250831-19985""]",Canara Bank,savings,Maharashtra,960800.00,11,True
fc24b303-513c-45bc-ac67-19f9db69281d,"[""CMP-20241027-02832"",""CMP-20241208-04989"",""CMP-20241228-06011"",""CMP-20250104-06361"",""CMP-20250220-08880"",""CMP-20250301-09356"",""CMP-20250308-09728"",""CMP-20250316-10182"",""CMP-20250622-15801"",""CMP-20250817-19082""]",Canara Bank,savings,Uttar Pradesh,493800.00,10,False
9aababf2-ad6c-46e0-a07a-70c05cf673a6,"[""CMP-20241105-03259"",""CMP-20241226-05879"",""CMP-20250210-08381"",""CMP-20250404-11257"",""CMP-20250524-14074"",""CMP-20250628-16072"",""CMP-20250628-16127""]",Canara Bank,savings,Tamil Nadu,172900.00,7,True
04ab957a-b9c3-47c4-a6da-6b8e20a889e4,"[""CMP-20241005-01675"",""CMP-20241025-02695"",""CMP-20241116-03842"",""CMP-20250216-08696"",""CMP-20250528-14282"",""CMP-20250531-14457"",""CMP-20250616-15464"",""CMP-20250629-16140"",""CMP-20250709-16800"",""CMP-20250826-19623""]",Paytm Payments Bank,wallet,Uttar Pradesh,344600.00,10,False
40ea9ff9-8988-4afa-a464-d93aafab8571,"[""CMP-20240919-00867"",""CMP-20241211-05114"",""CMP-20250319-10359"",""CMP-20250504-12999"",""CMP-20250516-13584"",""CMP-20250527-14269"",""CMP-20250615-15405"",""CMP-20250810-18658""]",Airtel Payments Bank,wallet,Jharkhand,421400.00,8,True
cabf53f9-0075-469a-a9f0-51302051aab1,"[""CMP-20240930-01446"",""CMP-20250111-06767"",""CMP-20250112-06802"",""CMP-20250128-07647"",""CMP-20250501-12795"",""CMP-20250502-12834"",""CMP-20250630-16251"",""CMP-20250724-17643""]",ICICI,savings,Tamil Nadu,277000.00,8,False
d67355e0-d9da-4d4e-a3c1-21d4cae8e2b8,"[""CMP-20240927-01263"",""CMP-20241006-01762"",""CMP-20241023-02580"",""CMP-20241110-03552"",""CMP-20250228-09289"",""CMP-20250314-10067"",""CMP-20250727-17819"",""CMP-20250823-19453""]",Axis Bank,savings,Tamil Nadu,177800.00,8,True
f1956fa0-090b-4a3a-afa0-7ba2e188bc33,"[""CMP-20240914-00621"",""CMP-20240928-01303"",""CMP-20241001-01478"",""CMP-20241115-03792"",""CMP-20241127-04428"",""CMP-20250215-08599"",""CMP-20250219-08846"",""CMP-20250315-10125"",""CMP-20250318-10274"",""CMP-20250323-10644"",""CMP-20250410-11574"",""CMP-20250528-14320"",""CMP-20250622-15792"",""CMP-20250813-18816""]",HDFC,savings,Jharkhand,590100.00,14,True
ec8f1c1d-6793-4381-a4dd-5572adc856d6,"[""CMP-20240914-00652"",""CMP-20241108-03396"",""CMP-20250110-06666"",""CMP-20250415-11871"",""CMP-20250416-11926"",""CMP-20250525-14156"",""CMP-20250718-17294"",""CMP-20250727-17867""]",Indian Bank,savings,Tamil Nadu,295700.00,8,True
eb6eaa79-f963-4d5d-af9d-7a174934114c,"[""CMP-20240922-01040"",""CMP-20240929-01358"",""CMP-20241016-02258"",""CMP-20241021-02505"",""CMP-20241215-05350"",""CMP-20250227-09251"",""CMP-20250318-10278"",""CMP-20250329-10900"",""CMP-20250425-12461"",""CMP-20250616-15416"",""CMP-20250707-16667"",""CMP-20250723-17594"",""CMP-20250727-17808"",""CMP-20250801-18142"",""CMP-20250829-19772""]",Indian Bank,savings,Uttar Pradesh,473500.00,15,True
a2be2f49-eb95-4bdf-a01f-85f9950eadac,"[""CMP-20241121-04074"",""CMP-20241208-04961"",""CMP-20241228-06027"",""CMP-20250129-07735"",""CMP-20250322-10525"",""CMP-20250331-11093"",""CMP-20250407-11440"",""CMP-20250508-13122"",""CMP-20250601-14577"",""CMP-20250612-15174"",""CMP-20250614-15279"",""CMP-20250722-17540"",""CMP-20250817-19118""]",ICICI,savings,Rajasthan,428300.00,13,True
34387341-329f-472a-a307-3a7b58ee50cc,"[""CMP-20241102-03085"",""CMP-20241107-03342"",""CMP-20250117-07074"",""CMP-20250220-08866"",""CMP-20250226-09184"",""CMP-20250601-14519"",""CMP-20250615-15409"",""CMP-20250815-18978""]",Axis Bank,savings,Uttar Pradesh,532800.00,8,True
03616c30-ead0-4ab0-a4ea-0c45239ea02c,"[""CMP-20240905-00183"",""CMP-20240905-00202"",""CMP-20241025-02697"",""CMP-20241201-04637"",""CMP-20241222-05700"",""CMP-20250309-09806"",""CMP-20250607-14872"",""CMP-20250621-15663"",""CMP-20250810-18666""]",ICICI,savings,Uttar Pradesh,459000.00,9,False
c7490770-d11d-4f6f-ad6c-be7201a44636,"[""CMP-20241013-02121"",""CMP-20241020-02479"",""CMP-20241022-02543"",""CMP-20241111-03578"",""CMP-20241124-04236"",""CMP-20250101-06216"",""CMP-20250205-08107"",""CMP-20250219-08831"",""CMP-20250228-09299"",""CMP-20250323-10622"",""CMP-20250403-11243"",""CMP-20250421-12250"",""CMP-20250429-12662"",""CMP-20250808-18542""]",HDFC,savings,Tamil Nadu,498200.00,14,True
b1785ee4-91e2-4597-a74f-89463fba670f,"[""CMP-20240903-00126"",""CMP-20240907-00318"",""CMP-20241019-02385"",""CMP-20250111-06751"",""CMP-20250130-07785"",""CMP-20250402-11161"",""CMP-20250403-11228"",""CMP-20250429-12696"",""CMP-20250501-12754"",""CMP-20250525-14140"",""CMP-20250604-14731"",""CMP-20250629-16180"",""CMP-20250711-16890"",""CMP-20250803-18243""]",Paytm Payments Bank,wallet,Maharashtra,537300.00,14,True
e687f9c2-3430-4b99-a6c6-94cacc93e3e6,"[""CMP-20241029-02907"",""CMP-20241202-04686"",""CMP-20241211-05116"",""CMP-20250119-07186"",""CMP-20250203-07964"",""CMP-20250220-08889"",""CMP-20250225-09164"",""CMP-20250307-09705"",""CMP-20250414-11836"",""CMP-20250510-13258"",""CMP-20250523-14011"",""CMP-20250725-17730"",""CMP-20250824-19535""]",Bank of Baroda,savings,Karnataka,633900.00,13,True
c1e69336-de66-4366-a5b1-7d870155da66,"[""CMP-20240921-00966"",""CMP-20241025-02710"",""CMP-20241031-02986"",""CMP-20241201-04655"",""CMP-20241224-05781"",""CMP-20250112-06818"",""CMP-20250513-13456"",""CMP-20250607-14880"",""CMP-20250707-16683"",""CMP-20250803-18298""]",Paytm Payments Bank,wallet,Uttar Pradesh,1030300.00,10,True
31271ac9-5a19-4266-afe0-b4c833e67944,"[""CMP-20240918-00806"",""CMP-20240927-01255"",""CMP-20241023-02578"",""CMP-20241205-04792"",""CMP-20241214-05283"",""CMP-20250112-06806"",""CMP-20250129-07714"",""CMP-20250621-15660"",""CMP-20250702-16356"",""CMP-20250728-17894"",""CMP-20250805-18392"",""CMP-20250829-19807""]",Canara Bank,savings,Jharkhand,338700.00,12,False
fa538288-a4fb-4e9d-a05a-39e25f917704,"[""CMP-20250107-06554"",""CMP-20250301-09334"",""CMP-20250425-12467"",""CMP-20250426-12508"",""CMP-20250613-15233"",""CMP-20250702-16373"",""CMP-20250718-17299"",""CMP-20250821-19270"",""CMP-20250829-19793""]",Axis Bank,savings,Maharashtra,466400.00,9,False
947a61c6-b19b-4f38-abe3-2f81d4ff1f7f,"[""CMP-20241006-01734"",""CMP-20241012-02014"",""CMP-20241020-02464"",""CMP-20241222-05665"",""CMP-20241226-05914"",""CMP-20250125-07497"",""CMP-20250604-14736"",""CMP-20250625-15946"",""CMP-20250628-16134"",""CMP-20250808-18546"",""CMP-20250829-19841""]",ICICI,savings,Maharashtra,239600.00,11,False
b44e84f5-8d5f-4f82-a19d-a0e1693c06a8,"[""CMP-20240907-00283"",""CMP-20241030-02961"",""CMP-20241219-05536"",""CMP-20241221-05602"",""CMP-20250112-06832"",""CMP-20250119-07224"",""CMP-20250121-07282"",""CMP-20250326-10747"",""CMP-20250330-11031"",""CMP-20250409-11531"",""CMP-20250509-13218"",""CMP-20250620-15601"",""CMP-20250702-16340"",""CMP-20250716-17160""]",Airtel Payments Bank,wallet,Uttar Pradesh,309600.00,14,True
f0adc3d2-198e-4a73-a65e-a379b02ca791,"[""CMP-20240901-00046"",""CMP-20240912-00522"",""CMP-20240925-01193"",""CMP-20240927-01281"",""CMP-20241011-02011"",""CMP-20250205-08097"",""CMP-20250209-08338"",""CMP-20250223-09053"",""CMP-20250410-11561"",""CMP-20250622-15753"",""CMP-20250628-16121"",""CMP-20250705-16545"",""CMP-20250720-17464""]",Airtel Payments Bank,savings,Tamil Nadu,355800.00,13,True
9d896dcc-a2e6-4f03-a4fe-2555b631029a,"[""CMP-20241028-02858"",""CMP-20241113-03664"",""CMP-20241205-04780"",""CMP-20250124-07472"",""CMP-20250126-07559"",""CMP-20250612-15164"",""CMP-20250723-17614"",""CMP-20250816-19031"",""CMP-20250824-19516""]",SBI,savings,Uttar Pradesh,649900.00,9,True
450174f5-1414-4120-a661-864b2c05a864,"[""CMP-20241005-01693"",""CMP-20241019-02424"",""CMP-20241115-03766"",""CMP-20250312-09957"",""CMP-20250314-10048"",""CMP-20250320-10363"",""CMP-20250416-11927"",""CMP-20250502-12796"",""CMP-20250622-15748"",""CMP-20250629-16198"",""CMP-20250721-17519"",""CMP-20250805-18378""]",HDFC,savings,Uttar Pradesh,694800.00,12,True
c0419153-7969-46ca-a386-9e17fd119e3e,"[""CMP-20241018-02357"",""CMP-20241201-04646"",""CMP-20241203-04703"",""CMP-20250120-07269"",""CMP-20250208-08221"",""CMP-20250215-08608"",""CMP-20250513-13450"",""CMP-20250809-18646""]",HDFC,savings,Jharkhand,622800.00,8,True
5effcec5-ac80-43eb-a9f2-65142331229c,"[""CMP-20241126-04372"",""CMP-20241129-04542"",""CMP-20241217-05451"",""CMP-20250228-09279"",""CMP-20250403-11203"",""CMP-20250415-11895""]",Indian Bank,savings,Tamil Nadu,261900.00,6,False
78097765-1a46-41d4-ac42-12ff5fae204b,"[""CMP-20240919-00863"",""CMP-20241117-03923"",""CMP-20241207-04905"",""CMP-20250102-06262"",""CMP-20250124-07488"",""CMP-20250131-07843"",""CMP-20250227-09255"",""CMP-20250320-10374"",""CMP-20250525-14191"",""CMP-20250621-15673"",""CMP-20250729-17950""]",Canara Bank,savings,Jharkhand,288200.00,11,True
88464df0-66b3-4991-aac6-88891b7a1aab,"[""CMP-20240913-00606"",""CMP-20240921-00945"",""CMP-20241019-02408"",""CMP-20241114-03722"",""CMP-20250323-10634"",""CMP-20250608-14998"",""CMP-20250722-17556"",""CMP-20250725-17694"",""CMP-20250725-17719"",""CMP-20250730-18004""]",HDFC,savings,Uttar Pradesh,499700.00,10,False
1e9e86fb-daed-48b5-a078-c22b230b977f,"[""CMP-20240918-00819"",""CMP-20241028-02863"",""CMP-20250107-06538"",""CMP-20250112-06846"",""CMP-20250117-07096"",""CMP-20250209-08303"",""CMP-20250317-10232"",""CMP-20250324-10668"",""CMP-20250718-17286"",""CMP-20250728-17874""]",HDFC,savings,Uttar Pradesh,258200.00,10,True
40d3ef40-0a05-473e-ad55-5a1a8fe218c3,"[""CMP-20240921-00958"",""CMP-20241005-01687"",""CMP-20241130-04572"",""CMP-20241212-05147"",""CMP-20250329-10918"",""CMP-20250409-11547"",""CMP-20250412-11720"",""CMP-20250416-11909"",""CMP-20250719-17377"",""CMP-20250813-18811""]",Paytm Payments Bank,savings,Rajasthan,275000.00,10,False
ba66d2af-adf9-4b3b-a35e-16af0b1ad711,"[""CMP-20240930-01434"",""CMP-20241017-02296"",""CMP-20241102-03122"",""CMP-20241111-03582"",""CMP-20241127-04407"",""CMP-20241205-04807"",""CMP-20241213-05169"",""CMP-20241228-06043"",""CMP-20250101-06221"",""CMP-20250318-10307"",""CMP-20250420-12228"",""CMP-20250427-12581"",""CMP-20250504-12964"",""CMP-20250609-15020"",""CMP-20250619-15581"",""CMP-20250721-17490""]",Indian Bank,savings,West Bengal,1375300.00,16,True
22edc72e-f6c5-4bfc-a04c-bbe59ece71d3,"[""CMP-20240914-00611"",""CMP-20240918-00841"",""CMP-20240927-01251"",""CMP-20241212-05161"",""CMP-20250109-06641"",""CMP-20250118-07120"",""CMP-20250119-07238"",""CMP-20250220-08864"",""CMP-20250426-12496"",""CMP-20250508-13163"",""CMP-20250514-13512"",""CMP-20250615-15378"",""CMP-20250623-15855"",""CMP-20250715-17148"",""CMP-20250819-19216""]",ICICI,savings,Maharashtra,440300.00,15,True
a64e0f31-1294-4d14-a231-8ff7fc081bc9,"[""CMP-20241005-01658"",""CMP-20241105-03254"",""CMP-20241108-03418"",""CMP-20241121-04075"",""CMP-20250319-10355"",""CMP-20250412-11706"",""CMP-20250425-12414"",""CMP-20250521-13919"",""CMP-20250623-15829"",""CMP-20250702-16372"",""CMP-20250704-16462"",""CMP-20250711-16893"",""CMP-20250823-19396""]",Canara Bank,savings,Rajasthan,281400.00,13,True
9c1a5cbe-2231-4ea7-a27f-6fb9988fdd18,"[""CMP-20240918-00812"",""CMP-20241022-02574"",""CMP-20241108-03393"",""CMP-20241118-03947"",""CMP-20241122-04109"",""CMP-20241219-05534"",""CMP-20241221-05646"",""CMP-20250514-13495"",""CMP-20250617-15467"",""CMP-20250710-16864"",""CMP-20250724-17622"",""CMP-20250827-19678""]",Bank of Baroda,savings,Uttar Pradesh,1025800.00,12,True
c2fa9d28-62ba-4cda-a799-ba6ceee31c08,"[""CMP-20240904-00142"",""CMP-20240909-00392"",""CMP-20241011-01980"",""CMP-20241013-02117"",""CMP-20241127-04396"",""CMP-20241129-04534"",""CMP-20241227-05945"",""CMP-20250110-06692"",""CMP-20250316-10207"",""CMP-20250421-12276"",""CMP-20250517-13672"",""CMP-20250626-15983"",""CMP-20250808-18505""]",HDFC,savings,Tamil Nadu,585300.00,13,True
3f5cd577-f02c-46b2-a2a9-b4e800755e5a,"[""CMP-20241001-01455"",""CMP-20241006-01725"",""CMP-20241212-05145"",""CMP-20250103-06342"",""CMP-20250118-07128"",""CMP-20250205-08075"",""CMP-20250207-08170"",""CMP-20250208-08250"",""CMP-20250416-11951"",""CMP-20250504-12939"",""CMP-20250518-13799"",""CMP-20250720-17424"",""CMP-20250812-18802"",""CMP-20250815-18910"",""CMP-20250821-19277""]",Paytm Payments Bank,savings,Karnataka,391300.00,15,True
bf504fef-a4b5-43b5-abb7-133ef9aa7300,"[""CMP-20240920-00936"",""CMP-20241129-04493"",""CMP-20250208-08260"",""CMP-20250213-08482"",""CMP-20250214-08551"",""CMP-20250706-16657"",""CMP-20250715-17128""]",Airtel Payments Bank,wallet,Karnataka,160500.00,7,False
3da3625e-6f1c-421f-adf3-8cccd30ce263,"[""CMP-20250214-08581"",""CMP-20250603-14689"",""CMP-20250719-17353""]",ICICI,savings,Karnataka,186000.00,3,False
139818fd-9d4f-4565-a870-aff9978045e5,"[""CMP-20240904-00141"",""CMP-20240913-00608"",""CMP-20241011-01990"",""CMP-20241030-02944"",""CMP-20241207-04896"",""CMP-20241219-05505"",""CMP-20250117-07037"",""CMP-20250119-07209"",""CMP-20250125-07506"",""CMP-20250215-08625"",""CMP-20250223-09055"",""CMP-20250313-10033"",""CMP-20250322-10501"",""CMP-20250330-10993"",""CMP-20250419-12136"",""CMP-20250511-13376"",""CMP-20250607-14913"",""CMP-20250613-15240"",""CMP-20250704-16436"",""CMP-20250813-18845"",""CMP-20250828-19716""]",SBI,savings,Uttar Pradesh,1019200.00,21,True
065c17d0-7aac-478c-aed8-a3df0bec4f8b,"[""CMP-20241031-02969"",""CMP-20250110-06652"",""CMP-20250125-07545"",""CMP-20250130-07747"",""CMP-20250517-13719"",""CMP-20250613-15216"",""CMP-20250726-17788""]",Canara Bank,savings,Rajasthan,159600.00,7,False
60b3cc45-f812-400f-a640-cbc6dc84632e,"[""CMP-20241011-02001"",""CMP-20241125-04340"",""CMP-20241219-05507"",""CMP-20241225-05869"",""CMP-20241228-06017"",""CMP-20250119-07202"",""CMP-20250213-08493"",""CMP-20250302-09445"",""CMP-20250306-09640"",""CMP-20250327-10812"",""CMP-20250411-11608"",""CMP-20250429-12690"",""CMP-20250512-13416"",""CMP-20250517-13692"",""CMP-20250523-14004"",""CMP-20250802-18169""]",Canara Bank,savings,Tamil Nadu,623000.00,16,True
25671d61-a47a-4017-a585-a8b168946db0,"[""CMP-20241126-04388"",""CMP-20250124-07427"",""CMP-20250716-17159"",""CMP-20250719-17370""]",SBI,savings,Tamil Nadu,115400.00,4,False
347caefa-50e1-41b0-a3b8-246c65541979,"[""CMP-20241017-02294"",""CMP-20241220-05555"",""CMP-20241228-05982"",""CMP-20250217-08742"",""CMP-20250314-10058"",""CMP-20250427-12592"",""CMP-20250524-14098"",""CMP-20250529-14338"",""CMP-20250615-15359"",""CMP-20250701-16297"",""CMP-20250703-16414"",""CMP-20250726-17791""]",HDFC,savings,Uttar Pradesh,268500.00,12,True
314f788a-8288-4423-a928-f7e938812693,"[""CMP-20240913-00579"",""CMP-20241028-02852"",""CMP-20241028-02869"",""CMP-20241118-03968"",""CMP-20250114-06939"",""CMP-20250218-08805"",""CMP-20250402-11185"",""CMP-20250410-11580"",""CMP-20250517-13666"",""CMP-20250523-14003"",""CMP-20250530-14383"",""CMP-20250616-15426"",""CMP-20250621-15707"",""CMP-20250626-15985"",""CMP-20250824-19506""]",Axis Bank,savings,Jharkhand,564300.00,15,True
fabe8dab-0df5-4e4b-a828-44dddb672662,"[""CMP-20240904-00155"",""CMP-20241012-02062"",""CMP-20241202-04688"",""CMP-20241214-05274"",""CMP-20241231-06197"",""CMP-20250105-06405"",""CMP-20250404-11256"",""CMP-20250427-12591"",""CMP-20250504-12950"",""CMP-20250621-15695"",""CMP-20250708-16716"",""CMP-20250718-17336"",""CMP-20250718-17337"",""CMP-20250812-18786""]",SBI,savings,Rajasthan,488600.00,14,True
5e5e0143-401c-4d0d-a440-48cf42e7c913,"[""CMP-20241229-06091"",""CMP-20250108-06577"",""CMP-20250309-09797"",""CMP-20250310-09903"",""CMP-20250323-10630"",""CMP-20250401-11148"",""CMP-20250506-13060"",""CMP-20250607-14884""]",Paytm Payments Bank,wallet,Rajasthan,848600.00,8,True
75ff8cc0-7125-4d00-a1ad-6e14ab4a2ccd,"[""CMP-20240904-00149"",""CMP-20250419-12128"",""CMP-20250420-12224"",""CMP-20250523-13979"",""CMP-20250627-16045""]",SBI,savings,Tamil Nadu,370700.00,5,False
a60fa232-4458-4d3e-ae4b-7e01596acc8d,"[""CMP-20241006-01756"",""CMP-20241122-04145"",""CMP-20241203-04734"",""CMP-20241230-06146"",""CMP-20250124-07448"",""CMP-20250125-07511"",""CMP-20250130-07781"",""CMP-20250219-08825"",""CMP-20250319-10338"",""CMP-20250428-12608"",""CMP-20250515-13533"",""CMP-20250608-14943"",""CMP-20250627-16022"",""CMP-20250702-16345"",""CMP-20250810-18683""]",Airtel Payments Bank,savings,Jharkhand,531000.00,15,False
b7c50b5a-a483-4c86-a326-6a7bda0442fe,"[""CMP-20241108-03374"",""CMP-20241219-05519"",""CMP-20241227-05948"",""CMP-20241229-06097"",""CMP-20250108-06596"",""CMP-20250123-07379"",""CMP-20250214-08530"",""CMP-20250321-10427"",""CMP-20250415-11852"",""CMP-20250427-12593"",""CMP-20250616-15431""]",Paytm Payments Bank,savings,Rajasthan,762500.00,11,True
ac1a71b8-4125-4142-a18e-f8747dd84c45,"[""CMP-20240928-01327"",""CMP-20241020-02452"",""CMP-20241101-03024"",""CMP-20241116-03813"",""CMP-20250124-07435"",""CMP-20250226-09189"",""CMP-20250426-12540"",""CMP-20250720-17447"",""CMP-20250819-19213""]",Bank of Baroda,savings,Jharkhand,812500.00,9,True
2c191e29-5ba1-4139-a0d2-b2d68983fb0f,"[""CMP-20241017-02275"",""CMP-20241112-03650"",""CMP-20241123-04178"",""CMP-20250207-08174"",""CMP-20250409-11528"",""CMP-20250622-15804"",""CMP-20250722-17557"",""CMP-20250816-19057"",""CMP-20250829-19804""]",Canara Bank,savings,Maharashtra,572000.00,9,True
2226f21f-2423-4298-ac8c-d6885c45c430,"[""CMP-20240901-00035"",""CMP-20240909-00412"",""CMP-20241221-05627"",""CMP-20250218-08817"",""CMP-20250313-10037"",""CMP-20250329-10903"",""CMP-20250411-11668"",""CMP-20250614-15297"",""CMP-20250706-16643"",""CMP-20250727-17841"",""CMP-20250824-19465""]",Indian Bank,savings,Jharkhand,424200.00,11,True
bb583b51-4836-4dfb-a829-5443ec0866a4,"[""CMP-20240913-00568"",""CMP-20240920-00922"",""CMP-20241109-03484"",""CMP-20241228-06047"",""CMP-20241231-06187"",""CMP-20250104-06380"",""CMP-20250130-07744"",""CMP-20250403-11230"",""CMP-20250403-11247"",""CMP-20250504-12975"",""CMP-20250605-14764"",""CMP-20250610-15061"",""CMP-20250613-15270"",""CMP-20250825-19557""]",SBI,savings,Rajasthan,911300.00,14,True
7faaa9c0-7005-4fbd-a52d-c19b3a3206b4,"[""CMP-20250110-06670"",""CMP-20250111-06718"",""CMP-20250208-08263"",""CMP-20250420-12220"",""CMP-20250511-13333"",""CMP-20250607-14879"",""CMP-20250715-17146"",""CMP-20250731-18092"",""CMP-20250815-18914"",""CMP-20250823-19380""]",Paytm Payments Bank,savings,Jharkhand,405100.00,10,False
93f21333-647e-42c4-a864-de4aee0c9ba6,"[""CMP-20250115-06965"",""CMP-20250215-08639"",""CMP-20250304-09517"",""CMP-20250314-10087"",""CMP-20250413-11793"",""CMP-20250416-11942"",""CMP-20250416-11947"",""CMP-20250423-12346"",""CMP-20250508-13123"",""CMP-20250623-15823"",""CMP-20250702-16369"",""CMP-20250811-18743""]",HDFC,savings,Uttar Pradesh,470500.00,12,True
465be4ea-e606-4409-ad87-31dfebd80dc0,"[""CMP-20241011-02006"",""CMP-20241115-03767"",""CMP-20241115-03782"",""CMP-20241201-04662"",""CMP-20241228-06046"",""CMP-20250114-06905"",""CMP-20250201-07862"",""CMP-20250202-07942"",""CMP-20250408-11476"",""CMP-20250719-17363"",""CMP-20250815-18961"",""CMP-20250816-18995""]",HDFC,savings,Tamil Nadu,517500.00,12,True
67c271ab-9459-49e8-ac06-3ea2b92f29fa,"[""CMP-20240915-00701"",""CMP-20241028-02871"",""CMP-20241109-03457"",""CMP-20241215-05322"",""CMP-20241216-05389"",""CMP-20250123-07392"",""CMP-20250202-07919"",""CMP-20250205-08059"",""CMP-20250531-14503"",""CMP-20250617-15488"",""CMP-20250624-15892"",""CMP-20250803-18269""]",Bank of Baroda,savings,Uttar Pradesh,692100.00,12,True
126c65ee-d370-445c-aef4-6119eaccaede,"[""CMP-20241016-02214"",""CMP-20241020-02435"",""CMP-20241028-02872"",""CMP-20241217-05452"",""CMP-20250306-09618"",""CMP-20250315-10108"",""CMP-20250324-10673"",""CMP-20250327-10810"",""CMP-20250424-12382"",""CMP-20250604-14746"",""CMP-20250813-18815"",""CMP-20250829-19786""]",Canara Bank,savings,Uttar Pradesh,609200.00,12,True
5743cb2d-fe25-4aa6-a7eb-304889ecc3ce,"[""CMP-20240914-00630"",""CMP-20240921-00980"",""CMP-20241011-01954"",""CMP-20241103-03158"",""CMP-20241107-03354"",""CMP-20241221-05655"",""CMP-20250131-07790"",""CMP-20250201-07854"",""CMP-20250613-15244"",""CMP-20250806-18421"",""CMP-20250817-19064""]",SBI,savings,Uttar Pradesh,379700.00,11,True
b2f413a1-1c9e-4767-afdf-9d1254788a05,"[""CMP-20241025-02694"",""CMP-20241114-03724"",""CMP-20241116-03838"",""CMP-20241128-04456"",""CMP-20241129-04531"",""CMP-20250119-07181"",""CMP-20250127-07629"",""CMP-20250331-11049"",""CMP-20250415-11876"",""CMP-20250501-12787"",""CMP-20250529-14345"",""CMP-20250620-15608"",""CMP-20250624-15877"",""CMP-20250824-19512"",""CMP-20250830-19844""]",ICICI,savings,Uttar Pradesh,720300.00,15,True
13328fc4-4bb5-498e-aeb4-a7e66ba82942,"[""CMP-20240903-00132"",""CMP-20241019-02390"",""CMP-20241101-03030"",""CMP-20241217-05438"",""CMP-20250404-11291"",""CMP-20250602-14601"",""CMP-20250627-16002"",""CMP-20250828-19757""]",HDFC,savings,Tamil Nadu,344300.00,8,False
57346ed7-e31a-402e-a565-8514c312a472,"[""CMP-20240912-00515"",""CMP-20240929-01383"",""CMP-20250209-08300"",""CMP-20250401-11110"",""CMP-20250710-16803"",""CMP-20250730-18001"",""CMP-20250809-18594"",""CMP-20250809-18633"",""CMP-20250810-18694"",""CMP-20250816-19016"",""CMP-20250822-19373""]",Bank of Baroda,savings,Jharkhand,434500.00,11,True
21b30d76-1b31-4eb1-a050-63674df75e5e,"[""CMP-20240912-00540"",""CMP-20240917-00777"",""CMP-20241003-01553"",""CMP-20241030-02921"",""CMP-20241106-03317"",""CMP-20241126-04373"",""CMP-20241226-05897"",""CMP-20250108-06595"",""CMP-20250111-06761"",""CMP-20250304-09540"",""CMP-20250413-11787"",""CMP-20250704-16454"",""CMP-20250721-17521""]",Bank of Baroda,savings,Jharkhand,485500.00,13,True
47b3d329-b124-490b-a51c-c7462b44f93d,"[""CMP-20240904-00154"",""CMP-20241103-03147"",""CMP-20241225-05859"",""CMP-20250124-07486"",""CMP-20250216-08674"",""CMP-20250309-09792"",""CMP-20250310-09864"",""CMP-20250314-10089"",""CMP-20250329-10945"",""CMP-20250418-12040"",""CMP-20250422-12320"",""CMP-20250726-17784"",""CMP-20250824-19491""]",SBI,savings,Jharkhand,956200.00,13,False
85ef23eb-60bd-471b-a922-a9b821df7d1d,"[""CMP-20241024-02640"",""CMP-20241206-04875"",""CMP-20250104-06395"",""CMP-20250105-06416"",""CMP-20250110-06716"",""CMP-20250212-08442"",""CMP-20250305-09597"",""CMP-20250316-10173"",""CMP-20250411-11629"",""CMP-20250429-12669"",""CMP-20250729-17962"",""CMP-20250802-18222"",""CMP-20250827-19699""]",ICICI,savings,Uttar Pradesh,474500.00,13,False
60e583e4-ed52-4738-ad29-118b9309e9a6,"[""CMP-20250131-07816"",""CMP-20250205-08093"",""CMP-20250317-10250"",""CMP-20250402-11152"",""CMP-20250417-12000"",""CMP-20250427-12583"",""CMP-20250518-13735"",""CMP-20250528-14309"",""CMP-20250621-15682"",""CMP-20250701-16324""]",Indian Bank,savings,Rajasthan,361800.00,10,True
e2a64259-99da-4fff-add9-00fcc024a574,"[""CMP-20241220-05591"",""CMP-20241221-05635"",""CMP-20250103-06298"",""CMP-20250106-06515"",""CMP-20250108-06567"",""CMP-20250113-06874"",""CMP-20250116-07007"",""CMP-20250421-12254"",""CMP-20250527-14265"",""CMP-20250816-18994""]",Airtel Payments Bank,wallet,Uttar Pradesh,696600.00,10,True
3c492edc-227e-4327-a105-0f06906034ff,"[""CMP-20241212-05158"",""CMP-20241214-05236"",""CMP-20250418-12031"",""CMP-20250419-12089"",""CMP-20250801-18099"",""CMP-20250821-19299"",""CMP-20250828-19710""]",ICICI,savings,Rajasthan,276500.00,7,False
e8ee7802-6b03-42ac-a49c-a32f685b2b96,"[""CMP-20240926-01231"",""CMP-20241122-04125"",""CMP-20241207-04910"",""CMP-20241227-05969"",""CMP-20250409-11559"",""CMP-20250605-14755"",""CMP-20250609-15048"",""CMP-20250709-16767"",""CMP-20250720-17457"",""CMP-20250724-17645"",""CMP-20250727-17852"",""CMP-20250810-18688""]",Paytm Payments Bank,savings,Uttar Pradesh,641000.00,12,True
c0cf0b8b-5efb-491a-a218-5d41ac11741c,"[""CMP-20240907-00303"",""CMP-20241011-02007"",""CMP-20241022-02545"",""CMP-20241114-03752"",""CMP-20241130-04595"",""CMP-20250111-06765"",""CMP-20250131-07818"",""CMP-20250206-08135"",""CMP-20250215-08600"",""CMP-20250228-09303"",""CMP-20250314-10056"",""CMP-20250411-11624"",""CMP-20250503-12900"",""CMP-20250723-17615"",""CMP-20250815-18951""]",SBI,savings,Tamil Nadu,582600.00,15,True
84609954-3625-41ce-a7fb-cc11b0c36827,"[""CMP-20240906-00226"",""CMP-20240911-00496"",""CMP-20241112-03618"",""CMP-20241219-05510"",""CMP-20250107-06533"",""CMP-20250308-09726"",""CMP-20250314-10077"",""CMP-20250322-10544"",""CMP-20250323-10613"",""CMP-20250327-10807"",""CMP-20250419-12132"",""CMP-20250427-12564"",""CMP-20250428-12643"",""CMP-20250728-17917"",""CMP-20250814-18855"",""CMP-20250821-19288""]",Canara Bank,savings,Karnataka,433900.00,16,True
7f9434e3-4ddc-4e44-a495-66a533757648,"[""CMP-20241019-02396"",""CMP-20241129-04512"",""CMP-20241130-04555"",""CMP-20250215-08597"",""CMP-20250402-11196"",""CMP-20250621-15714""]",ICICI,savings,Uttar Pradesh,194100.00,6,True
4926c895-7586-4e61-a767-937b06865405,"[""CMP-20241210-05074"",""CMP-20241216-05392"",""CMP-20250112-06843"",""CMP-20250114-06924"",""CMP-20250303-09470"",""CMP-20250304-09538"",""CMP-20250328-10872"",""CMP-20250612-15175"",""CMP-20250615-15353"",""CMP-20250615-15366"",""CMP-20250718-17288""]",Axis Bank,savings,Rajasthan,583000.00,11,True
edfbe816-024c-45ac-a428-5ec35ab3486f,"[""CMP-20240914-00628"",""CMP-20241022-02534"",""CMP-20250117-07062"",""CMP-20250202-07957"",""CMP-20250322-10503"",""CMP-20250404-11268"",""CMP-20250416-11944"",""CMP-20250501-12761"",""CMP-20250501-12767"",""CMP-20250513-13436"",""CMP-20250711-16896"",""CMP-20250802-18199"",""CMP-20250814-18872"",""CMP-20250827-19675""]",Airtel Payments Bank,savings,Rajasthan,734600.00,14,False
d11aff73-e071-48f4-ac2b-4be0e4a16c16,"[""CMP-20240913-00561"",""CMP-20241011-01967"",""CMP-20241228-05997"",""CMP-20241228-06012"",""CMP-20250106-06521"",""CMP-20250404-11282"",""CMP-20250513-13428"",""CMP-20250628-16085"",""CMP-20250701-16301"",""CMP-20250704-16502"",""CMP-20250712-16945"",""CMP-20250714-17073"",""CMP-20250718-17274"",""CMP-20250731-18062"",""CMP-20250821-19303""]",Axis Bank,savings,Jharkhand,558400.00,15,False
db1df5a6-fb3d-42fc-a488-f182954cf8c3,"[""CMP-20240907-00293"",""CMP-20241114-03729"",""CMP-20241115-03812"",""CMP-20241222-05716"",""CMP-20250309-09846"",""CMP-20250320-10387"",""CMP-20250413-11798"",""CMP-20250425-12471"",""CMP-20250518-13769"",""CMP-20250725-17672"",""CMP-20250806-18426""]",Airtel Payments Bank,savings,Uttar Pradesh,357100.00,11,True
2447897f-3238-41a9-a0bf-4ae9a95ab5e8,"[""CMP-20241215-05332"",""CMP-20250131-07792"",""CMP-20250322-10530"",""CMP-20250419-12148"",""CMP-20250420-12233"",""CMP-20250502-12809"",""CMP-20250504-12962"",""CMP-20250823-19381""]",Airtel Payments Bank,savings,Rajasthan,370200.00,8,True
c2a530c0-347a-4700-aa9f-0029a955a73d,"[""CMP-20241016-02244"",""CMP-20241103-03165"",""CMP-20241229-06048"",""CMP-20250309-09794"",""CMP-20250410-11586"",""CMP-20250514-13475"",""CMP-20250530-14410"",""CMP-20250714-17106""]",Indian Bank,savings,Rajasthan,287800.00,8,False
6762210b-3203-4890-a5af-559ea9aff635,"[""CMP-20240921-00965"",""CMP-20241014-02168"",""CMP-20241120-04035"",""CMP-20241124-04245"",""CMP-20250102-06277"",""CMP-20250104-06343"",""CMP-20250525-14145"",""CMP-20250531-14449"",""CMP-20250703-16406"",""CMP-20250824-19499""]",Airtel Payments Bank,savings,Jharkhand,427200.00,10,False
17b42d43-bb8e-4e98-af2d-a2f7703a07e4,"[""CMP-20241121-04050"",""CMP-20241214-05258"",""CMP-20241226-05890"",""CMP-20250211-08431"",""CMP-20250322-10497"",""CMP-20250501-12793"",""CMP-20250627-16061"",""CMP-20250719-17385"",""CMP-20250728-17880""]",Canara Bank,savings,Jharkhand,424100.00,9,True
42cd7022-756e-469d-a500-7c572517f327,"[""CMP-20241202-04668"",""CMP-20241226-05892"",""CMP-20250119-07162"",""CMP-20250122-07355"",""CMP-20250223-09062"",""CMP-20250503-12914"",""CMP-20250516-13596"",""CMP-20250619-15589"",""CMP-20250621-15657"",""CMP-20250801-18150"",""CMP-20250808-18556""]",Airtel Payments Bank,savings,Jharkhand,278400.00,11,True
feef83bf-8c48-416d-a2df-7ae4a6e279f4,"[""CMP-20241011-01988"",""CMP-20241130-04554"",""CMP-20241229-06100"",""CMP-20250401-11120"",""CMP-20250620-15617"",""CMP-20250629-16227"",""CMP-20250720-17427"",""CMP-20250824-19461"",""CMP-20250831-19968""]",Canara Bank,savings,Karnataka,160300.00,9,False
b737717e-74da-440a-a414-234b0b48c0c8,"[""CMP-20241106-03318"",""CMP-20241208-04976"",""CMP-20241229-06070"",""CMP-20250329-10893"",""CMP-20250430-12727"",""CMP-20250520-13885"",""CMP-20250531-14508"",""CMP-20250613-15205"",""CMP-20250614-15282"",""CMP-20250804-18331"",""CMP-20250816-19027""]",Paytm Payments Bank,savings,Jharkhand,284200.00,11,True
d01cdefd-e1f3-4c7b-a20a-7f24cbb3c3e2,"[""CMP-20240901-00057"",""CMP-20241112-03644"",""CMP-20250104-06345"",""CMP-20250116-07014"",""CMP-20250128-07675"",""CMP-20250218-08771"",""CMP-20250220-08867"",""CMP-20250227-09248"",""CMP-20250603-14680"",""CMP-20250708-16731""]",ICICI,savings,Tamil Nadu,389200.00,10,True
367080ad-f203-4d2d-a505-f0931088fb8d,"[""CMP-20241115-03764"",""CMP-20250123-07408"",""CMP-20250223-09075"",""CMP-20250408-11502"",""CMP-20250517-13658"",""CMP-20250531-14507"",""CMP-20250610-15055"",""CMP-20250703-16416"",""CMP-20250826-19660"",""CMP-20250831-19932""]",Bank of Baroda,savings,Tamil Nadu,305100.00,10,True
96478bc2-e069-4ce8-a7b6-995cc77e855d,"[""CMP-20241123-04200"",""CMP-20241130-04590"",""CMP-20250304-09522"",""CMP-20250411-11625"",""CMP-20250516-13570"",""CMP-20250627-16039"",""CMP-20250726-17767"",""CMP-20250809-18591"",""CMP-20250819-19193"",""CMP-20250822-19364"",""CMP-20250825-19561""]",Axis Bank,savings,Jharkhand,455500.00,11,True
ffb5014b-b87a-4d52-a843-d3f8f58b22cd,"[""CMP-20240929-01416"",""CMP-20241010-01915"",""CMP-20241016-02234"",""CMP-20241130-04553"",""CMP-20241226-05889"",""CMP-20250414-11816"",""CMP-20250425-12443"",""CMP-20250521-13909"",""CMP-20250706-16614"",""CMP-20250717-17232"",""CMP-20250724-17661"",""CMP-20250810-18670"",""CMP-20250817-19093""]",Indian Bank,savings,Rajasthan,680600.00,13,True
68be34c2-54bc-4b4d-aea8-c4fb1a0e0e46,"[""CMP-20241117-03913"",""CMP-20241124-04285"",""CMP-20250315-10139"",""CMP-20250329-10955"",""CMP-20250525-14124"",""CMP-20250529-14358""]",ICICI,savings,Rajasthan,356500.00,6,False
ff80d320-dd69-43d8-ae99-bc3659bc1cb1,"[""CMP-20240916-00740"",""CMP-20241016-02209"",""CMP-20250118-07109"",""CMP-20250505-13013"",""CMP-20250520-13869"",""CMP-20250717-17222"",""CMP-20250812-18769""]",Paytm Payments Bank,savings,Rajasthan,249800.00,7,False
b828efc5-2aa8-4796-a99f-8b502a466fa4,"[""CMP-20241124-04248"",""CMP-20241214-05264"",""CMP-20250216-08667"",""CMP-20250302-09402"",""CMP-20250309-09834"",""CMP-20250314-10091"",""CMP-20250321-10482"",""CMP-20250408-11496"",""CMP-20250411-11671"",""CMP-20250829-19797""]",HDFC,savings,Tamil Nadu,383300.00,10,False
2ca35dcb-dea4-4a56-a813-0006b9b9baab,"[""CMP-20241005-01703"",""CMP-20241129-04504"",""CMP-20250102-06273"",""CMP-20250219-08839"",""CMP-20250221-08908"",""CMP-20250222-08992"",""CMP-20250322-10558"",""CMP-20250322-10568"",""CMP-20250420-12209"",""CMP-20250522-13970"",""CMP-20250606-14829"",""CMP-20250619-15586"",""CMP-20250819-19190"",""CMP-20250829-19769""]",ICICI,savings,Jharkhand,439600.00,14,True
f7ba58bc-d92e-4539-a5ac-72e5eb6fbad9,"[""CMP-20240919-00879"",""CMP-20241010-01923"",""CMP-20241019-02393"",""CMP-20241024-02659"",""CMP-20241113-03670"",""CMP-20241115-03789"",""CMP-20241119-03988"",""CMP-20241124-04244"",""CMP-20250327-10802"",""CMP-20250516-13565"",""CMP-20250608-14939"",""CMP-20250720-17431"",""CMP-20250801-18139"",""CMP-20250826-19639""]",Axis Bank,savings,Maharashtra,374000.00,14,False
a98ad17b-49f7-40b4-a4ce-82c4c0d6f395,"[""CMP-20240904-00143"",""CMP-20241014-02142"",""CMP-20241202-04685"",""CMP-20241225-05863"",""CMP-20250602-14605"",""CMP-20250615-15404"",""CMP-20250712-16944"",""CMP-20250810-18714""]",Airtel Payments Bank,wallet,Uttar Pradesh,699200.00,8,True
00a76812-e611-4bfb-a31e-c24459fdad55,"[""CMP-20240902-00065"",""CMP-20240929-01376"",""CMP-20241005-01699"",""CMP-20241122-04152"",""CMP-20250103-06307"",""CMP-20250208-08282"",""CMP-20250212-08446"",""CMP-20250413-11755"",""CMP-20250416-11950"",""CMP-20250513-13457"",""CMP-20250621-15730"",""CMP-20250630-16268"",""CMP-20250726-17739""]",Axis Bank,savings,Rajasthan,750100.00,13,True
5e03d215-565a-4525-a672-b78b324befcc,"[""CMP-20240911-00495"",""CMP-20240928-01328"",""CMP-20241115-03772"",""CMP-20241118-03937"",""CMP-20241213-05197"",""CMP-20250211-08437"",""CMP-20250219-08854"",""CMP-20250305-09589"",""CMP-20250320-10373"",""CMP-20250408-11478"",""CMP-20250515-13547"",""CMP-20250522-13975""]",Bank of Baroda,savings,Karnataka,352300.00,12,False
a70115a0-c190-41f6-abdd-7d100af6cefa,"[""CMP-20240924-01133"",""CMP-20241002-01524"",""CMP-20241012-02036"",""CMP-20241018-02326"",""CMP-20241207-04879"",""CMP-20250106-06510"",""CMP-20250330-11037"",""CMP-20250531-14481"",""CMP-20250602-14598"",""CMP-20250625-15939"",""CMP-20250705-16546"",""CMP-20250707-16703"",""CMP-20250730-17994"",""CMP-20250812-18778"",""CMP-20250815-18981""]",ICICI,savings,Jharkhand,1002000.00,15,True
32e3afc0-033e-4d9b-a47f-97f6fc2f60c5,"[""CMP-20241016-02260"",""CMP-20241018-02353"",""CMP-20241112-03641"",""CMP-20241215-05325"",""CMP-20250110-06655"",""CMP-20250215-08626"",""CMP-20250419-12087"",""CMP-20250421-12241"",""CMP-20250501-12770"",""CMP-20250720-17454"",""CMP-20250809-18640"",""CMP-20250811-18752"",""CMP-20250824-19485""]",HDFC,savings,Tamil Nadu,491200.00,13,True
27ec0fac-a91f-49ae-ad25-83d344cf4390,"[""CMP-20241004-01641"",""CMP-20241222-05699"",""CMP-20250124-07423"",""CMP-20250316-10217"",""CMP-20250501-12775"",""CMP-20250514-13506"",""CMP-20250523-14017"",""CMP-20250617-15495"",""CMP-20250711-16924""]",Indian Bank,savings,Uttar Pradesh,269200.00,9,False
f4f4c3c4-ce25-41cb-a0bd-81ef68e41794,"[""CMP-20240929-01402"",""CMP-20250316-10170"",""CMP-20250417-11963"",""CMP-20250502-12825"",""CMP-20250531-14515"",""CMP-20250603-14694"",""CMP-20250818-19154"",""CMP-20250823-19424""]",Paytm Payments Bank,wallet,Jharkhand,243300.00,8,False
f96a541a-3a67-4917-a1a1-d444b5e4afab,"[""CMP-20241021-02504"",""CMP-20250121-07295"",""CMP-20250225-09139"",""CMP-20250225-09151"",""CMP-20250227-09264"",""CMP-20250303-09489"",""CMP-20250304-09554"",""CMP-20250330-10961"",""CMP-20250411-11620"",""CMP-20250826-19614""]",Indian Bank,savings,Uttar Pradesh,498500.00,10,False
bd664470-9a41-4e3d-a51c-8500eebf6dc8,"[""CMP-20241218-05482"",""CMP-20241223-05737"",""CMP-20250219-08843"",""CMP-20250420-12204"",""CMP-20250509-13223"",""CMP-20250628-16137"",""CMP-20250706-16641"",""CMP-20250730-18022""]",Indian Bank,savings,Rajasthan,569200.00,8,True
d4c3335d-1496-473a-a038-04bac1c8a6cd,"[""CMP-20250315-10123"",""CMP-20250412-11724"",""CMP-20250419-12097"",""CMP-20250629-16223"",""CMP-20250822-19361"",""CMP-20250827-19679""]",HDFC,savings,West Bengal,325100.00,6,False
2575a178-7110-43f7-ac68-11db0946e244,"[""CMP-20240909-00398"",""CMP-20241026-02753"",""CMP-20250201-07904"",""CMP-20250202-07953"",""CMP-20250227-09265"",""CMP-20250609-15050"",""CMP-20250702-16367"",""CMP-20250808-18538""]",Canara Bank,savings,Jharkhand,494100.00,8,True
505aef84-ef51-4df0-afc2-ffdd04f0ffc3,"[""CMP-20240918-00827"",""CMP-20240924-01124"",""CMP-20241001-01457"",""CMP-20241019-02425"",""CMP-20241102-03075"",""CMP-20241104-03231"",""CMP-20241112-03630"",""CMP-20241207-04901"",""CMP-20241230-06123"",""CMP-20250116-06984"",""CMP-20250215-08638"",""CMP-20250708-16726"",""CMP-20250814-18861"",""CMP-20250821-19286""]",HDFC,savings,Jharkhand,650100.00,14,True
78fbe0b7-3f58-4df5-a604-a5dbf3c8f142,"[""CMP-20240920-00899"",""CMP-20241009-01858"",""CMP-20250302-09412"",""CMP-20250303-09505"",""CMP-20250312-09986"",""CMP-20250325-10709"",""CMP-20250507-13109"",""CMP-20250619-15572"",""CMP-20250718-17290"",""CMP-20250827-19689""]",Canara Bank,savings,Jharkhand,425300.00,10,False
5fb0233f-9c8a-4804-a4ef-32cc4f321ef6,"[""CMP-20240905-00197"",""CMP-20241004-01606"",""CMP-20241014-02153"",""CMP-20241114-03725"",""CMP-20241119-04010"",""CMP-20241229-06086"",""CMP-20250310-09865"",""CMP-20250606-14817"",""CMP-20250609-15046"",""CMP-20250611-15152"",""CMP-20250621-15731"",""CMP-20250624-15871"",""CMP-20250820-19240""]",Airtel Payments Bank,savings,Tamil Nadu,275100.00,13,True
5db6188e-d99d-4f92-a68e-298609dc10f3,"[""CMP-20241026-02780"",""CMP-20241109-03503"",""CMP-20250128-07677"",""CMP-20250228-09272"",""CMP-20250307-09708"",""CMP-20250406-11437"",""CMP-20250418-12074"",""CMP-20250524-14092"",""CMP-20250705-16530"",""CMP-20250710-16809"",""CMP-20250823-19416""]",Airtel Payments Bank,savings,Rajasthan,430800.00,11,True
41a17f12-1797-4198-a26e-46aade67bc25,"[""CMP-20240908-00374"",""CMP-20241108-03388"",""CMP-20250101-06241"",""CMP-20250509-13215"",""CMP-20250510-13261"",""CMP-20250823-19409""]",Axis Bank,savings,Tamil Nadu,223100.00,6,False
41191e4c-cf2c-4a04-a042-93cb460ef61b,"[""CMP-20241109-03490"",""CMP-20241120-04041"",""CMP-20241208-04953"",""CMP-20250219-08853"",""CMP-20250223-09088"",""CMP-20250404-11275"",""CMP-20250411-11609"",""CMP-20250427-12604"",""CMP-20250523-14052"",""CMP-20250607-14915"",""CMP-20250719-17386""]",Bank of Baroda,savings,Rajasthan,515100.00,11,False
6af9561b-f5c7-4c33-ab22-f3def4090e5d,"[""CMP-20241107-03352"",""CMP-20250228-09278"",""CMP-20250307-09687"",""CMP-20250321-10462"",""CMP-20250326-10770"",""CMP-20250722-17574"",""CMP-20250827-19667""]",Axis Bank,savings,Tamil Nadu,337700.00,7,True
92ebc281-5aa3-4bb9-ab2a-c82dc9867b8d,"[""CMP-20241017-02299"",""CMP-20241028-02870"",""CMP-20241029-02890"",""CMP-20241216-05373"",""CMP-20250120-07249"",""CMP-20250210-08368"",""CMP-20250321-10422"",""CMP-20250416-11943"",""CMP-20250807-18464""]",SBI,savings,Uttar Pradesh,277800.00,9,True
1ad58eac-6fbb-4776-a0c3-4f69be11aa53,"[""CMP-20241015-02181"",""CMP-20241026-02755"",""CMP-20250625-15910"",""CMP-20250816-19024""]",Paytm Payments Bank,savings,Jharkhand,281900.00,4,False
8e56cd56-15a9-4a44-a756-fd629d39acb6,"[""CMP-20240919-00870"",""CMP-20241015-02186"",""CMP-20241018-02363"",""CMP-20241111-03605"",""CMP-20241128-04472"",""CMP-20250323-10645"",""CMP-20250511-13349"",""CMP-20250602-14628"",""CMP-20250606-14806"",""CMP-20250628-16108"",""CMP-20250711-16922"",""CMP-20250715-17144"",""CMP-20250807-18468""]",Paytm Payments Bank,savings,Jharkhand,419400.00,13,True
6c02bda9-6d23-4aeb-abbf-cede2c5199a9,"[""CMP-20240918-00807"",""CMP-20241010-01897"",""CMP-20241214-05281""]",Indian Bank,savings,Jharkhand,135000.00,3,False
cbb1cab7-cf67-4dbb-adfa-9e9f994f905a,"[""CMP-20241103-03177"",""CMP-20241127-04416"",""CMP-20241222-05723"",""CMP-20241226-05876"",""CMP-20250106-06491"",""CMP-20250315-10150"",""CMP-20250423-12365"",""CMP-20250621-15737"",""CMP-20250701-16283""]",HDFC,savings,Uttar Pradesh,169500.00,9,False
def550d8-d6ef-4968-ae30-8af0d45c3cec,"[""CMP-20240920-00907"",""CMP-20241215-05341"",""CMP-20241227-05946"",""CMP-20250104-06387"",""CMP-20250311-09935"",""CMP-20250429-12652"",""CMP-20250519-13813"",""CMP-20250813-18821""]",Axis Bank,savings,Uttar Pradesh,244400.00,8,False
cc96e3a1-8cd8-45c4-a4f7-e61113c0f928,"[""CMP-20241219-05526"",""CMP-20241224-05807"",""CMP-20241229-06063"",""CMP-20250120-07257"",""CMP-20250406-11433"",""CMP-20250417-12005"",""CMP-20250516-13634"",""CMP-20250610-15087"",""CMP-20250721-17497""]",SBI,savings,Uttar Pradesh,186400.00,9,False
03e9b2c0-2de4-4983-a1da-cedb76959371,"[""CMP-20240908-00356"",""CMP-20241011-01946"",""CMP-20241203-04709"",""CMP-20241217-05436"",""CMP-20241220-05559"",""CMP-20250218-08787"",""CMP-20250315-10128"",""CMP-20250330-11033"",""CMP-20250510-13293"",""CMP-20250621-15726"",""CMP-20250630-16266"",""CMP-20250707-16664"",""CMP-20250719-17402"",""CMP-20250822-19371""]",Airtel Payments Bank,savings,West Bengal,480200.00,14,True
5f8b4da0-cbab-41cc-aa2c-a717220fee07,"[""CMP-20241027-02799"",""CMP-20250321-10411"",""CMP-20250406-11381"",""CMP-20250422-12312"",""CMP-20250509-13186"",""CMP-20250528-14315"",""CMP-20250804-18325"",""CMP-20250817-19076""]",SBI,savings,Rajasthan,398700.00,8,False
71007946-1489-46c3-a87e-cb62cf531474,"[""CMP-20250508-13153"",""CMP-20250515-13537"",""CMP-20250615-15391"",""CMP-20250826-19608"",""CMP-20250831-19966""]",SBI,savings,Rajasthan,244500.00,5,False
4c63c22e-bb91-4fa8-a2e7-6779d73688ac,"[""CMP-20241222-05669"",""CMP-20250106-06507"",""CMP-20250110-06654"",""CMP-20250305-09608"",""CMP-20250323-10632"",""CMP-20250503-12904"",""CMP-20250513-13427"",""CMP-20250808-18527"",""CMP-20250809-18653""]",ICICI,savings,Rajasthan,698800.00,9,True
608edb0a-2dc7-4c22-acfd-f4237d4bf20e,"[""CMP-20241116-03836"",""CMP-20241116-03855"",""CMP-20250109-06614"",""CMP-20250110-06676"",""CMP-20250206-08140"",""CMP-20250209-08306"",""CMP-20250502-12848"",""CMP-20250729-17942""]",Indian Bank,savings,Uttar Pradesh,244500.00,8,False
c40bfdb5-f5b0-4fa2-a677-5ac9d09d7dd2,"[""CMP-20241117-03871"",""CMP-20241228-06031"",""CMP-20250302-09433"",""CMP-20250406-11402"",""CMP-20250603-14655"",""CMP-20250614-15306""]",Paytm Payments Bank,savings,Uttar Pradesh,248200.00,6,False
e146a79d-122e-4e42-a709-9cd7e9edf500,"[""CMP-20250211-08440"",""CMP-20250313-10001"",""CMP-20250408-11513"",""CMP-20250629-16222"",""CMP-20250707-16696"",""CMP-20250812-18779""]",Paytm Payments Bank,savings,Jharkhand,212700.00,6,False
2eedcafa-252d-40e4-a9af-e28a5590c33c,"[""CMP-20240903-00098"",""CMP-20241012-02040"",""CMP-20241019-02406"",""CMP-20250422-12328"",""CMP-20250423-12371"",""CMP-20250608-14960"",""CMP-20250705-16541"",""CMP-20250727-17817"",""CMP-20250805-18408"",""CMP-20250811-18763"",""CMP-20250827-19708""]",ICICI,savings,Uttar Pradesh,756300.00,11,True
c3a0441d-467f-4598-aa81-7a015f5e2085,"[""CMP-20240925-01190"",""CMP-20241012-02029"",""CMP-20241103-03173"",""CMP-20241130-04604"",""CMP-20241205-04801"",""CMP-20241228-05994"",""CMP-20250103-06287"",""CMP-20250106-06518"",""CMP-20250112-06840"",""CMP-20250208-08217"",""CMP-20250320-10409"",""CMP-20250622-15791"",""CMP-20250625-15949""]",HDFC,savings,Rajasthan,418400.00,13,False
7b37da76-7e03-43ac-ab53-cb1c5ff3eda2,"[""CMP-20250214-08565"",""CMP-20250221-08952"",""CMP-20250316-10210"",""CMP-20250323-10578"",""CMP-20250401-11145"",""CMP-20250604-14703"",""CMP-20250710-16830""]",Indian Bank,savings,Karnataka,399500.00,7,True
e1f9aa24-1694-4ccc-a9e4-e2a659c77c52,"[""CMP-20241110-03531"",""CMP-20241111-03591"",""CMP-20241112-03625"",""CMP-20250118-07144"",""CMP-20250215-08623"",""CMP-20250717-17254""]",HDFC,savings,Maharashtra,260900.00,6,False
22ad873f-5893-45e2-a915-f042ce3fc290,"[""CMP-20241001-01470"",""CMP-20241005-01661"",""CMP-20241005-01708"",""CMP-20241205-04797"",""CMP-20250121-07299"",""CMP-20250423-12373"",""CMP-20250718-17328"",""CMP-20250803-18247""]",Axis Bank,savings,Jharkhand,320800.00,8,False
d1d5e2f6-c9bc-4bfe-ad99-0123bfd12d70,"[""CMP-20241201-04615"",""CMP-20241220-05546"",""CMP-20250225-09174"",""CMP-20250313-10038"",""CMP-20250415-11867"",""CMP-20250426-12510""]",Bank of Baroda,savings,Tamil Nadu,347200.00,6,False
9b5238a7-9bb1-4698-af41-83c7f27f11b5,"[""CMP-20240901-00022"",""CMP-20241028-02875"",""CMP-20241110-03548"",""CMP-20241229-06107"",""CMP-20250105-06435"",""CMP-20250223-09060"",""CMP-20250307-09660"",""CMP-20250522-13945"",""CMP-20250828-19721""]",Indian Bank,savings,Rajasthan,693600.00,9,True
7f071d6e-b796-48cd-ae02-8c47a1530917,"[""CMP-20240917-00775"",""CMP-20240921-00971"",""CMP-20241003-01582"",""CMP-20241030-02931"",""CMP-20241129-04499"",""CMP-20250102-06251"",""CMP-20250104-06371"",""CMP-20250303-09493"",""CMP-20250310-09873"",""CMP-20250611-15122"",""CMP-20250721-17491""]",HDFC,savings,Uttar Pradesh,671200.00,11,True
2f2596d9-f48a-4c5a-a7e8-078e542b81ba,"[""CMP-20241010-01902"",""CMP-20241220-05565"",""CMP-20250405-11347"",""CMP-20250409-11526"",""CMP-20250501-12781"",""CMP-20250821-19272"",""CMP-20250824-19501""]",Indian Bank,savings,Jharkhand,258000.00,7,False
000e575c-8a7b-421a-ade0-d2ebab290141,"[""CMP-20240918-00835"",""CMP-20250103-06303"",""CMP-20250216-08698"",""CMP-20250308-09720"",""CMP-20250427-12588"",""CMP-20250510-13299"",""CMP-20250604-14735"",""CMP-20250607-14918"",""CMP-20250817-19081"",""CMP-20250818-19143""]",SBI,savings,Karnataka,340700.00,10,False
d432a622-c5d9-444f-a852-fd261b8c9072,"[""CMP-20241027-02819"",""CMP-20241124-04311"",""CMP-20250330-10981"",""CMP-20250409-11521"",""CMP-20250420-12205"",""CMP-20250426-12479"",""CMP-20250702-16365"",""CMP-20250718-17334"",""CMP-20250728-17900"",""CMP-20250806-18432""]",Airtel Payments Bank,savings,West Bengal,429800.00,10,False
610fe029-40a2-4149-a80e-60bffbf073bc,"[""CMP-20241013-02083"",""CMP-20250108-06586"",""CMP-20250330-11027"",""CMP-20250417-11992"",""CMP-20250420-12229"",""CMP-20250425-12417"",""CMP-20250513-13437"",""CMP-20250719-17407""]",Axis Bank,savings,Uttar Pradesh,229000.00,8,False
eff99da3-2eb6-4ceb-a517-6ddef69a78cf,"[""CMP-20240903-00124"",""CMP-20241129-04519"",""CMP-20250307-09653"",""CMP-20250516-13583"",""CMP-20250530-14396"",""CMP-20250606-14813"",""CMP-20250612-15185"",""CMP-20250730-18015"",""CMP-20250802-18204""]",ICICI,savings,Jharkhand,414900.00,9,False
0496c7f8-267d-4d6a-aec7-e3da8a3d1c74,"[""CMP-20240908-00370"",""CMP-20240919-00868"",""CMP-20240922-01013"",""CMP-20241026-02774"",""CMP-20241120-04023"",""CMP-20241204-04747"",""CMP-20241226-05916"",""CMP-20250121-07311"",""CMP-20250322-10524"",""CMP-20250504-12995"",""CMP-20250509-13241"",""CMP-20250710-16827"",""CMP-20250723-17580"",""CMP-20250827-19668""]",Paytm Payments Bank,wallet,Rajasthan,669400.00,14,True
5efb595f-b1d9-4e96-a870-df32f9c8837b,"[""CMP-20241018-02305"",""CMP-20241031-02975"",""CMP-20250203-07972"",""CMP-20250210-08367"",""CMP-20250306-09621"",""CMP-20250328-10847"",""CMP-20250522-13932"",""CMP-20250818-19175""]",Paytm Payments Bank,wallet,Jharkhand,255700.00,8,False
aee11a40-2d74-4fff-a250-a9440c3f5d6e,"[""CMP-20240930-01440"",""CMP-20241026-02741"",""CMP-20241027-02829"",""CMP-20241104-03197"",""CMP-20250117-07043"",""CMP-20250308-09749"",""CMP-20250413-11796"",""CMP-20250530-14365"",""CMP-20250530-14381"",""CMP-20250817-19113""]",SBI,savings,Uttar Pradesh,291300.00,10,True
9d1ed774-24df-4a55-a847-3ee64e0485bf,"[""CMP-20240921-00970"",""CMP-20241009-01876"",""CMP-20250106-06501"",""CMP-20250204-08019"",""CMP-20250302-09408"",""CMP-20250305-09559"",""CMP-20250418-12014"",""CMP-20250513-13459"",""CMP-20250706-16600"",""CMP-20250822-19355"",""CMP-20250823-19434""]",ICICI,savings,Uttar Pradesh,587100.00,11,False
6b21bad8-1098-47d5-ad61-67194bd795cc,"[""CMP-20241229-06114"",""CMP-20250201-07882"",""CMP-20250316-10157"",""CMP-20250316-10184"",""CMP-20250316-10204"",""CMP-20250411-11657"",""CMP-20250506-13050"",""CMP-20250628-16083"",""CMP-20250706-16639"",""CMP-20250712-16965"",""CMP-20250830-19874""]",Airtel Payments Bank,savings,Karnataka,384200.00,11,True
4f082c2c-42db-4133-ae71-1d6d8bf0a052,"[""CMP-20241003-01577"",""CMP-20241125-04314"",""CMP-20250112-06796"",""CMP-20250308-09770"",""CMP-20250308-09776"",""CMP-20250506-13063"",""CMP-20250803-18249"",""CMP-20250810-18702"",""CMP-20250819-19182""]",Paytm Payments Bank,wallet,Jharkhand,402300.00,9,False
3eee6e1b-cd80-4dec-a03c-c8d060accea0,"[""CMP-20240923-01070"",""CMP-20241009-01875"",""CMP-20241207-04912"",""CMP-20241219-05525"",""CMP-20250106-06473"",""CMP-20250120-07271"",""CMP-20250330-11014"",""CMP-20250608-14983"",""CMP-20250614-15280"",""CMP-20250713-17010"",""CMP-20250820-19250"",""CMP-20250829-19770""]",Indian Bank,savings,Rajasthan,657700.00,12,False
ccac2721-71dc-4e13-a651-15298a130ece,"[""CMP-20241025-02704"",""CMP-20241107-03347"",""CMP-20241117-03866"",""CMP-20241124-04302"",""CMP-20250124-07461"",""CMP-20250419-12104"",""CMP-20250721-17520""]",Canara Bank,savings,Karnataka,138900.00,7,False
59cc7204-cb98-4f93-a103-a35c21aacd27,"[""CMP-20240906-00267"",""CMP-20240914-00662"",""CMP-20241031-02989"",""CMP-20250226-09193"",""CMP-20250601-14518"",""CMP-20250621-15708"",""CMP-20250720-17460"",""CMP-20250811-18728"",""CMP-20250825-19551""]",Canara Bank,savings,Karnataka,1004800.00,9,True
dcf0cc26-91a8-4aba-a01a-9c4b1755bea2,"[""CMP-20240929-01375"",""CMP-20241024-02658"",""CMP-20241121-04063"",""CMP-20241123-04223"",""CMP-20241221-05604"",""CMP-20250212-08452"",""CMP-20250214-08580"",""CMP-20250328-10829"",""CMP-20250510-13278"",""CMP-20250602-14624"",""CMP-20250612-15188"",""CMP-20250707-16691"",""CMP-20250711-16902"",""CMP-20250826-19640""]",ICICI,savings,Rajasthan,611100.00,14,True
d92f3468-758a-49a2-a75b-702f2cf66081,"[""CMP-20240901-00009"",""CMP-20240915-00684"",""CMP-20241102-03064"",""CMP-20241202-04694"",""CMP-20241213-05214"",""CMP-20250318-10277"",""CMP-20250409-11553"",""CMP-20250801-18134""]",Axis Bank,savings,Tamil Nadu,307600.00,8,False
d89953c5-9e24-46d3-af4f-3fc0db8c5c33,"[""CMP-20240902-00069"",""CMP-20250110-06707"",""CMP-20250126-07585"",""CMP-20250131-07821"",""CMP-20250311-09944""]",Bank of Baroda,savings,Uttar Pradesh,299300.00,5,True
f1f7bb9d-1a56-4d9b-a431-0be177ba8d7f,"[""CMP-20240906-00249"",""CMP-20241107-03349"",""CMP-20241215-05340"",""CMP-20250217-08732"",""CMP-20250323-10620"",""CMP-20250517-13701"",""CMP-20250629-16185"",""CMP-20250715-17152"",""CMP-20250810-18711""]",Airtel Payments Bank,savings,Jharkhand,494100.00,9,False
f24c14a0-5c6a-408e-a533-8b6d1d5a3be9,"[""CMP-20240923-01062"",""CMP-20241011-02004"",""CMP-20241021-02506"",""CMP-20241207-04899"",""CMP-20250122-07366"",""CMP-20250427-12555"",""CMP-20250519-13836"",""CMP-20250522-13962"",""CMP-20250523-14008"",""CMP-20250605-14785""]",Paytm Payments Bank,savings,Jharkhand,456500.00,10,False
648a0115-6f04-49f9-aafe-7c6eb34f99d7,"[""CMP-20241106-03332"",""CMP-20250205-08073"",""CMP-20250227-09256"",""CMP-20250627-16014"",""CMP-20250815-18917"",""CMP-20250829-19840""]",Axis Bank,savings,Rajasthan,250700.00,6,True
7a7115ce-186e-400a-afe1-d9b1fa2d846d,"[""CMP-20240928-01309"",""CMP-20241017-02264"",""CMP-20241216-05379"",""CMP-20241222-05678"",""CMP-20241224-05794"",""CMP-20241226-05903"",""CMP-20250205-08086"",""CMP-20250223-09089"",""CMP-20250407-11464"",""CMP-20250620-15603"",""CMP-20250620-15636"",""CMP-20250622-15764"",""CMP-20250713-17033"",""CMP-20250714-17096"",""CMP-20250726-17762"",""CMP-20250801-18155"",""CMP-20250820-19231""]",Airtel Payments Bank,wallet,Karnataka,793900.00,17,True
91af6cdd-8296-4429-a280-caa2490cc946,"[""CMP-20240905-00194"",""CMP-20241001-01476"",""CMP-20241005-01695"",""CMP-20241027-02810"",""CMP-20250118-07117"",""CMP-20250203-07977"",""CMP-20250210-08379"",""CMP-20250308-09722"",""CMP-20250322-10521"",""CMP-20250403-11225"",""CMP-20250609-15027"",""CMP-20250808-18573""]",Indian Bank,savings,Karnataka,493800.00,12,True
2c88f47c-22df-4680-a130-ada0e5fb78d6,"[""CMP-20240906-00220"",""CMP-20241123-04159"",""CMP-20241202-04675"",""CMP-20241219-05518"",""CMP-20250402-11179"",""CMP-20250412-11691"",""CMP-20250501-12791"",""CMP-20250618-15545"",""CMP-20250826-19652""]",Airtel Payments Bank,savings,Jharkhand,601600.00,9,True
c243c844-f7dc-4ce5-a040-e9c6d78173fe,"[""CMP-20240926-01234"",""CMP-20240929-01384"",""CMP-20241027-02792"",""CMP-20241118-03964"",""CMP-20241206-04841"",""CMP-20241208-04942"",""CMP-20250122-07333"",""CMP-20250221-08959"",""CMP-20250302-09399"",""CMP-20250504-12934"",""CMP-20250602-14634"",""CMP-20250603-14640"",""CMP-20250606-14818"",""CMP-20250615-15373"",""CMP-20250628-16093"",""CMP-20250803-18248"",""CMP-20250818-19158""]",HDFC,savings,Tamil Nadu,391800.00,17,True
c89c1594-722c-4121-ad19-cda2e56bba0d,"[""CMP-20240921-00954"",""CMP-20241024-02627"",""CMP-20241106-03328"",""CMP-20241220-05550"",""CMP-20250128-07685"",""CMP-20250215-08596"",""CMP-20250306-09647"",""CMP-20250512-13398"",""CMP-20250615-15351"",""CMP-20250618-15552"",""CMP-20250629-16184"",""CMP-20250703-16408""]",Paytm Payments Bank,savings,West Bengal,398300.00,12,True
8a0d296a-ca7d-47f1-af8c-bee1b4529703,"[""CMP-20250124-07478"",""CMP-20250401-11117"",""CMP-20250418-12046"",""CMP-20250504-12946"",""CMP-20250509-13245"",""CMP-20250517-13717"",""CMP-20250727-17826""]",Airtel Payments Bank,wallet,Jharkhand,280600.00,7,True
7f5f007f-dceb-4b1d-a5b0-76878eec12ab,"[""CMP-20240929-01420"",""CMP-20241010-01932"",""CMP-20250207-08168"",""CMP-20250227-09241"",""CMP-20250518-13783"",""CMP-20250706-16599"",""CMP-20250718-17281"",""CMP-20250811-18736""]",Indian Bank,savings,Uttar Pradesh,405500.00,8,False
5e3b8028-4bb6-487b-a907-5d49995c20f5,"[""CMP-20241010-01894"",""CMP-20241019-02402"",""CMP-20241209-05003"",""CMP-20241231-06192"",""CMP-20250503-12890"",""CMP-20250531-14453"",""CMP-20250713-17067"",""CMP-20250716-17208""]",Airtel Payments Bank,wallet,Karnataka,357400.00,8,True
87b4d0fc-cfa8-43a1-a62e-e704996f68ad,"[""CMP-20240909-00397"",""CMP-20240921-00959"",""CMP-20241003-01561"",""CMP-20241005-01665"",""CMP-20241013-02113"",""CMP-20241117-03926"",""CMP-20241118-03948"",""CMP-20250120-07244"",""CMP-20250321-10413"",""CMP-20250627-16004"",""CMP-20250807-18481"",""CMP-20250828-19748""]",Canara Bank,savings,Karnataka,560600.00,12,True
e0ceb0cf-3f2c-49e1-a78b-11f2885a4d8f,"[""CMP-20240911-00488"",""CMP-20240914-00668"",""CMP-20241104-03227"",""CMP-20241226-05888"",""CMP-20241231-06155"",""CMP-20250212-08470"",""CMP-20250420-12218"",""CMP-20250725-17683"",""CMP-20250822-19339""]",SBI,savings,Rajasthan,387600.00,9,False
74007caa-ac9d-4f83-ac71-8076009916a7,"[""CMP-20240902-00060"",""CMP-20250320-10406"",""CMP-20250715-17125"",""CMP-20250811-18725""]",SBI,savings,Maharashtra,188100.00,4,False
2cd74081-2802-49a5-a280-892a8ae4cd99,"[""CMP-20241026-02779"",""CMP-20241106-03334"",""CMP-20241125-04319"",""CMP-20241129-04521"",""CMP-20241223-05724"",""CMP-20250112-06799"",""CMP-20250119-07198"",""CMP-20250121-07302"",""CMP-20250204-08044"",""CMP-20250227-09227"",""CMP-20250402-11197"",""CMP-20250528-14290"",""CMP-20250601-14559"",""CMP-20250613-15202"",""CMP-20250621-15702"",""CMP-20250627-16025"",""CMP-20250715-17130"",""CMP-20250817-19105""]",Paytm Payments Bank,wallet,Rajasthan,511600.00,18,True
cae44b56-01ab-49bc-afbc-6783b583e72f,"[""CMP-20240922-01016"",""CMP-20241126-04371"",""CMP-20241127-04415"",""CMP-20250131-07791"",""CMP-20250301-09348"",""CMP-20250331-11080"",""CMP-20250421-12246"",""CMP-20250424-12410"",""CMP-20250430-12740"",""CMP-20250430-12742"",""CMP-20250522-13937"",""CMP-20250605-14767""]",Axis Bank,savings,West Bengal,670900.00,12,True
ea62fb50-9907-4a35-a29a-a4e85dd0d2ba,"[""CMP-20241002-01502"",""CMP-20241021-02509"",""CMP-20250304-09519"",""CMP-20250411-11646"",""CMP-20250607-14910"",""CMP-20250701-16302"",""CMP-20250705-16544"",""CMP-20250818-19159""]",Paytm Payments Bank,savings,Karnataka,759700.00,8,True
55b6e76a-0671-4f3d-afe0-a23a5a0ac00e,"[""CMP-20241024-02639"",""CMP-20241118-03979"",""CMP-20250412-11674"",""CMP-20250414-11837"",""CMP-20250709-16783""]",Axis Bank,savings,Maharashtra,327300.00,5,True
6bbc0e3f-7188-423d-a1f1-b1dfc409a4c6,"[""CMP-20240912-00530"",""CMP-20240923-01094"",""CMP-20241225-05840"",""CMP-20250124-07451"",""CMP-20250620-15644""]",Axis Bank,savings,Jharkhand,196000.00,5,True
66d4a386-ce8c-4274-aa37-ade9bb42a667,"[""CMP-20241206-04851"",""CMP-20250123-07413"",""CMP-20250503-12883"",""CMP-20250616-15430"",""CMP-20250617-15507""]",Paytm Payments Bank,wallet,Uttar Pradesh,182700.00,5,False
42d98838-9a88-4df8-a69f-2161fc6794b7,"[""CMP-20241221-05645"",""CMP-20250125-07512"",""CMP-20250209-08328"",""CMP-20250215-08653"",""CMP-20250406-11394"",""CMP-20250411-11661"",""CMP-20250518-13793"",""CMP-20250722-17566""]",HDFC,savings,Tamil Nadu,196100.00,8,False
35dcab8d-43b1-4ab5-a5f6-aa8d939004ad,"[""CMP-20240907-00271"",""CMP-20241004-01591"",""CMP-20250103-06337"",""CMP-20250226-09207"",""CMP-20250406-11390"",""CMP-20250503-12902"",""CMP-20250601-14536"",""CMP-20250727-17840""]",Canara Bank,savings,Rajasthan,293700.00,8,True
be219764-b5ed-4c37-a406-3365df9da9ce,"[""CMP-20241105-03242"",""CMP-20241106-03322"",""CMP-20241215-05337"",""CMP-20250130-07772"",""CMP-20250311-09915"",""CMP-20250317-10239"",""CMP-20250530-14400"",""CMP-20250720-17438""]",Canara Bank,savings,Uttar Pradesh,341100.00,8,True
fccabd17-13c4-46a9-ab0e-a444b22ee5ed,"[""CMP-20241003-01559"",""CMP-20250301-09385"",""CMP-20250303-09469"",""CMP-20250420-12230"",""CMP-20250512-13400"",""CMP-20250629-16139""]",SBI,savings,Jharkhand,209200.00,6,False
73b4cd12-025d-4135-af08-a6a5a5d60412,"[""CMP-20240911-00470"",""CMP-20250222-08961"",""CMP-20250325-10705"",""CMP-20250402-11159"",""CMP-20250419-12129"",""CMP-20250427-12575"",""CMP-20250707-16695"",""CMP-20250802-18176""]",Bank of Baroda,savings,Uttar Pradesh,295300.00,8,False
6ec46176-bc41-4822-aac4-0bbd58012b67,"[""CMP-20241020-02440"",""CMP-20241031-02971"",""CMP-20241109-03496"",""CMP-20241229-06111"",""CMP-20250114-06921"",""CMP-20250509-13177"",""CMP-20250525-14125"",""CMP-20250701-16286"",""CMP-20250713-17042""]",HDFC,savings,Jharkhand,591700.00,9,True
24259d17-e60f-4284-a464-740972a58280,"[""CMP-20241021-02527"",""CMP-20241025-02682"",""CMP-20250120-07272"",""CMP-20250124-07433"",""CMP-20250206-08143"",""CMP-20250302-09451"",""CMP-20250309-09828"",""CMP-20250330-10983"",""CMP-20250424-12393"",""CMP-20250828-19733""]",Bank of Baroda,savings,Tamil Nadu,635800.00,10,True
24519c73-9364-431b-ad20-78a06f35df35,"[""CMP-20241017-02262"",""CMP-20241126-04361"",""CMP-20241208-04991"",""CMP-20241215-05324"",""CMP-20250324-10693"",""CMP-20250503-12929"",""CMP-20250603-14684"",""CMP-20250627-16035"",""CMP-20250712-16933"",""CMP-20250826-19609""]",HDFC,savings,Karnataka,377700.00,10,False
b6efaa81-f084-4519-a2fe-9884085439fa,"[""CMP-20240913-00570"",""CMP-20240922-00998"",""CMP-20241009-01853"",""CMP-20241018-02358"",""CMP-20241119-04002"",""CMP-20241129-04501"",""CMP-20250125-07529"",""CMP-20250126-07567"",""CMP-20250218-08788"",""CMP-20250319-10327"",""CMP-20250402-11175"",""CMP-20250415-11898"",""CMP-20250614-15316"",""CMP-20250824-19517""]",Airtel Payments Bank,wallet,Jharkhand,479400.00,14,True
713f7abe-9d44-4db8-a33a-f926cb8faae4,"[""CMP-20241103-03175"",""CMP-20241118-03932"",""CMP-20241220-05585"",""CMP-20250127-07637"",""CMP-20250226-09200"",""CMP-20250506-13046"",""CMP-20250510-13255"",""CMP-20250607-14911"",""CMP-20250717-17215"",""CMP-20250720-17455"",""CMP-20250724-17652"",""CMP-20250726-17746"",""CMP-20250820-19222""]",Paytm Payments Bank,savings,Tamil Nadu,786100.00,13,True
1b5ecd33-136a-4037-aa69-043d531fc34d,"[""CMP-20240907-00288"",""CMP-20241201-04645"",""CMP-20241224-05815"",""CMP-20241228-06018"",""CMP-20250226-09186"",""CMP-20250321-10445"",""CMP-20250422-12315"",""CMP-20250511-13335""]",Axis Bank,savings,Jharkhand,431000.00,8,True
f29d5a9f-765f-4436-a899-37735f3cdb21,"[""CMP-20250127-07616"",""CMP-20250303-09468"",""CMP-20250512-13388"",""CMP-20250618-15547"",""CMP-20250619-15590"",""CMP-20250710-16824"",""CMP-20250725-17735""]",Bank of Baroda,savings,West Bengal,249700.00,7,False
1b961532-2d3f-4539-ae85-c5a7399c21ad,"[""CMP-20240926-01239"",""CMP-20241016-02212"",""CMP-20250221-08930"",""CMP-20250331-11056"",""CMP-20250430-12715"",""CMP-20250520-13871"",""CMP-20250607-14931"",""CMP-20250627-16040"",""CMP-20250713-16992"",""CMP-20250813-18840"",""CMP-20250816-19009"",""CMP-20250817-19077"",""CMP-20250822-19367"",""CMP-20250828-19758""]",Canara Bank,savings,Jharkhand,748600.00,14,True
e04720d4-5473-46b4-a393-f95b04b39ddc,"[""CMP-20240917-00773"",""CMP-20240920-00884"",""CMP-20240921-00987"",""CMP-20240926-01208"",""CMP-20240926-01229"",""CMP-20241006-01743"",""CMP-20241111-03568"",""CMP-20250110-06700"",""CMP-20250221-08907"",""CMP-20250307-09664""]",SBI,savings,Karnataka,581600.00,10,True
9f10321f-f518-4d02-a8fa-8913eba32d4c,"[""CMP-20240908-00344"",""CMP-20240926-01206"",""CMP-20241109-03475"",""CMP-20241220-05545"",""CMP-20250327-10808"",""CMP-20250419-12106"",""CMP-20250419-12118"",""CMP-20250518-13762"",""CMP-20250519-13827"",""CMP-20250531-14490"",""CMP-20250531-14502"",""CMP-20250622-15754"",""CMP-20250626-15963"",""CMP-20250629-16228"",""CMP-20250803-18282"",""CMP-20250811-18764"",""CMP-20250811-18766""]",Paytm Payments Bank,savings,Rajasthan,512000.00,17,True
64ed989e-0bcd-4953-a18e-e712acbdcea3,"[""CMP-20241013-02098"",""CMP-20250111-06766"",""CMP-20250201-07902"",""CMP-20250303-09471"",""CMP-20250320-10402"",""CMP-20250324-10686"",""CMP-20250407-11454"",""CMP-20250417-12002"",""CMP-20250517-13657""]",HDFC,savings,Tamil Nadu,332700.00,9,False
7f6d48e8-1ddb-4c6e-a294-01e0d4a7b438,"[""CMP-20240929-01367"",""CMP-20241005-01679"",""CMP-20241018-02352"",""CMP-20241023-02609"",""CMP-20250416-11940"",""CMP-20250428-12617"",""CMP-20250505-13020""]",ICICI,savings,Rajasthan,282600.00,7,True
84ea8de9-e724-4a56-a6f9-4cf911d8a10e,"[""CMP-20241014-02152"",""CMP-20241106-03297"",""CMP-20241123-04218"",""CMP-20250104-06373"",""CMP-20250327-10799"",""CMP-20250403-11218"",""CMP-20250522-13943"",""CMP-20250525-14134""]",Paytm Payments Bank,wallet,Tamil Nadu,323300.00,8,True
4122811e-da3c-4244-a904-70cbf2575ea7,"[""CMP-20241103-03157"",""CMP-20241224-05809"",""CMP-20250228-09302"",""CMP-20250415-11877"",""CMP-20250830-19895""]",Paytm Payments Bank,savings,Rajasthan,193200.00,5,False
e0d02e11-14a7-4db4-aafb-8f02ee9e1730,"[""CMP-20241127-04418"",""CMP-20241214-05234"",""CMP-20250421-12244"",""CMP-20250623-15818"",""CMP-20250706-16651"",""CMP-20250712-16977"",""CMP-20250722-17571""]",Canara Bank,savings,Rajasthan,878700.00,7,True
ed08cc1b-c5b6-433a-a23c-e0561fea05e4,"[""CMP-20240914-00626"",""CMP-20240925-01147"",""CMP-20241004-01594"",""CMP-20241019-02384"",""CMP-20241116-03850"",""CMP-20241117-03917"",""CMP-20241215-05351"",""CMP-20250204-08008"",""CMP-20250222-08997"",""CMP-20250430-12702"",""CMP-20250628-16082"",""CMP-20250724-17663""]",Paytm Payments Bank,savings,Karnataka,737600.00,12,False
e48ce4b1-02c4-45e0-abca-e4e19b54f819,"[""CMP-20240901-00026"",""CMP-20241006-01713"",""CMP-20250104-06386"",""CMP-20250420-12160"",""CMP-20250421-12270"",""CMP-20250530-14423"",""CMP-20250817-19087""]",ICICI,savings,Jharkhand,365600.00,7,False
7a3e7314-fa11-4be5-a77b-2669de87f851,"[""CMP-20240914-00634"",""CMP-20240916-00743"",""CMP-20241023-02587"",""CMP-20241121-04058"",""CMP-20241221-05626"",""CMP-20250208-08279"",""CMP-20250227-09245"",""CMP-20250307-09711"",""CMP-20250613-15211"",""CMP-20250710-16841"",""CMP-20250803-18236"",""CMP-20250818-19131"",""CMP-20250825-19547"",""CMP-20250827-19664""]",Paytm Payments Bank,savings,Jharkhand,729600.00,14,True
3ca99542-a366-4863-a2bd-71eabe234de1,"[""CMP-20240903-00104"",""CMP-20240907-00315"",""CMP-20241024-02644"",""CMP-20241209-05044"",""CMP-20241228-06021"",""CMP-20250222-09015"",""CMP-20250305-09588"",""CMP-20250322-10549"",""CMP-20250403-11238""]",ICICI,savings,Tamil Nadu,278400.00,9,False
2e9abfba-c97b-412e-a0d9-5e78b70091c3,"[""CMP-20241016-02239"",""CMP-20241226-05891"",""CMP-20250222-09020"",""CMP-20250404-11285"",""CMP-20250504-12979"",""CMP-20250518-13772"",""CMP-20250708-16744"",""CMP-20250725-17712"",""CMP-20250728-17924"",""CMP-20250730-17996""]",Airtel Payments Bank,savings,Tamil Nadu,437600.00,10,True
391c5f96-c28a-48c3-a3af-3a90315a7c3e,"[""CMP-20240904-00159"",""CMP-20240927-01242"",""CMP-20241112-03620"",""CMP-20241119-04012"",""CMP-20241213-05184"",""CMP-20250115-06961"",""CMP-20250116-06983"",""CMP-20250120-07263"",""CMP-20250222-08979"",""CMP-20250418-12068"",""CMP-20250419-12094"",""CMP-20250801-18107"",""CMP-20250810-18679"",""CMP-20250824-19469""]",HDFC,savings,Rajasthan,690000.00,14,True
d99a4595-6579-4f84-aef6-de8a9f3414a3,"[""CMP-20241026-02746"",""CMP-20250102-06255"",""CMP-20250109-06618"",""CMP-20250131-07819"",""CMP-20250303-09497"",""CMP-20250309-09803"",""CMP-20250504-12987"",""CMP-20250616-15433"",""CMP-20250728-17875"",""CMP-20250803-18255""]",ICICI,savings,Jharkhand,392100.00,10,False
190e276e-6d63-4c70-ad37-5a24e599a1f7,"[""CMP-20240915-00704"",""CMP-20241011-01972"",""CMP-20241213-05223"",""CMP-20250105-06441"",""CMP-20250307-09689"",""CMP-20250408-11487"",""CMP-20250508-13150"",""CMP-20250614-15281"",""CMP-20250705-16509"",""CMP-20250808-18522""]",Airtel Payments Bank,savings,Uttar Pradesh,521800.00,10,True
ae6a9f6e-ad7a-42b6-a8c7-5c626041c80e,"[""CMP-20240921-00985"",""CMP-20241005-01685"",""CMP-20250111-06762"",""CMP-20250116-07013"",""CMP-20250309-09843"",""CMP-20250321-10450"",""CMP-20250405-11351"",""CMP-20250510-13273"",""CMP-20250528-14298"",""CMP-20250615-15401"",""CMP-20250829-19813"",""CMP-20250831-19936""]",SBI,savings,Rajasthan,366600.00,12,False
4e2573b7-1812-4087-a425-52c03946647b,"[""CMP-20241023-02584"",""CMP-20241108-03434"",""CMP-20250602-14606""]",Paytm Payments Bank,wallet,West Bengal,59300.00,3,False
1611ac3a-201f-4247-a97d-e5968c372fb2,"[""CMP-20240919-00864"",""CMP-20241014-02138"",""CMP-20241203-04704"",""CMP-20250214-08582"",""CMP-20250311-09913"",""CMP-20250320-10369"",""CMP-20250616-15415"",""CMP-20250620-15620""]",HDFC,savings,Uttar Pradesh,450800.00,8,True
87dc9241-fbc5-4e93-a268-9aed24d5ba25,"[""CMP-20241014-02162"",""CMP-20250111-06763"",""CMP-20250122-07359"",""CMP-20250123-07377"",""CMP-20250520-13864"",""CMP-20250604-14700"",""CMP-20250614-15294"",""CMP-20250625-15950"",""CMP-20250627-16030"",""CMP-20250721-17501"",""CMP-20250806-18427"",""CMP-20250810-18659""]",HDFC,savings,Uttar Pradesh,382500.00,12,True
07763995-7fd1-41e6-aebb-b692dc2b0cfd,"[""CMP-20250412-11721"",""CMP-20250514-13503"",""CMP-20250618-15518"",""CMP-20250801-18120""]",Indian Bank,savings,Rajasthan,333100.00,4,True
5dd0b00d-dbc0-4698-ab94-f6145aff81e5,"[""CMP-20240905-00207"",""CMP-20240929-01394"",""CMP-20241220-05553"",""CMP-20250222-09016"",""CMP-20250311-09905"",""CMP-20250413-11747"",""CMP-20250621-15686"",""CMP-20250828-19728""]",HDFC,savings,Uttar Pradesh,164100.00,8,False
5a57740d-4725-432b-a6b7-190abbbf8c9a,"[""CMP-20240907-00297"",""CMP-20240919-00877"",""CMP-20240921-00972"",""CMP-20241002-01518"",""CMP-20241011-01986"",""CMP-20241020-02475"",""CMP-20241103-03151"",""CMP-20241125-04327"",""CMP-20241214-05269"",""CMP-20241230-06119"",""CMP-20250124-07460"",""CMP-20250504-12966"",""CMP-20250523-14047"",""CMP-20250705-16553"",""CMP-20250723-17603""]",Canara Bank,savings,Karnataka,478700.00,15,True
0390e0f4-99f8-40a1-ab43-ff6ef5f5416a,"[""CMP-20241015-02174"",""CMP-20250114-06893"",""CMP-20250117-07054"",""CMP-20250203-07990"",""CMP-20250207-08204"",""CMP-20250215-08618"",""CMP-20250301-09330"",""CMP-20250306-09630"",""CMP-20250402-11193"",""CMP-20250530-14388"",""CMP-20250607-14914"",""CMP-20250611-15134"",""CMP-20250712-16950"",""CMP-20250713-17044"",""CMP-20250727-17825""]",ICICI,savings,Rajasthan,660100.00,15,False
8d5a5f3b-361a-46fa-a07b-38f297462108,"[""CMP-20240916-00751"",""CMP-20241120-04039"",""CMP-20241215-05307"",""CMP-20250117-07072"",""CMP-20250120-07277"",""CMP-20250331-11073"",""CMP-20250418-12018"",""CMP-20250524-14106"",""CMP-20250606-14792"",""CMP-20250611-15136"",""CMP-20250729-17936"",""CMP-20250803-18241""]",Indian Bank,savings,Tamil Nadu,706700.00,12,True
648dcf6d-7c4a-4ef1-ad0a-041bf3e7e647,"[""CMP-20241021-02499"",""CMP-20250603-14691"",""CMP-20250606-14840"",""CMP-20250827-19690""]",Canara Bank,savings,Tamil Nadu,230300.00,4,True
40287b1f-9255-41f3-a9ab-b753c9e4148f,"[""CMP-20240921-00982"",""CMP-20241227-05947"",""CMP-20250122-07334"",""CMP-20250429-12654"",""CMP-20250531-14478"",""CMP-20250803-18258"",""CMP-20250808-18559""]",HDFC,savings,Rajasthan,305700.00,7,False
e2d93857-2b34-4c76-af52-3626f9ee4c61,"[""CMP-20241114-03753"",""CMP-20250410-11575"",""CMP-20250530-14367""]",HDFC,savings,West Bengal,163500.00,3,False
a72d8d9a-8d3f-418e-a280-c1480540fda5,"[""CMP-20240913-00593"",""CMP-20240914-00672"",""CMP-20241108-03421"",""CMP-20241212-05135"",""CMP-20250205-08055"",""CMP-20250409-11519"",""CMP-20250504-12969"",""CMP-20250702-16343"",""CMP-20250704-16453""]",Canara Bank,savings,Uttar Pradesh,207200.00,9,False
d57c5cad-88c8-44b4-ab68-9ba4c20ece49,"[""CMP-20240914-00650"",""CMP-20250122-07329"",""CMP-20250216-08670"",""CMP-20250228-09308"",""CMP-20250319-10317"",""CMP-20250604-14709"",""CMP-20250612-15186"",""CMP-20250801-18148"",""CMP-20250816-19006"",""CMP-20250826-19643""]",Canara Bank,savings,Tamil Nadu,612300.00,10,False
a482ea40-7d3c-4466-a047-8443f5949259,"[""CMP-20240911-00482"",""CMP-20241020-02457"",""CMP-20241106-03291"",""CMP-20241120-04038"",""CMP-20241228-06025"",""CMP-20250120-07247"",""CMP-20250312-09982"",""CMP-20250507-13100"",""CMP-20250524-14093"",""CMP-20250615-15384"",""CMP-20250629-16214""]",Airtel Payments Bank,savings,Uttar Pradesh,391500.00,11,True
29016b2f-e73e-4375-aa4e-a9fafcab3a05,"[""CMP-20240913-00572"",""CMP-20241006-01755"",""CMP-20241108-03382"",""CMP-20241212-05130"",""CMP-20250129-07737"",""CMP-20250217-08726"",""CMP-20250318-10286"",""CMP-20250416-11914"",""CMP-20250531-14454"",""CMP-20250823-19393""]",Paytm Payments Bank,savings,West Bengal,599800.00,10,True
b519259d-7a95-477f-a752-7c6964c2adfa,"[""CMP-20241010-01922"",""CMP-20241124-04242"",""CMP-20241206-04846"",""CMP-20250110-06661"",""CMP-20250212-08462"",""CMP-20250402-11158"",""CMP-20250404-11260"",""CMP-20250429-12685"",""CMP-20250504-12994"",""CMP-20250522-13961"",""CMP-20250605-14750"",""CMP-20250618-15519"",""CMP-20250821-19275""]",Canara Bank,savings,Jharkhand,518000.00,13,True
bbc6bf17-2005-4058-a32c-ce03c89eee38,"[""CMP-20241001-01468"",""CMP-20241009-01871"",""CMP-20241102-03067"",""CMP-20241103-03156"",""CMP-20250228-09307"",""CMP-20250502-12813"",""CMP-20250518-13770"",""CMP-20250608-14988"",""CMP-20250705-16565"",""CMP-20250709-16795"",""CMP-20250717-17236"",""CMP-20250726-17800"",""CMP-20250731-18086"",""CMP-20250817-19060""]",Canara Bank,savings,West Bengal,651800.00,14,True
10afc896-ffcb-4268-ae56-838c73b7be16,"[""CMP-20240907-00291"",""CMP-20241123-04157"",""CMP-20241213-05216"",""CMP-20250104-06365"",""CMP-20250119-07221"",""CMP-20250122-07344"",""CMP-20250207-08195"",""CMP-20250329-10950"",""CMP-20250402-11177"",""CMP-20250409-11556"",""CMP-20250620-15611"",""CMP-20250808-18551"",""CMP-20250830-19850"",""CMP-20250831-19957""]",Airtel Payments Bank,savings,Maharashtra,620100.00,14,False
b035935d-e807-4cf7-add6-a45bc8a98711,"[""CMP-20241110-03526"",""CMP-20241124-04264"",""CMP-20241208-04981"",""CMP-20241217-05424"",""CMP-20250121-07300"",""CMP-20250210-08385"",""CMP-20250424-12390""]",HDFC,savings,Jharkhand,353900.00,7,False
526e413a-a3bc-4540-ab60-4ba4b61a8b1e,"[""CMP-20241028-02851"",""CMP-20241218-05467"",""CMP-20241222-05681"",""CMP-20250116-07002"",""CMP-20250325-10720"",""CMP-20250328-10839"",""CMP-20250408-11504"",""CMP-20250428-12609"",""CMP-20250521-13912"",""CMP-20250802-18164"",""CMP-20250820-19246""]",Paytm Payments Bank,savings,Uttar Pradesh,349000.00,11,False
86dd4fb6-b830-4079-aba1-1c9e5223452f,"[""CMP-20250110-06684"",""CMP-20250118-07104"",""CMP-20250412-11711"",""CMP-20250420-12194"",""CMP-20250516-13613"",""CMP-20250517-13715"",""CMP-20250526-14193"",""CMP-20250622-15781"",""CMP-20250709-16796"",""CMP-20250713-17040"",""CMP-20250824-19505""]",Bank of Baroda,savings,West Bengal,413700.00,11,True
abac2fb3-1810-4e01-a201-0b840c9b2f09,"[""CMP-20240905-00186"",""CMP-20240907-00314"",""CMP-20241128-04439"",""CMP-20250130-07778"",""CMP-20250222-09005"",""CMP-20250222-09007"",""CMP-20250313-10007"",""CMP-20250510-13306"",""CMP-20250820-19236""]",ICICI,savings,Karnataka,264800.00,9,False
7e2b3515-bcf3-429b-ad25-21c074a39018,"[""CMP-20240907-00313"",""CMP-20241003-01562"",""CMP-20241020-02472"",""CMP-20250102-06261"",""CMP-20250502-12816"",""CMP-20250503-12888"",""CMP-20250514-13499"",""CMP-20250515-13529"",""CMP-20250609-15036"",""CMP-20250611-15123"",""CMP-20250825-19571""]",Airtel Payments Bank,wallet,Uttar Pradesh,428100.00,11,True
7c393d5a-4d29-4de1-a843-0e908d5622b8,"[""CMP-20241016-02261"",""CMP-20241128-04434"",""CMP-20250508-13158"",""CMP-20250525-14171"",""CMP-20250614-15298"",""CMP-20250704-16494"",""CMP-20250714-17109"",""CMP-20250824-19481""]",HDFC,savings,Jharkhand,327300.00,8,False
ef6c8dfc-3eb6-422a-ad8b-68e16e324250,"[""CMP-20240906-00256"",""CMP-20240907-00325"",""CMP-20241101-03060"",""CMP-20241113-03684"",""CMP-20250124-07479"",""CMP-20250511-13327"",""CMP-20250723-17581"",""CMP-20250806-18423"",""CMP-20250808-18570""]",Axis Bank,savings,Maharashtra,584300.00,9,False
44dbbdf4-a79b-4526-a00b-d5e5b724c106,"[""CMP-20241111-03598"",""CMP-20250314-10099"",""CMP-20250403-11229"",""CMP-20250524-14089""]",Paytm Payments Bank,savings,Rajasthan,296200.00,4,False
de2cb320-7cbf-4c7d-af95-d4c2a37540f8,"[""CMP-20240929-01409"",""CMP-20240930-01436"",""CMP-20241117-03865"",""CMP-20241208-04968"",""CMP-20250118-07139"",""CMP-20250301-09354"",""CMP-20250727-17855"",""CMP-20250816-19017""]",Bank of Baroda,savings,Jharkhand,222400.00,8,False
ee45fd21-2bc7-447f-ae1a-f6856205656f,"[""CMP-20241025-02709"",""CMP-20241106-03293"",""CMP-20250120-07248"",""CMP-20250308-09754"",""CMP-20250308-09779"",""CMP-20250407-11446"",""CMP-20250517-13716"",""CMP-20250716-17184"",""CMP-20250823-19379""]",Bank of Baroda,savings,Tamil Nadu,246800.00,9,True
3bfe21bf-171b-4fbd-aff8-9ea8344da068,"[""CMP-20240919-00843"",""CMP-20241213-05201"",""CMP-20241216-05401"",""CMP-20250113-06863"",""CMP-20250129-07712"",""CMP-20250228-09274"",""CMP-20250513-13431"",""CMP-20250706-16630"",""CMP-20250827-19701"",""CMP-20250830-19843""]",SBI,savings,Rajasthan,587800.00,10,False
94323103-33dd-4fe9-a797-1dd8046fe681,"[""CMP-20241120-04045"",""CMP-20250113-06869"",""CMP-20250215-08632"",""CMP-20250331-11054"",""CMP-20250713-17011""]",Indian Bank,savings,West Bengal,120200.00,5,True
65d48015-4fc3-4871-af3f-06698afa78cf,"[""CMP-20240908-00382"",""CMP-20241002-01530"",""CMP-20241103-03169"",""CMP-20250605-14781"",""CMP-20250629-16218"",""CMP-20250708-16742"",""CMP-20250802-18230"",""CMP-20250829-19789""]",Paytm Payments Bank,savings,Tamil Nadu,318300.00,8,True
4877f783-eaca-471a-a371-3b7dde0d0198,"[""CMP-20241115-03778"",""CMP-20241130-04581"",""CMP-20241213-05165"",""CMP-20250315-10135"",""CMP-20250515-13521"",""CMP-20250516-13608"",""CMP-20250722-17559"",""CMP-20250813-18824"",""CMP-20250824-19528""]",Canara Bank,savings,Tamil Nadu,449600.00,9,False
fe6ce26a-dcfd-497c-a41f-098f53204d02,"[""CMP-20241009-01872"",""CMP-20241014-02147"",""CMP-20250119-07200"",""CMP-20250125-07490"",""CMP-20250207-08158"",""CMP-20250430-12699"",""CMP-20250606-14796"",""CMP-20250620-15635"",""CMP-20250823-19395""]",HDFC,savings,Jharkhand,419600.00,9,False
20eb64ec-0f47-4a16-acb3-0496de64c326,"[""CMP-20241026-02767"",""CMP-20241209-05014"",""CMP-20241229-06059"",""CMP-20250103-06325"",""CMP-20250104-06368"",""CMP-20250120-07270"",""CMP-20250322-10511"",""CMP-20250424-12407"",""CMP-20250502-12846"",""CMP-20250621-15711"",""CMP-20250812-18785"",""CMP-20250817-19073"",""CMP-20250821-19307"",""CMP-20250824-19514""]",Canara Bank,savings,Jharkhand,432000.00,14,True
e47969bd-d475-4652-ac96-699c65d1d065,"[""CMP-20241015-02178"",""CMP-20241117-03885"",""CMP-20241205-04785"",""CMP-20241210-05076"",""CMP-20250805-18395"",""CMP-20250829-19817""]",Indian Bank,savings,Jharkhand,226800.00,6,False
a1a3e2c9-9b73-41e5-a388-54ad36ab2051,"[""CMP-20240903-00097"",""CMP-20240921-00967"",""CMP-20241112-03623"",""CMP-20241126-04363"",""CMP-20241212-05160"",""CMP-20241225-05829"",""CMP-20250204-08037"",""CMP-20250315-10118"",""CMP-20250525-14151"",""CMP-20250530-14412""]",ICICI,savings,Jharkhand,207800.00,10,False
7c154811-6bdf-4dca-a9d5-0123f344fc14,"[""CMP-20240912-00531"",""CMP-20241124-04278"",""CMP-20241125-04342"",""CMP-20241227-05943"",""CMP-20241228-06007"",""CMP-20250109-06639"",""CMP-20250207-08209"",""CMP-20250310-09859"",""CMP-20250323-10587"",""CMP-20250411-11666"",""CMP-20250519-13829"",""CMP-20250621-15710"",""CMP-20250827-19688""]",Bank of Baroda,savings,Tamil Nadu,898400.00,13,True
6ecd7959-72b0-48a0-a108-9c82f16f3396,"[""CMP-20240914-00623"",""CMP-20241008-01822"",""CMP-20241023-02593"",""CMP-20241026-02731"",""CMP-20241104-03210"",""CMP-20241108-03427"",""CMP-20250123-07405"",""CMP-20250130-07745"",""CMP-20250130-07765"",""CMP-20250204-08015"",""CMP-20250309-09823"",""CMP-20250514-13489"",""CMP-20250605-14773"",""CMP-20250713-17045"",""CMP-20250824-19511"",""CMP-20250830-19908""]",Axis Bank,savings,Maharashtra,562200.00,16,True
0b4ca8e8-ed9c-4c2f-a18a-ec9d69b16526,"[""CMP-20241019-02401"",""CMP-20241227-05950"",""CMP-20250126-07572"",""CMP-20250203-07970"",""CMP-20250209-08294"",""CMP-20250216-08694"",""CMP-20250301-09337"",""CMP-20250414-11807"",""CMP-20250503-12928"",""CMP-20250616-15457"",""CMP-20250704-16470"",""CMP-20250817-19127""]",Axis Bank,savings,Jharkhand,473800.00,12,True
037b4ff2-2252-4824-a8b5-e1a7288bcc00,"[""CMP-20240903-00136"",""CMP-20241029-02899"",""CMP-20250211-08421"",""CMP-20250508-13161"",""CMP-20250523-13995"",""CMP-20250622-15793"",""CMP-20250702-16337"",""CMP-20250706-16627"",""CMP-20250725-17687"",""CMP-20250815-18916"",""CMP-20250823-19412"",""CMP-20250826-19661""]",Airtel Payments Bank,savings,Rajasthan,433600.00,12,True
7c61850f-0e3c-4cb5-a0cf-76c9baeb4cee,"[""CMP-20240921-00955"",""CMP-20250203-07967"",""CMP-20250323-10582"",""CMP-20250409-11517"",""CMP-20250412-11729"",""CMP-20250527-14245"",""CMP-20250802-18229""]",Paytm Payments Bank,wallet,Karnataka,366000.00,7,True
9cf231f8-df8a-4e4e-acc4-37cbaf3b5361,"[""CMP-20240930-01441"",""CMP-20250112-06781"",""CMP-20250604-14696"",""CMP-20250618-15531"",""CMP-20250628-16130""]",Axis Bank,savings,Jharkhand,169000.00,5,False
4bae1b28-75bb-470a-a694-592eb3601350,"[""CMP-20250126-07592"",""CMP-20250321-10429"",""CMP-20250408-11492"",""CMP-20250515-13554"",""CMP-20250708-16704"",""CMP-20250812-18798""]",Canara Bank,savings,Uttar Pradesh,146200.00,6,False
bf82da0b-cbc7-4fcc-a1d1-3e95bd40a345,"[""CMP-20241011-01992"",""CMP-20241108-03376"",""CMP-20241129-04539"",""CMP-20241209-05020"",""CMP-20241221-05621"",""CMP-20241224-05774"",""CMP-20250221-08917"",""CMP-20250405-11363"",""CMP-20250415-11857"",""CMP-20250504-13000"",""CMP-20250709-16757"",""CMP-20250817-19090"",""CMP-20250823-19460"",""CMP-20250825-19600""]",Axis Bank,savings,Rajasthan,371900.00,14,True
ff8c65dc-2671-4805-a318-4304d4fb2177,"[""CMP-20240903-00123"",""CMP-20241012-02019"",""CMP-20241014-02161"",""CMP-20241107-03359"",""CMP-20241215-05368"",""CMP-20250604-14711""]",Axis Bank,savings,Jharkhand,201800.00,6,False
1ac9eb51-444f-40a5-a999-dd6f702cecdc,"[""CMP-20240910-00458"",""CMP-20240911-00468"",""CMP-20241102-03110"",""CMP-20241202-04678"",""CMP-20241218-05496"",""CMP-20250105-06440"",""CMP-20250402-11180"",""CMP-20250609-15024""]",Paytm Payments Bank,wallet,Uttar Pradesh,360500.00,8,True
4ce1d46d-4227-4905-aaf3-091ead34c6c0,"[""CMP-20241020-02485"",""CMP-20241208-05000"",""CMP-20250131-07805"",""CMP-20250316-10205"",""CMP-20250414-11818"",""CMP-20250420-12174"",""CMP-20250501-12750"",""CMP-20250501-12753"",""CMP-20250614-15314"",""CMP-20250617-15503"",""CMP-20250701-16319"",""CMP-20250817-19111"",""CMP-20250828-19735""]",Indian Bank,savings,Karnataka,1237000.00,13,True
7f568c62-59ff-4da8-a7a5-bb53d0f9a5c3,"[""CMP-20240917-00793"",""CMP-20240927-01241"",""CMP-20241225-05867"",""CMP-20250312-09964"",""CMP-20250407-11450"",""CMP-20250524-14063"",""CMP-20250629-16169"",""CMP-20250823-19433""]",ICICI,savings,Rajasthan,253200.00,8,False
9e720b8a-4489-4218-a61b-951c8d3a34a1,"[""CMP-20250127-07615"",""CMP-20250129-07733"",""CMP-20250202-07937"",""CMP-20250219-08826"",""CMP-20250522-13938"",""CMP-20250524-14088"",""CMP-20250628-16088"",""CMP-20250726-17792"",""CMP-20250729-17974"",""CMP-20250807-18474"",""CMP-20250815-18935""]",Indian Bank,savings,Rajasthan,514500.00,11,True
18c31743-1d7f-4327-afd6-583ad0ad54e0,"[""CMP-20240921-00969"",""CMP-20240922-01002"",""CMP-20241004-01637"",""CMP-20241128-04466"",""CMP-20241231-06180"",""CMP-20250123-07388"",""CMP-20250123-07402"",""CMP-20250315-10126"",""CMP-20250329-10928"",""CMP-20250608-14937"",""CMP-20250704-16448"",""CMP-20250711-16879"",""CMP-20250726-17741""]",Axis Bank,savings,Rajasthan,817100.00,13,True
40fb219a-4d00-4094-a093-236212992f7a,"[""CMP-20241109-03487"",""CMP-20241219-05511"",""CMP-20241230-06147"",""CMP-20250127-07625"",""CMP-20250309-09837"",""CMP-20250407-11468""]",Bank of Baroda,savings,Jharkhand,204900.00,6,False
18ac7ceb-02c9-4a67-a24e-e51a473d7d4b,"[""CMP-20240904-00153"",""CMP-20240925-01187"",""CMP-20241017-02298"",""CMP-20241118-03960"",""CMP-20241208-04951"",""CMP-20250306-09626"",""CMP-20250421-12274"",""CMP-20250608-14986"",""CMP-20250613-15251"",""CMP-20250704-16477"",""CMP-20250705-16563""]",Axis Bank,savings,Karnataka,678800.00,11,False
08dc8e16-3f4c-4e55-a4f4-fff14f4f02d5,"[""CMP-20240902-00080"",""CMP-20241020-02429"",""CMP-20241102-03108"",""CMP-20241122-04120"",""CMP-20250211-08427"",""CMP-20250616-15423"",""CMP-20250714-17082"",""CMP-20250722-17544""]",ICICI,savings,Uttar Pradesh,659700.00,8,True
05b96d8f-bceb-45df-a648-f34ec6d021d9,"[""CMP-20240912-00533"",""CMP-20241202-04690"",""CMP-20250309-09850"",""CMP-20250718-17282"",""CMP-20250818-19135""]",Canara Bank,savings,Rajasthan,131900.00,5,False
b061d360-8213-4eb1-a5d9-b7505248a7f6,"[""CMP-20241017-02295"",""CMP-20241127-04413"",""CMP-20241128-04455"",""CMP-20250408-11498"",""CMP-20250602-14589"",""CMP-20250609-15032""]",Canara Bank,savings,Uttar Pradesh,347300.00,6,False
07cef308-7cfc-40c8-ac98-b503a0f4fb32,"[""CMP-20241006-01720"",""CMP-20241010-01908"",""CMP-20241024-02665"",""CMP-20241216-05400"",""CMP-20250105-06430"",""CMP-20250114-06891"",""CMP-20250403-11206"",""CMP-20250622-15746"",""CMP-20250730-17995""]",Canara Bank,savings,Uttar Pradesh,262300.00,9,True
1309ff28-39aa-49b5-a0b9-ad9999cefc7f,"[""CMP-20240917-00767"",""CMP-20241124-04274"",""CMP-20241220-05574"",""CMP-20241230-06145"",""CMP-20241231-06161"",""CMP-20250114-06892"",""CMP-20250202-07952"",""CMP-20250409-11533"",""CMP-20250530-14428"",""CMP-20250626-15971"",""CMP-20250719-17396"",""CMP-20250719-17404"",""CMP-20250812-18799"",""CMP-20250827-19704""]",Airtel Payments Bank,savings,Rajasthan,535400.00,14,False
dbe8987a-0de0-479e-a03f-c5072a59280e,"[""CMP-20240901-00045"",""CMP-20241105-03281"",""CMP-20241125-04343"",""CMP-20241130-04567"",""CMP-20250404-11278"",""CMP-20250603-14693""]",Bank of Baroda,savings,Jharkhand,160600.00,6,False
2119faaa-fb58-45c7-af8b-5fafa2ba3815,"[""CMP-20240913-00559"",""CMP-20241009-01867"",""CMP-20241019-02389"",""CMP-20250105-06448"",""CMP-20250111-06758"",""CMP-20250318-10281"",""CMP-20250518-13785""]",ICICI,savings,Uttar Pradesh,190800.00,7,False
f94386bc-366e-44bc-a461-3e5212beb04a,"[""CMP-20250215-08645"",""CMP-20250226-09211"",""CMP-20250305-09576"",""CMP-20250503-12874"",""CMP-20250720-17470""]",Airtel Payments Bank,savings,Rajasthan,146000.00,5,True
8c066d14-d16e-4e06-ac7b-4ac25985f51a,"[""CMP-20240901-00040"",""CMP-20240902-00092"",""CMP-20241206-04848"",""CMP-20250310-09875"",""CMP-20250502-12802"",""CMP-20250508-13154"",""CMP-20250814-18846""]",Indian Bank,savings,Rajasthan,189600.00,7,True
7883e536-c9e9-47e1-a1b5-1bef6844a6a7,"[""CMP-20240909-00414"",""CMP-20241124-04286"",""CMP-20241227-05978"",""CMP-20250329-10942"",""CMP-20250511-13342"",""CMP-20250529-14361"",""CMP-20250621-15661"",""CMP-20250808-18529"",""CMP-20250817-19062""]",Airtel Payments Bank,wallet,Uttar Pradesh,384900.00,9,False
01463381-aa18-4ed6-a7ce-4bd7d66ee539,"[""CMP-20241107-03356"",""CMP-20241208-04984"",""CMP-20250121-07328"",""CMP-20250409-11544"",""CMP-20250413-11799"",""CMP-20250505-13014"",""CMP-20250607-14900"",""CMP-20250630-16279"",""CMP-20250817-19072""]",ICICI,savings,Rajasthan,332300.00,9,True
cbd52a4d-f83b-4e38-aad1-e4bcb5955b8a,"[""CMP-20240905-00195"",""CMP-20241213-05221"",""CMP-20250223-09085"",""CMP-20250417-11971"",""CMP-20250425-12469"",""CMP-20250525-14164""]",Airtel Payments Bank,wallet,Uttar Pradesh,360100.00,6,False
3748ba4e-612c-405b-a05e-0197a4d233d7,"[""CMP-20241016-02238"",""CMP-20241115-03808"",""CMP-20241129-04485"",""CMP-20241223-05727"",""CMP-20250106-06513"",""CMP-20250316-10218"",""CMP-20250614-15326"",""CMP-20250626-15973""]",Airtel Payments Bank,savings,Jharkhand,213700.00,8,True
d33ccf5e-6cad-4d0e-a7c2-a60404995fb3,"[""CMP-20241027-02838"",""CMP-20241208-04946"",""CMP-20241226-05887"",""CMP-20250212-08443"",""CMP-20250215-08644"",""CMP-20250502-12847"",""CMP-20250518-13777"",""CMP-20250707-16679"",""CMP-20250809-18608""]",Axis Bank,savings,West Bengal,186900.00,9,False
fdb0bc28-7608-47aa-a885-f6ab6f3360bc,"[""CMP-20241018-02329"",""CMP-20241113-03690"",""CMP-20241226-05893"",""CMP-20250117-07071"",""CMP-20250226-09192"",""CMP-20250302-09397"",""CMP-20250517-13705"",""CMP-20250623-15849"",""CMP-20250701-16314"",""CMP-20250820-19255"",""CMP-20250821-19267""]",Axis Bank,savings,Jharkhand,633300.00,11,True
9f8f5675-4146-48ff-ad2a-77ea18ab324e,"[""CMP-20240916-00718"",""CMP-20241109-03501"",""CMP-20241223-05734"",""CMP-20241223-05749"",""CMP-20250112-06790"",""CMP-20250323-10595"",""CMP-20250329-10953"",""CMP-20250422-12319"",""CMP-20250526-14203"",""CMP-20250622-15759""]",Canara Bank,savings,Tamil Nadu,716400.00,10,True
f83ab0c9-025c-4335-a68d-8a04d5e5d98a,"[""CMP-20241010-01906"",""CMP-20241112-03636"",""CMP-20241227-05937"",""CMP-20241231-06159"",""CMP-20250222-09000"",""CMP-20250429-12663"",""CMP-20250509-13222"",""CMP-20250711-16872""]",Paytm Payments Bank,wallet,Jharkhand,219300.00,8,False
e3fba3be-a0f7-437c-af48-3aacb58a3705,"[""CMP-20240916-00746"",""CMP-20241213-05188"",""CMP-20250406-11391"",""CMP-20250601-14531"",""CMP-20250620-15629"",""CMP-20250620-15647"",""CMP-20250815-18949"",""CMP-20250827-19693""]",HDFC,savings,Rajasthan,310600.00,8,False
78cd7e87-b1a9-4bc0-a2dd-68bf2565b1a0,"[""CMP-20240925-01167"",""CMP-20241003-01574"",""CMP-20241031-02992"",""CMP-20241229-06081"",""CMP-20241230-06134"",""CMP-20250117-07045"",""CMP-20250405-11361"",""CMP-20250425-12448"",""CMP-20250623-15824"",""CMP-20250713-17012"",""CMP-20250811-18744""]",ICICI,savings,Rajasthan,541500.00,11,True
4f8856da-d95c-4bec-a28c-505597ea6341,"[""CMP-20240905-00198"",""CMP-20241013-02085"",""CMP-20241114-03749"",""CMP-20241126-04386"",""CMP-20250106-06474"",""CMP-20250131-07824"",""CMP-20250313-10013"",""CMP-20250323-10588"",""CMP-20250323-10608"",""CMP-20250418-12006"",""CMP-20250423-12336""]",HDFC,savings,Jharkhand,356300.00,11,False
80d25ff4-36ce-42bb-a744-ae05b1e688e0,"[""CMP-20240922-01007"",""CMP-20241027-02808"",""CMP-20241030-02947"",""CMP-20250120-07250"",""CMP-20250124-07437"",""CMP-20250515-13531"",""CMP-20250517-13684"",""CMP-20250717-17241"",""CMP-20250730-18032""]",Canara Bank,savings,Tamil Nadu,229600.00,9,True
f37fedbe-def1-4b78-a0c4-554b4c27ce07,"[""CMP-20241124-04257"",""CMP-20250107-06530"",""CMP-20250212-08471"",""CMP-20250213-08511"",""CMP-20250224-09124"",""CMP-20250321-10473"",""CMP-20250329-10930"",""CMP-20250415-11886""]",Bank of Baroda,savings,Uttar Pradesh,433200.00,8,True
bf2bec5d-4bbc-4b67-a2aa-c0b6ae35d7a1,"[""CMP-20240904-00180"",""CMP-20240928-01353"",""CMP-20241010-01917"",""CMP-20241028-02848"",""CMP-20250104-06378"",""CMP-20250113-06882"",""CMP-20250207-08150"",""CMP-20250223-09058"",""CMP-20250620-15613"",""CMP-20250726-17803"",""CMP-20250825-19574""]",SBI,savings,Tamil Nadu,305900.00,11,True
4e1837cb-2ee7-4dd0-ab54-14e822b30ebb,"[""CMP-20240918-00813"",""CMP-20240925-01154"",""CMP-20241018-02359"",""CMP-20241123-04188"",""CMP-20250323-10615"",""CMP-20250331-11078"",""CMP-20250404-11284"",""CMP-20250405-11310"",""CMP-20250716-17204"",""CMP-20250824-19462""]",Airtel Payments Bank,wallet,Jharkhand,296700.00,10,True
74b8bd1d-eba1-40b2-a154-a53f8fbd6379,"[""CMP-20240903-00131"",""CMP-20241226-05896"",""CMP-20250125-07491"",""CMP-20250227-09253"",""CMP-20250413-11740"",""CMP-20250609-15005"",""CMP-20250627-15997"",""CMP-20250713-17060"",""CMP-20250728-17882"",""CMP-20250817-19125""]",Indian Bank,savings,Rajasthan,261200.00,10,False
6737e2f1-62be-4bdc-a65f-2e3fe16ec8f6,"[""CMP-20241009-01883"",""CMP-20241019-02418"",""CMP-20241111-03574"",""CMP-20241225-05848"",""CMP-20250422-12304"",""CMP-20250628-16090"",""CMP-20250815-18986"",""CMP-20250822-19369"",""CMP-20250826-19655""]",ICICI,savings,Karnataka,207900.00,9,False
17349d60-c7f5-4a98-a469-f14a5c212a7e,"[""CMP-20241018-02307"",""CMP-20241101-03054"",""CMP-20241109-03452"",""CMP-20241208-04985"",""CMP-20250402-11190"",""CMP-20250420-12171"",""CMP-20250612-15168"",""CMP-20250712-16975"",""CMP-20250823-19457""]",ICICI,savings,Rajasthan,240500.00,9,False
c3b3ce5f-9d74-4170-a950-4013bd7e401c,"[""CMP-20241010-01920"",""CMP-20241201-04658"",""CMP-20250127-07601"",""CMP-20250225-09167"",""CMP-20250318-10305"",""CMP-20250508-13135"",""CMP-20250518-13774"",""CMP-20250624-15890"",""CMP-20250703-16401"",""CMP-20250710-16847"",""CMP-20250712-16979"",""CMP-20250730-18007""]",Indian Bank,savings,Rajasthan,430900.00,12,True
38121943-3385-4bc3-a641-70bfec9d4bd5,"[""CMP-20241129-04498"",""CMP-20250106-06504"",""CMP-20250213-08497"",""CMP-20250426-12513"",""CMP-20250510-13247"",""CMP-20250614-15327"",""CMP-20250722-17567"",""CMP-20250828-19745""]",HDFC,savings,Maharashtra,258800.00,8,False
62193ea6-4542-4450-ad5a-7f7602df7d52,"[""CMP-20240913-00557"",""CMP-20241111-03576"",""CMP-20241128-04435"",""CMP-20250107-06549"",""CMP-20250131-07794"",""CMP-20250423-12357"",""CMP-20250509-13243"",""CMP-20250724-17633"",""CMP-20250808-18539""]",SBI,savings,Uttar Pradesh,539000.00,9,True
4d0a8986-5135-49eb-a35f-fc472f981a6e,"[""CMP-20241003-01580"",""CMP-20241012-02075"",""CMP-20241031-02973"",""CMP-20241127-04422"",""CMP-20241230-06124"",""CMP-20250315-10114"",""CMP-20250413-11771"",""CMP-20250509-13237"",""CMP-20250815-18968""]",Axis Bank,savings,West Bengal,645400.00,9,True
a17984d7-024c-4fc5-abbc-829c2a749172,"[""CMP-20240917-00786"",""CMP-20241007-01780"",""CMP-20250314-10061"",""CMP-20250528-14319"",""CMP-20250702-16344"",""CMP-20250803-18288"",""CMP-20250819-19185""]",Paytm Payments Bank,wallet,Uttar Pradesh,238600.00,7,False
692514ae-5747-4b4f-a053-eb6dbf81bfb5,"[""CMP-20241124-04263"",""CMP-20241217-05440"",""CMP-20250405-11349"",""CMP-20250408-11477"",""CMP-20250511-13357"",""CMP-20250803-18262"",""CMP-20250821-19295""]",ICICI,savings,Uttar Pradesh,288800.00,7,False
b9017c0d-2796-417e-a0e9-33efca9ab444,"[""CMP-20241015-02180"",""CMP-20241124-04290"",""CMP-20241213-05208"",""CMP-20250209-08284"",""CMP-20250309-09839"",""CMP-20250511-13325"",""CMP-20250708-16724""]",Airtel Payments Bank,wallet,Uttar Pradesh,150300.00,7,False
769069c0-02ec-4f17-a67c-b6572334668f,"[""CMP-20240921-00957"",""CMP-20241206-04843"",""CMP-20241207-04926"",""CMP-20250112-06821"",""CMP-20250125-07535"",""CMP-20250210-08390"",""CMP-20250328-10846"",""CMP-20250414-11815"",""CMP-20250505-13034"",""CMP-20250509-13239"",""CMP-20250807-18500"",""CMP-20250812-18767""]",Bank of Baroda,savings,Rajasthan,557500.00,12,True
e0818ba3-0a5f-4aef-a003-4157ed2efa08,"[""CMP-20240913-00585"",""CMP-20241004-01630"",""CMP-20241023-02577"",""CMP-20241215-05343"",""CMP-20250212-08455"",""CMP-20250630-16273"",""CMP-20250729-17977""]",Axis Bank,savings,Maharashtra,222100.00,7,True
cc5e81d4-29f6-4b5d-a267-597b9a009524,"[""CMP-20240913-00587"",""CMP-20241006-01714"",""CMP-20241013-02108"",""CMP-20250110-06691"",""CMP-20250119-07210"",""CMP-20250201-07886"",""CMP-20250307-09688"",""CMP-20250328-10862"",""CMP-20250420-12165"",""CMP-20250703-16398"",""CMP-20250720-17482"",""CMP-20250810-18677""]",HDFC,savings,Uttar Pradesh,493400.00,12,False
b185fbeb-9920-4e39-ac51-edc54f0b1a03,"[""CMP-20240916-00738"",""CMP-20241019-02382"",""CMP-20241103-03137"",""CMP-20241123-04176""]",Axis Bank,savings,Tamil Nadu,128700.00,4,False
d17be887-46d0-4fe0-abce-369e6196a238,"[""CMP-20241130-04577"",""CMP-20250103-06318"",""CMP-20250201-07895"",""CMP-20250203-07991"",""CMP-20250222-08975"",""CMP-20250321-10423"",""CMP-20250516-13590"",""CMP-20250622-15780"",""CMP-20250623-15856"",""CMP-20250704-16441"",""CMP-20250811-18730""]",Indian Bank,savings,Tamil Nadu,548400.00,11,True
9bb9438e-c126-4505-a18e-85e0f2f2a261,"[""CMP-20241228-05998"",""CMP-20250120-07256"",""CMP-20250210-08384"",""CMP-20250314-10093"",""CMP-20250413-11744"",""CMP-20250415-11878"",""CMP-20250423-12333"",""CMP-20250609-15004""]",ICICI,savings,Jharkhand,273800.00,8,False
ca484844-d645-4bc9-a750-f668c6194ae4,"[""CMP-20250114-06917"",""CMP-20250226-09197"",""CMP-20250323-10590"",""CMP-20250421-12266"",""CMP-20250725-17713"",""CMP-20250815-18983""]",Indian Bank,savings,Jharkhand,164500.00,6,False
e5da1024-9297-4fc1-aa7f-d63a323e71e2,"[""CMP-20241004-01626"",""CMP-20241013-02082"",""CMP-20241103-03135"",""CMP-20241115-03793"",""CMP-20250510-13246"",""CMP-20250816-19036"",""CMP-20250818-19139""]",Airtel Payments Bank,savings,Tamil Nadu,240000.00,7,True
0cd312c3-7943-4bc4-ab42-bf5faa01aef3,"[""CMP-20240909-00394"",""CMP-20240922-01042"",""CMP-20241119-03991"",""CMP-20241122-04155"",""CMP-20241220-05557"",""CMP-20241225-05837"",""CMP-20250202-07912"",""CMP-20250215-08617"",""CMP-20250819-19195""]",HDFC,savings,Jharkhand,424500.00,9,False
bdba8e8f-f2b3-4da7-a877-c52abfea4bb6,"[""CMP-20240912-00541"",""CMP-20240914-00651"",""CMP-20241101-03044"",""CMP-20250118-07108"",""CMP-20250322-10547"",""CMP-20250516-13651"",""CMP-20250818-19162""]",Airtel Payments Bank,wallet,Maharashtra,316400.00,7,False
5b8f4cf6-d34a-4d8e-a828-de49a9a2986a,"[""CMP-20240921-00993"",""CMP-20241110-03524"",""CMP-20241125-04328"",""CMP-20241217-05450"",""CMP-20241221-05632"",""CMP-20250302-09403"",""CMP-20250502-12850"",""CMP-20250518-13741"",""CMP-20250607-14888"",""CMP-20250615-15375"",""CMP-20250619-15576"",""CMP-20250801-18098"",""CMP-20250823-19423"",""CMP-20250825-19596""]",Canara Bank,savings,Rajasthan,437200.00,14,False
926bab5c-911e-48f4-a881-4d0ecf81d65d,"[""CMP-20240907-00275"",""CMP-20240921-00986"",""CMP-20240924-01113"",""CMP-20241007-01792"",""CMP-20241012-02067"",""CMP-20241023-02612"",""CMP-20250305-09586"",""CMP-20250529-14355"",""CMP-20250728-17934""]",Airtel Payments Bank,savings,West Bengal,493200.00,9,False
d537782b-e05f-4d35-abb4-0dd372846197,"[""CMP-20241022-02558"",""CMP-20241115-03803"",""CMP-20250121-07325"",""CMP-20250324-10698"",""CMP-20250625-15909"",""CMP-20250710-16870"",""CMP-20250723-17602""]",Bank of Baroda,savings,Jharkhand,517600.00,7,True
514d9f69-66de-416a-ab78-b3788d26f8e4,"[""CMP-20240914-00633"",""CMP-20241129-04533"",""CMP-20250328-10881"",""CMP-20250514-13494"",""CMP-20250531-14469""]",Axis Bank,savings,Uttar Pradesh,122200.00,5,False
6f3c80d4-05d1-496e-a932-3d1f4df15eef,"[""CMP-20241003-01563"",""CMP-20241028-02861"",""CMP-20250819-19205""]",Bank of Baroda,savings,Rajasthan,50000.00,3,False
6d44056f-2429-4cf7-ae1d-e2b1c7eada5a,"[""CMP-20240923-01083"",""CMP-20241011-01957"",""CMP-20241228-06013"",""CMP-20250213-08495"",""CMP-20250302-09426"",""CMP-20250322-10500"",""CMP-20250510-13266""]",SBI,savings,Karnataka,398000.00,7,False
6ed532bb-9820-43a2-a1a1-9f65bc7d28ab,"[""CMP-20241001-01488"",""CMP-20241122-04121"",""CMP-20250112-06774"",""CMP-20250118-07160"",""CMP-20250307-09712"",""CMP-20250605-14751""]",HDFC,savings,Karnataka,330800.00,6,False
2ae1b097-ea1b-47a9-a588-e6d6670d3e4b,"[""CMP-20240912-00537"",""CMP-20240919-00878"",""CMP-20241029-02885"",""CMP-20241117-03879"",""CMP-20241130-04571"",""CMP-20250108-06598"",""CMP-20250313-10021"",""CMP-20250507-13107"",""CMP-20250530-14372""]",Paytm Payments Bank,savings,Jharkhand,311300.00,9,False
a56ee9c4-1915-49d4-ad91-6b8408adf268,"[""CMP-20240901-00004"",""CMP-20241022-02562"",""CMP-20250118-07114"",""CMP-20250402-11199"",""CMP-20250418-12013"",""CMP-20250419-12096"",""CMP-20250421-12260"",""CMP-20250513-13430"",""CMP-20250730-18030"",""CMP-20250823-19426"",""CMP-20250831-19944""]",Indian Bank,savings,Uttar Pradesh,399600.00,11,True
687bc9bf-60ba-4c14-a9a1-814597bc0fe9,"[""CMP-20240904-00170"",""CMP-20250215-08629"",""CMP-20250326-10762"",""CMP-20250419-12080"",""CMP-20250520-13854"",""CMP-20250526-14215"",""CMP-20250604-14734"",""CMP-20250802-18183"",""CMP-20250830-19887""]",HDFC,savings,Tamil Nadu,316000.00,9,False
bfad1a6a-272c-4a47-ae41-19a723e7c88f,"[""CMP-20240916-00730"",""CMP-20241006-01728"",""CMP-20241113-03691"",""CMP-20250119-07196"",""CMP-20250414-11803"",""CMP-20250426-12526"",""CMP-20250627-16024"",""CMP-20250705-16511"",""CMP-20250803-18232"",""CMP-20250829-19792""]",Indian Bank,savings,Maharashtra,724400.00,10,False
a6ab2fc6-37f2-4890-a61e-86756ab039f3,"[""CMP-20241123-04219"",""CMP-20250131-07822"",""CMP-20250324-10692"",""CMP-20250330-11044"",""CMP-20250430-12704"",""CMP-20250503-12877"",""CMP-20250622-15799""]",HDFC,savings,Uttar Pradesh,296900.00,7,False
eca6f2da-3752-42ac-a3e6-6e257cd63ba3,"[""CMP-20240908-00330"",""CMP-20241002-01509"",""CMP-20241125-04334"",""CMP-20241217-05446"",""CMP-20250308-09721"",""CMP-20250308-09768"",""CMP-20250611-15107""]",Indian Bank,savings,Uttar Pradesh,313700.00,7,True
ecba8855-51d2-4763-a3d1-129d3969f5c2,"[""CMP-20240914-00637"",""CMP-20241109-03477"",""CMP-20241116-03822"",""CMP-20250110-06649"",""CMP-20250130-07763"",""CMP-20250203-07969"",""CMP-20250606-14833"",""CMP-20250617-15500"",""CMP-20250831-19983""]",Bank of Baroda,savings,Uttar Pradesh,409300.00,9,False
9e353818-2227-4f9c-a471-dec514f65827,"[""CMP-20241111-03590"",""CMP-20241117-03872"",""CMP-20250101-06230"",""CMP-20250122-07341"",""CMP-20250217-08762"",""CMP-20250705-16533"",""CMP-20250830-19891""]",Bank of Baroda,savings,Karnataka,259400.00,7,False
7cc333a5-7d8d-4185-a83f-86a1c08f7266,"[""CMP-20240926-01199"",""CMP-20241219-05530"",""CMP-20241224-05805"",""CMP-20250303-09506"",""CMP-20250328-10826"",""CMP-20250405-11304"",""CMP-20250728-17920""]",Paytm Payments Bank,savings,Uttar Pradesh,215500.00,7,False
1c49ca39-7477-46fb-ae05-2650c8d6eee3,"[""CMP-20240916-00719"",""CMP-20241003-01587"",""CMP-20241105-03273"",""CMP-20241105-03283"",""CMP-20241130-04605"",""CMP-20250330-10986"",""CMP-20250331-11051"",""CMP-20250510-13253"",""CMP-20250712-16934"",""CMP-20250818-19167"",""CMP-20250824-19534""]",Airtel Payments Bank,savings,Maharashtra,512100.00,11,True
cb360809-0f6c-4570-a6c9-4f9ebac5b10f,"[""CMP-20240918-00825"",""CMP-20241026-02776"",""CMP-20241216-05406"",""CMP-20250421-12261"",""CMP-20250616-15465"",""CMP-20250624-15896"",""CMP-20250706-16602"",""CMP-20250709-16772"",""CMP-20250726-17774"",""CMP-20250728-17895""]",SBI,savings,Tamil Nadu,610700.00,10,True
5eccc48a-8d4e-434c-a446-e55e5b5447ec,"[""CMP-20241011-01952"",""CMP-20241115-03811"",""CMP-20241128-04452"",""CMP-20250123-07415"",""CMP-20250215-08659"",""CMP-20250402-11162"",""CMP-20250830-19916""]",ICICI,savings,Uttar Pradesh,367700.00,7,False
86fff039-9b97-4c9d-ad89-517d0e8e436b,"[""CMP-20240924-01128"",""CMP-20241010-01895"",""CMP-20241012-02042"",""CMP-20250225-09172"",""CMP-20250316-10213"",""CMP-20250714-17103"",""CMP-20250825-19584""]",HDFC,savings,Tamil Nadu,346900.00,7,False
f849d28c-9441-470b-a3e3-4ea0e618f656,"[""CMP-20241225-05830"",""CMP-20250117-07081"",""CMP-20250201-07897"",""CMP-20250211-08413"",""CMP-20250305-09570"",""CMP-20250321-10448"",""CMP-20250402-11160"",""CMP-20250529-14360"",""CMP-20250605-14761"",""CMP-20250804-18341"",""CMP-20250814-18878""]",Paytm Payments Bank,savings,Uttar Pradesh,382100.00,11,False
9cd80bd6-08c6-4fae-a333-13ce1f8987f8,"[""CMP-20240929-01397"",""CMP-20241123-04221"",""CMP-20250318-10287"",""CMP-20250703-16387""]",HDFC,savings,Rajasthan,342700.00,4,False
0b14a4f1-86f8-413a-ad73-3f8ec3d279df,"[""CMP-20241001-01472"",""CMP-20241003-01554"",""CMP-20241006-01737"",""CMP-20241012-02059"",""CMP-20241027-02790"",""CMP-20241224-05790"",""CMP-20250114-06940"",""CMP-20250719-17368"",""CMP-20250816-19056""]",Paytm Payments Bank,wallet,Uttar Pradesh,302400.00,9,False
cfeca995-fa12-443a-a165-b793ba74eb4a,"[""CMP-20240912-00518"",""CMP-20250204-08024"",""CMP-20250511-13321"",""CMP-20250607-14886"",""CMP-20250702-16375"",""CMP-20250726-17766""]",ICICI,savings,Jharkhand,158400.00,6,False
ee7c5144-83b2-4df8-ac9a-3d0d98e2b03f,"[""CMP-20241208-04950"",""CMP-20241221-05650"",""CMP-20250201-07888"",""CMP-20250311-09921"",""CMP-20250322-10509"",""CMP-20250616-15417"",""CMP-20250716-17174"",""CMP-20250729-17951"",""CMP-20250812-18788"",""CMP-20250827-19705""]",ICICI,savings,Karnataka,386900.00,10,True
44954b7a-f386-4736-a4dd-5e5ccd61f474,"[""CMP-20241028-02842"",""CMP-20250110-06714"",""CMP-20250311-09951"",""CMP-20250523-13992"",""CMP-20250616-15422"",""CMP-20250731-18065"",""CMP-20250822-19357""]",Paytm Payments Bank,wallet,Jharkhand,203800.00,7,False
a9dcec6a-1b38-4b42-aec0-ff7ba4e5508f,"[""CMP-20240902-00074"",""CMP-20240927-01268"",""CMP-20241023-02601"",""CMP-20241102-03116"",""CMP-20241210-05071"",""CMP-20241212-05127"",""CMP-20250128-07684"",""CMP-20250703-16430""]",HDFC,savings,Jharkhand,508100.00,8,True
90499955-78ad-4e7d-af03-79cc30780d45,"[""CMP-20241102-03103"",""CMP-20241128-04459"",""CMP-20250207-08148"",""CMP-20250503-12907"",""CMP-20250701-16311"",""CMP-20250821-19289""]",Airtel Payments Bank,savings,West Bengal,401100.00,6,False
481250a7-c19e-42e4-ab22-2bab7e3f0f68,"[""CMP-20240909-00388"",""CMP-20241004-01598"",""CMP-20241008-01834"",""CMP-20250127-07631"",""CMP-20250315-10137"",""CMP-20250519-13847"",""CMP-20250530-14398"",""CMP-20250709-16792"",""CMP-20250805-18401""]",Axis Bank,savings,Uttar Pradesh,184200.00,9,False
3ca0f7ba-6778-4e5f-a78d-8783174e7e73,"[""CMP-20241111-03570"",""CMP-20241130-04598"",""CMP-20250109-06620"",""CMP-20250215-08634""]",Axis Bank,savings,Jharkhand,219800.00,4,False
c653c57a-3ba6-45f3-ac41-3fbcbfb4f0df,"[""CMP-20241018-02308"",""CMP-20241026-02726"",""CMP-20241129-04541"",""CMP-20250209-08292"",""CMP-20250418-12044"",""CMP-20250507-13085"",""CMP-20250521-13915"",""CMP-20250714-17095"",""CMP-20250728-17886"",""CMP-20250815-18918""]",Airtel Payments Bank,wallet,Uttar Pradesh,231900.00,10,False
a181da7f-9016-407f-acc0-68007a8487fe,"[""CMP-20240921-00981"",""CMP-20241117-03895"",""CMP-20241213-05193"",""CMP-20250107-06557"",""CMP-20250109-06633"",""CMP-20250323-10591"",""CMP-20250502-12838"",""CMP-20250613-15200"",""CMP-20250707-16702""]",Bank of Baroda,savings,Karnataka,491800.00,9,False
645cd4ca-1f2a-4d7a-a888-ef0dd9b3c9e0,"[""CMP-20240901-00042"",""CMP-20240914-00631"",""CMP-20241116-03825"",""CMP-20241123-04169"",""CMP-20241204-04740"",""CMP-20241228-06044"",""CMP-20250328-10824"",""CMP-20250513-13425"",""CMP-20250515-13559"",""CMP-20250714-17113""]",ICICI,savings,Rajasthan,530600.00,10,True
49ac6431-ad25-4941-a42c-75808df4b7c2,"[""CMP-20241106-03312"",""CMP-20241124-04271"",""CMP-20241230-06152"",""CMP-20250210-08383"",""CMP-20250406-11416"",""CMP-20250623-15845"",""CMP-20250625-15941""]",Indian Bank,savings,Uttar Pradesh,362100.00,7,True
286b1200-33e3-4ddf-a01d-d6846468aee6,"[""CMP-20241022-02529"",""CMP-20241129-04489"",""CMP-20241219-05521"",""CMP-20250129-07720"",""CMP-20250309-09848"",""CMP-20250412-11737"",""CMP-20250602-14626"",""CMP-20250726-17782"",""CMP-20250727-17834"",""CMP-20250809-18613""]",Canara Bank,savings,Karnataka,382900.00,10,False
b4bc89a5-dcfc-4de4-a962-10d7d567be51,"[""CMP-20240903-00099"",""CMP-20240918-00811"",""CMP-20240926-01237"",""CMP-20241005-01690"",""CMP-20241010-01900"",""CMP-20241108-03379"",""CMP-20241109-03493"",""CMP-20250402-11181"",""CMP-20250425-12468"",""CMP-20250712-16953"",""CMP-20250720-17481"",""CMP-20250721-17526"",""CMP-20250809-18614""]",ICICI,savings,Rajasthan,830100.00,13,True
37816dd7-63e9-4e7b-a7d0-d43a290232ee,"[""CMP-20240911-00474"",""CMP-20240930-01443"",""CMP-20250321-10442"",""CMP-20250325-10722"",""CMP-20250525-14182"",""CMP-20250629-16200"",""CMP-20250712-16952"",""CMP-20250807-18479""]",ICICI,savings,Karnataka,283900.00,8,False
b2d37310-0985-469f-a514-601a4556541c,"[""CMP-20240908-00361"",""CMP-20241012-02073"",""CMP-20241103-03139"",""CMP-20241129-04544"",""CMP-20241129-04545"",""CMP-20241201-04642"",""CMP-20241204-04744"",""CMP-20250323-10654"",""CMP-20250719-17357"",""CMP-20250828-19744""]",Axis Bank,savings,Rajasthan,866500.00,10,True
86c313a6-9469-4e76-a86f-35479909a687,"[""CMP-20241009-01879"",""CMP-20241015-02196"",""CMP-20241023-02603"",""CMP-20241219-05512"",""CMP-20250124-07449"",""CMP-20250209-08289"",""CMP-20250610-15075"",""CMP-20250718-17309""]",SBI,savings,Tamil Nadu,340500.00,8,True
917cf6d2-8a66-4402-a4e3-316616a6f89e,"[""CMP-20241002-01528"",""CMP-20241108-03413"",""CMP-20241128-04468"",""CMP-20250131-07835"",""CMP-20250208-08229""]",SBI,savings,Maharashtra,292900.00,5,False
347cb8cb-9c36-4b19-a1e4-991591142e9e,"[""CMP-20241006-01722"",""CMP-20241218-05468"",""CMP-20250115-06974"",""CMP-20250224-09120"",""CMP-20250403-11211"",""CMP-20250501-12765"",""CMP-20250513-13440"",""CMP-20250615-15345"",""CMP-20250628-16084"",""CMP-20250720-17451""]",HDFC,savings,Jharkhand,330000.00,10,False
97d72579-4e04-45e4-a292-1a434feb208d,"[""CMP-20240903-00103"",""CMP-20241011-01966"",""CMP-20241129-04535"",""CMP-20250101-06239"",""CMP-20250124-07444"",""CMP-20250314-10051"",""CMP-20250418-12033"",""CMP-20250510-13272"",""CMP-20250803-18264"",""CMP-20250827-19706"",""CMP-20250830-19880""]",SBI,savings,Rajasthan,377800.00,11,True
dea8a255-6e00-4d7a-ab06-4fde215bc576,"[""CMP-20241013-02079"",""CMP-20250103-06280"",""CMP-20250121-07321"",""CMP-20250224-09130"",""CMP-20250508-13125"",""CMP-20250529-14337"",""CMP-20250624-15900"",""CMP-20250708-16714"",""CMP-20250725-17724"",""CMP-20250828-19731""]",HDFC,savings,Jharkhand,372200.00,10,False
a4da68f3-da7c-4b98-a214-aee2152df2af,"[""CMP-20241023-02604"",""CMP-20241108-03384"",""CMP-20241109-03499"",""CMP-20241220-05578"",""CMP-20250303-09492"",""CMP-20250404-11274"",""CMP-20250421-12267"",""CMP-20250531-14476""]",SBI,savings,Rajasthan,306100.00,8,False
87d37efc-914b-4de3-a1fe-766374f546d8,"[""CMP-20240921-00956"",""CMP-20241222-05720"",""CMP-20241226-05885"",""CMP-20250313-10008"",""CMP-20250530-14366"",""CMP-20250626-15976"",""CMP-20250718-17259"",""CMP-20250720-17415"",""CMP-20250825-19543""]",Paytm Payments Bank,savings,Uttar Pradesh,354500.00,9,False
decaf37f-cafc-4d02-a44a-dcc88bfe21d0,"[""CMP-20241203-04730"",""CMP-20241224-05780"",""CMP-20250112-06804"",""CMP-20250302-09448"",""CMP-20250312-09988"",""CMP-20250330-10992"",""CMP-20250417-11977"",""CMP-20250426-12521"",""CMP-20250428-12634"",""CMP-20250719-17403"",""CMP-20250801-18147"",""CMP-20250828-19755""]",Canara Bank,savings,Maharashtra,311900.00,12,True
c555ff18-dcc3-4ff5-a61b-a2d5c923c5a1,"[""CMP-20240907-00277"",""CMP-20241013-02095"",""CMP-20250316-10221"",""CMP-20250420-12159"",""CMP-20250420-12226"",""CMP-20250831-19965""]",ICICI,savings,Uttar Pradesh,434500.00,6,False
52643eea-6f45-4377-ac11-92913dc1b0a2,"[""CMP-20240921-00940"",""CMP-20241117-03887"",""CMP-20250101-06225"",""CMP-20250205-08050"",""CMP-20250401-11102"",""CMP-20250506-13043"",""CMP-20250805-18391"",""CMP-20250828-19720""]",Canara Bank,savings,West Bengal,284600.00,8,False
7d17c3ba-d451-4d8a-afe4-2e4fa00d9b53,"[""CMP-20241108-03386"",""CMP-20241207-04923"",""CMP-20250104-06372"",""CMP-20250106-06502"",""CMP-20250221-08923"",""CMP-20250323-10583"",""CMP-20250325-10714"",""CMP-20250328-10827"",""CMP-20250527-14254"",""CMP-20250807-18496""]",SBI,savings,Uttar Pradesh,290900.00,10,False
d7b21459-4a25-4ac8-a31b-666c3aa60236,"[""CMP-20241001-01495"",""CMP-20241007-01800"",""CMP-20241012-02028"",""CMP-20241222-05698"",""CMP-20250219-08861"",""CMP-20250409-11546"",""CMP-20250430-12711"",""CMP-20250525-14158""]",Axis Bank,savings,Rajasthan,281200.00,8,False
eda68ce7-c449-4615-a2cb-cb8c1628f52a,"[""CMP-20240908-00350"",""CMP-20241025-02685"",""CMP-20250201-07908"",""CMP-20250421-12251"",""CMP-20250421-12281"",""CMP-20250525-14175"",""CMP-20250708-16712""]",HDFC,savings,Karnataka,278700.00,7,False
a3c3baa7-6ba7-4f91-a30e-b6919d267695,"[""CMP-20240901-00054"",""CMP-20240912-00535"",""CMP-20241025-02677"",""CMP-20241115-03773"",""CMP-20241117-03876"",""CMP-20241124-04259"",""CMP-20241231-06156"",""CMP-20250223-09081"",""CMP-20250329-10960"",""CMP-20250827-19684""]",Paytm Payments Bank,wallet,Uttar Pradesh,429500.00,10,False
d9b8012f-b7a6-48b2-a009-5a8df782cc86,"[""CMP-20241008-01846"",""CMP-20241225-05833"",""CMP-20250118-07105"",""CMP-20250209-08314"",""CMP-20250219-08836"",""CMP-20250330-11039"",""CMP-20250403-11208"",""CMP-20250413-11764"",""CMP-20250524-14113"",""CMP-20250713-16998"",""CMP-20250724-17649"",""CMP-20250812-18804""]",HDFC,savings,Karnataka,695000.00,12,True
f25b21aa-ca82-46b6-a6e2-06bd081760b3,"[""CMP-20240927-01266"",""CMP-20241104-03196"",""CMP-20241224-05816"",""CMP-20250101-06229"",""CMP-20250121-07313"",""CMP-20250302-09422"",""CMP-20250816-18988""]",Paytm Payments Bank,savings,Karnataka,318100.00,7,True
8ab90e33-69e0-40eb-ad50-9babd4f83904,"[""CMP-20241010-01891"",""CMP-20241020-02486"",""CMP-20241201-04620"",""CMP-20250131-07840"",""CMP-20250220-08897"",""CMP-20250309-09799"",""CMP-20250415-11874"",""CMP-20250516-13575"",""CMP-20250616-15419"",""CMP-20250712-16963"",""CMP-20250830-19855"",""CMP-20250831-19940""]",SBI,savings,Tamil Nadu,420500.00,12,True
233b80d8-4595-4e0f-a6a9-fbfc980963fb,"[""CMP-20240908-00380"",""CMP-20250216-08686"",""CMP-20250321-10464"",""CMP-20250516-13605"",""CMP-20250530-14425"",""CMP-20250531-14506"",""CMP-20250708-16722"",""CMP-20250826-19632""]",Indian Bank,savings,Uttar Pradesh,273300.00,8,False
b66bd6ae-0afc-4025-ada4-74cd687a419a,"[""CMP-20240902-00078"",""CMP-20250119-07179"",""CMP-20250126-07583"",""CMP-20250327-10820"",""CMP-20250505-13038"",""CMP-20250514-13474"",""CMP-20250516-13600"",""CMP-20250719-17406"",""CMP-20250810-18710""]",Indian Bank,savings,Jharkhand,324900.00,9,False
4b18e49c-3998-4119-ace7-931a5db6c007,"[""CMP-20241015-02189"",""CMP-20241106-03292"",""CMP-20241201-04654"",""CMP-20241217-05422"",""CMP-20250128-07678"",""CMP-20250131-07829"",""CMP-20250424-12400"",""CMP-20250607-14904"",""CMP-20250720-17435"",""CMP-20250727-17864"",""CMP-20250826-19606"",""CMP-20250831-19964""]",SBI,savings,Tamil Nadu,476000.00,12,False
fd119d31-ac1e-402e-aace-f5d4784f75c0,"[""CMP-20241020-02478"",""CMP-20250101-06231"",""CMP-20250405-11370"",""CMP-20250504-13004"",""CMP-20250718-17275"",""CMP-20250724-17627"",""CMP-20250823-19405""]",Canara Bank,savings,Karnataka,546100.00,7,True
3f2c974b-1872-4e46-a412-d23f6d553bb4,"[""CMP-20241121-04090"",""CMP-20250104-06391"",""CMP-20250125-07507"",""CMP-20250409-11560"",""CMP-20250509-13200"",""CMP-20250527-14230"",""CMP-20250614-15309"",""CMP-20250627-16044""]",Indian Bank,savings,Uttar Pradesh,213900.00,8,False
479d5353-9230-4340-a154-f40c2904c551,"[""CMP-20240921-00941"",""CMP-20240925-01163"",""CMP-20241102-03117"",""CMP-20241107-03364"",""CMP-20241224-05784"",""CMP-20250109-06605"",""CMP-20250304-09521"",""CMP-20250311-09930"",""CMP-20250406-11435"",""CMP-20250409-11542"",""CMP-20250530-14369""]",Bank of Baroda,savings,Rajasthan,481500.00,11,False
f8a7a31c-516e-4afd-ad78-be130e5e68b0,"[""CMP-20240902-00086"",""CMP-20241208-04970"",""CMP-20250227-09247"",""CMP-20250306-09631"",""CMP-20250708-16707"",""CMP-20250711-16875"",""CMP-20250802-18161"",""CMP-20250826-19604"",""CMP-20250829-19788""]",HDFC,savings,Tamil Nadu,396700.00,9,False
2b0e3359-0a72-4b71-a21b-0e84484ac048,"[""CMP-20241012-02054"",""CMP-20241025-02672"",""CMP-20241104-03192"",""CMP-20241117-03880"",""CMP-20241203-04705"",""CMP-20241225-05841"",""CMP-20250126-07582"",""CMP-20250207-08205"",""CMP-20250301-09352"",""CMP-20250708-16718"",""CMP-20250716-17167""]",Canara Bank,savings,Uttar Pradesh,368800.00,11,True
228df607-4cb6-4057-a021-83198d4b5f13,"[""CMP-20240918-00822"",""CMP-20241111-03580"",""CMP-20250129-07736"",""CMP-20250208-08254"",""CMP-20250225-09182"",""CMP-20250306-09633"",""CMP-20250316-10186"",""CMP-20250410-11571"",""CMP-20250612-15192"",""CMP-20250705-16510"",""CMP-20250719-17395""]",SBI,savings,Tamil Nadu,719300.00,11,True
34d67bbc-db09-454c-acd8-92413c9a95f5,"[""CMP-20241018-02341"",""CMP-20250124-07452"",""CMP-20250608-14951"",""CMP-20250628-16111"",""CMP-20250710-16848""]",SBI,savings,Uttar Pradesh,129900.00,5,False
2a803521-bfa3-44dc-a4d4-cde5109f07b8,"[""CMP-20240926-01214"",""CMP-20241002-01521"",""CMP-20241229-06051"",""CMP-20250318-10283"",""CMP-20250518-13758"",""CMP-20250530-14406"",""CMP-20250709-16788""]",Indian Bank,savings,Jharkhand,376900.00,7,True
349134ed-5aa8-48fc-a322-67680420095b,"[""CMP-20241124-04243"",""CMP-20241205-04814"",""CMP-20241217-05434"",""CMP-20250130-07788"",""CMP-20250301-09365"",""CMP-20250321-10446"",""CMP-20250519-13815"",""CMP-20250524-14109""]",Indian Bank,savings,Uttar Pradesh,209500.00,8,False
1ccf34e2-b5ce-402c-a881-4602b3ea475d,"[""CMP-20240928-01346"",""CMP-20241026-02761"",""CMP-20241205-04808"",""CMP-20250421-12238"",""CMP-20250504-12986"",""CMP-20250604-14725"",""CMP-20250829-19837""]",Axis Bank,savings,Rajasthan,660000.00,7,True
9778c534-a2ce-4b0c-a547-a47ab4471e3a,"[""CMP-20241004-01619"",""CMP-20241025-02692"",""CMP-20241102-03097"",""CMP-20241121-04087"",""CMP-20250331-11053"",""CMP-20250401-11105"",""CMP-20250502-12818"",""CMP-20250524-14116"",""CMP-20250719-17382"",""CMP-20250823-19376""]",Indian Bank,savings,Jharkhand,427300.00,10,True
2d8b5b43-c329-49f7-a9f2-4f5e0eb1c906,"[""CMP-20240930-01424"",""CMP-20241026-02777"",""CMP-20250125-07523"",""CMP-20250301-09372"",""CMP-20250308-09772"",""CMP-20250607-14891"",""CMP-20250615-15362"",""CMP-20250713-17034"",""CMP-20250728-17876""]",Canara Bank,savings,Uttar Pradesh,356300.00,9,False
2432ae59-6936-4771-ac67-184032878b5b,"[""CMP-20250106-06487"",""CMP-20250328-10869"",""CMP-20250423-12358"",""CMP-20250608-14961"",""CMP-20250614-15293"",""CMP-20250614-15296"",""CMP-20250725-17711"",""CMP-20250815-18974""]",Airtel Payments Bank,savings,West Bengal,413100.00,8,False
9118a8dc-c320-47bd-a77f-d62c1cfb2c23,"[""CMP-20250129-07700"",""CMP-20250216-08690"",""CMP-20250529-14349"",""CMP-20250614-15304"",""CMP-20250630-16237"",""CMP-20250726-17794""]",Indian Bank,savings,Uttar Pradesh,142100.00,6,True
e019ab3b-4ae3-41b5-a6a3-90dcf83928c6,"[""CMP-20240923-01061"",""CMP-20241007-01803"",""CMP-20241224-05771"",""CMP-20250209-08324"",""CMP-20250422-12301"",""CMP-20250501-12763"",""CMP-20250518-13780"",""CMP-20250616-15449"",""CMP-20250621-15706"",""CMP-20250712-16949"",""CMP-20250830-19917""]",Bank of Baroda,savings,West Bengal,325600.00,11,True
9a222413-0d33-4f83-adeb-f9ea1ae4ffce,"[""CMP-20241015-02183"",""CMP-20241031-02995"",""CMP-20241129-04538"",""CMP-20241213-05186"",""CMP-20250104-06349"",""CMP-20250209-08285"",""CMP-20250223-09070"",""CMP-20250412-11683"",""CMP-20250428-12638"",""CMP-20250429-12693"",""CMP-20250809-18593""]",ICICI,savings,West Bengal,521100.00,11,False
88d66372-75fe-48d4-a283-6ad42ee34768,"[""CMP-20240925-01144"",""CMP-20241129-04502"",""CMP-20250122-07345"",""CMP-20250126-07580"",""CMP-20250204-08025"",""CMP-20250415-11899"",""CMP-20250418-12048"",""CMP-20250604-14742"",""CMP-20250607-14930""]",Airtel Payments Bank,savings,Uttar Pradesh,323900.00,9,True
5fc0c42a-13ab-4018-ae5f-69c0e3404475,"[""CMP-20240921-00978"",""CMP-20250411-11648"",""CMP-20250417-11961"",""CMP-20250422-12317"",""CMP-20250802-18209""]",Bank of Baroda,savings,Jharkhand,151200.00,5,False
f5ca5fb2-796d-4fa5-a815-14aed538b9fe,"[""CMP-20240928-01324"",""CMP-20241007-01793"",""CMP-20241118-03941"",""CMP-20250416-11922""]",ICICI,savings,Uttar Pradesh,453500.00,4,False
62b251a2-4023-4519-aa0a-ea75ab117d9b,"[""CMP-20240906-00260"",""CMP-20240907-00274"",""CMP-20240915-00681"",""CMP-20241016-02221"",""CMP-20241104-03201"",""CMP-20250309-09787"",""CMP-20250309-09813"",""CMP-20250507-13106"",""CMP-20250609-15053"",""CMP-20250826-19627""]",Axis Bank,savings,Rajasthan,556500.00,10,False
c7bf600e-bd9b-40dc-aceb-34415997875c,"[""CMP-20241106-03319"",""CMP-20241110-03559"",""CMP-20241117-03911"",""CMP-20241124-04277"",""CMP-20250127-07630"",""CMP-20250313-10040"",""CMP-20250317-10238"",""CMP-20250325-10726"",""CMP-20250516-13579"",""CMP-20250824-19476""]",ICICI,savings,Karnataka,491800.00,10,False
f331a789-defc-4f94-aaab-1ab28e7e2fa5,"[""CMP-20241120-04019"",""CMP-20241216-05398"",""CMP-20250129-07724"",""CMP-20250330-11011"",""CMP-20250422-12322"",""CMP-20250603-14653"",""CMP-20250616-15451"",""CMP-20250718-17263"",""CMP-20250731-18083"",""CMP-20250823-19386"",""CMP-20250827-19692""]",Indian Bank,savings,Rajasthan,265100.00,11,True
b4eef93f-10e0-49f3-a220-da22902f68c2,"[""CMP-20240905-00214"",""CMP-20240924-01110"",""CMP-20241102-03114"",""CMP-20250102-06272"",""CMP-20250115-06952"",""CMP-20250225-09143"",""CMP-20250310-09888"",""CMP-20250627-16011"",""CMP-20250829-19825""]",Axis Bank,savings,West Bengal,622300.00,9,True
24f6f6c3-d924-49f7-a0c5-984fad2619cf,"[""CMP-20241231-06184"",""CMP-20250405-11306"",""CMP-20250409-11554"",""CMP-20250502-12831"",""CMP-20250706-16634"",""CMP-20250813-18827""]",Bank of Baroda,savings,Uttar Pradesh,128100.00,6,False
efdda434-9951-49fd-a27c-30db706ae5f5,"[""CMP-20241222-05677"",""CMP-20241223-05726"",""CMP-20241225-05852"",""CMP-20250108-06574"",""CMP-20250303-09479"",""CMP-20250718-17284""]",Indian Bank,savings,Maharashtra,267200.00,6,False
8e087cf0-66b5-4d09-a93b-b00369786dcd,"[""CMP-20240922-01026"",""CMP-20241007-01778"",""CMP-20241016-02210"",""CMP-20241110-03544"",""CMP-20241123-04217"",""CMP-20250409-11527"",""CMP-20250418-12041"",""CMP-20250518-13784"",""CMP-20250527-14229"",""CMP-20250625-15930"",""CMP-20250704-16495"",""CMP-20250823-19431""]",SBI,savings,Rajasthan,437800.00,12,True
b3801208-8233-4df0-a6cf-fef65f7f6e83,"[""CMP-20241220-05571"",""CMP-20250108-06578"",""CMP-20250224-09092"",""CMP-20250421-12258"",""CMP-20250602-14611"",""CMP-20250713-17023""]",HDFC,savings,Jharkhand,345200.00,6,False
3433cee6-16f0-4008-a890-fe553cce99b4,"[""CMP-20241021-02524"",""CMP-20241120-04021"",""CMP-20250202-07925"",""CMP-20250309-09804"",""CMP-20250509-13191"",""CMP-20250512-13406"",""CMP-20250527-14250"",""CMP-20250726-17736""]",Paytm Payments Bank,savings,Jharkhand,755800.00,8,True
a9d37ae8-4201-4556-a009-b4dcacf8a90e,"[""CMP-20241207-04904"",""CMP-20250104-06393"",""CMP-20250107-06563"",""CMP-20250203-07968"",""CMP-20250204-08011"",""CMP-20250725-17682"",""CMP-20250822-19370""]",ICICI,savings,Rajasthan,177700.00,7,False
5f080b07-41e0-45e2-ae62-57c3826e7029,"[""CMP-20241202-04677"",""CMP-20250212-08447"",""CMP-20250225-09176"",""CMP-20250225-09179"",""CMP-20250620-15630"",""CMP-20250705-16519""]",ICICI,savings,Jharkhand,350100.00,6,True
3205eac7-3441-4d45-ab37-9a9e006f2cfe,"[""CMP-20241009-01884"",""CMP-20241018-02328"",""CMP-20250128-07682"",""CMP-20250216-08689"",""CMP-20250305-09599"",""CMP-20250322-10508"",""CMP-20250412-11727"",""CMP-20250413-11743"",""CMP-20250503-12873"",""CMP-20250510-13260"",""CMP-20250613-15208"",""CMP-20250614-15330"",""CMP-20250615-15360""]",Axis Bank,savings,Rajasthan,387300.00,13,False
278a3fe6-7906-48ab-ab39-46c95409c564,"[""CMP-20250226-09196"",""CMP-20250308-09743"",""CMP-20250316-10219"",""CMP-20250422-12321"",""CMP-20250504-12955"",""CMP-20250706-16656""]",HDFC,savings,Tamil Nadu,220300.00,6,False
f543bc51-aac9-4aa7-a8f0-f0d2f7b387ca,"[""CMP-20240925-01182"",""CMP-20241003-01558"",""CMP-20241015-02191"",""CMP-20241213-05202"",""CMP-20250111-06719"",""CMP-20250328-10871"",""CMP-20250416-11917"",""CMP-20250508-13148"",""CMP-20250525-14161"",""CMP-20250812-18780""]",Paytm Payments Bank,wallet,Karnataka,331100.00,10,False
2060c227-c79a-4af0-afa3-8ac5dad12fd1,"[""CMP-20240916-00757"",""CMP-20240923-01085"",""CMP-20240927-01291"",""CMP-20241230-06132"",""CMP-20250116-07019"",""CMP-20250301-09368"",""CMP-20250324-10689"",""CMP-20250517-13674"",""CMP-20250701-16285"",""CMP-20250803-18254"",""CMP-20250809-18644"",""CMP-20250826-19634""]",Airtel Payments Bank,savings,Uttar Pradesh,359600.00,12,False
1e010fdb-e2d1-438e-a00c-73f6a5f91726,"[""CMP-20241118-03970"",""CMP-20241228-06010"",""CMP-20250111-06737"",""CMP-20250123-07412"",""CMP-20250218-08814"",""CMP-20250227-09228"",""CMP-20250503-12882"",""CMP-20250626-15994"",""CMP-20250627-16048"",""CMP-20250702-16347"",""CMP-20250721-17527"",""CMP-20250804-18344"",""CMP-20250809-18648""]",Canara Bank,savings,West Bengal,511600.00,13,True
8efc6b1d-97ca-44ef-a26a-2078ccc440b2,"[""CMP-20240906-00251"",""CMP-20241107-03367"",""CMP-20250113-06854"",""CMP-20250124-07482"",""CMP-20250216-08662"",""CMP-20250512-13391"",""CMP-20250721-17507"",""CMP-20250724-17664"",""CMP-20250804-18329"",""CMP-20250807-18485""]",Canara Bank,savings,Uttar Pradesh,499200.00,10,False
3a126c39-8f4b-4b98-a67c-7b682c8b9003,"[""CMP-20240923-01102"",""CMP-20250112-06815"",""CMP-20250209-08337"",""CMP-20250221-08924"",""CMP-20250302-09430"",""CMP-20250420-12200"",""CMP-20250426-12492"",""CMP-20250430-12700"",""CMP-20250511-13346"",""CMP-20250628-16107"",""CMP-20250725-17686""]",HDFC,savings,Rajasthan,274800.00,11,True
0eb196c0-9927-41d7-a552-882bf027144e,"[""CMP-20241123-04163"",""CMP-20241212-05153"",""CMP-20250504-13002"",""CMP-20250622-15797"",""CMP-20250723-17596"",""CMP-20250817-19094""]",ICICI,savings,Jharkhand,379500.00,6,False
caf2f935-f0f9-4f7f-a68d-654bbbe3a837,"[""CMP-20241019-02405"",""CMP-20241214-05294"",""CMP-20250210-08375"",""CMP-20250523-13978"",""CMP-20250716-17196""]",ICICI,savings,Jharkhand,161600.00,5,False
8124e91b-2d20-4499-a31b-070dfdf0a531,"[""CMP-20240907-00304"",""CMP-20241201-04657"",""CMP-20250119-07219"",""CMP-20250320-10390"",""CMP-20250611-15138"",""CMP-20250625-15944""]",HDFC,savings,Jharkhand,279600.00,6,False
4cb28161-b643-4b86-a3a9-e2c1116a55ff,"[""CMP-20240915-00705"",""CMP-20240927-01289"",""CMP-20241113-03679"",""CMP-20241115-03754"",""CMP-20250115-06941"",""CMP-20250422-12295"",""CMP-20250620-15597""]",Indian Bank,savings,Jharkhand,302400.00,7,False
5eb5e1ca-39d5-4f4a-a117-dd31e073a4ae,"[""CMP-20241118-03974"",""CMP-20250119-07189"",""CMP-20250328-10850"",""CMP-20250530-14424"",""CMP-20250620-15631"",""CMP-20250702-16353"",""CMP-20250715-17154"",""CMP-20250818-19161""]",HDFC,savings,Jharkhand,214100.00,8,False
6c442f2d-30de-42e4-a672-6e73a090a35a,"[""CMP-20241018-02306"",""CMP-20241027-02806"",""CMP-20241229-06098"",""CMP-20250115-06970"",""CMP-20250125-07530"",""CMP-20250128-07659"",""CMP-20250305-09575"",""CMP-20250316-10209"",""CMP-20250319-10346"",""CMP-20250516-13635"",""CMP-20250613-15264"",""CMP-20250702-16359"",""CMP-20250712-16936""]",Bank of Baroda,savings,Uttar Pradesh,405900.00,13,True
e5fc9e7c-d826-4315-a3f0-90705ca72ce0,"[""CMP-20241027-02811"",""CMP-20241104-03205"",""CMP-20250302-09424"",""CMP-20250315-10153"",""CMP-20250425-12449"",""CMP-20250517-13725"",""CMP-20250531-14499"",""CMP-20250606-14810"",""CMP-20250621-15683"",""CMP-20250814-18892""]",Bank of Baroda,savings,Jharkhand,310100.00,10,True
d5b69e2f-11e5-4735-a981-fddb36dfbd0c,"[""CMP-20241124-04284"",""CMP-20241206-04822"",""CMP-20250208-08275"",""CMP-20250606-14836"",""CMP-20250723-17584""]",Airtel Payments Bank,wallet,West Bengal,318200.00,5,False
9aaa4c73-83c6-467c-ae81-a56cab38ee8f,"[""CMP-20240906-00243"",""CMP-20241116-03828"",""CMP-20241220-05594"",""CMP-20250126-07555"",""CMP-20250307-09699"",""CMP-20250509-13185"",""CMP-20250602-14616"",""CMP-20250606-14791"",""CMP-20250715-17140""]",HDFC,savings,Rajasthan,601800.00,9,True
1f3f9c9f-aa8b-4472-a719-29254e35470e,"[""CMP-20241026-02734"",""CMP-20241026-02735"",""CMP-20250114-06904"",""CMP-20250131-07838"",""CMP-20250301-09384"",""CMP-20250317-10236"",""CMP-20250328-10879"",""CMP-20250411-11611"",""CMP-20250412-11726"",""CMP-20250523-14027"",""CMP-20250819-19188"",""CMP-20250824-19484""]",ICICI,savings,Rajasthan,709600.00,12,True
71b15520-79af-414b-a18b-013ba8cf66d2,"[""CMP-20240909-00409"",""CMP-20241215-05349"",""CMP-20250127-07602"",""CMP-20250316-10192"",""CMP-20250418-12057"",""CMP-20250512-13421"",""CMP-20250713-17019"",""CMP-20250828-19737""]",Bank of Baroda,savings,Karnataka,402700.00,8,False
913be169-f7f5-47f0-aa4c-4ea67de4096b,"[""CMP-20250124-07469"",""CMP-20250319-10328"",""CMP-20250404-11283"",""CMP-20250418-12008"",""CMP-20250727-17847"",""CMP-20250806-18447""]",Axis Bank,savings,Uttar Pradesh,259200.00,6,False
f00b66ad-29d8-44e2-a910-8ac2679b274e,"[""CMP-20241011-02008"",""CMP-20241013-02106"",""CMP-20241025-02702"",""CMP-20241112-03617"",""CMP-20241228-06001"",""CMP-20250207-08193"",""CMP-20250501-12779"",""CMP-20250606-14826"",""CMP-20250713-17029"",""CMP-20250809-18580"",""CMP-20250824-19487""]",Indian Bank,savings,Uttar Pradesh,362400.00,11,True
2a38636f-7f77-453a-a01f-21e6dede3cf3,"[""CMP-20240920-00885"",""CMP-20241005-01645"",""CMP-20241123-04186"",""CMP-20241211-05109"",""CMP-20241218-05485"",""CMP-20241224-05779"",""CMP-20250120-07265"",""CMP-20250527-14268"",""CMP-20250613-15207"",""CMP-20250713-17065""]",Indian Bank,savings,Rajasthan,318900.00,10,True
df2c099a-8645-47e1-a4bb-5b950746a19f,"[""CMP-20240930-01423"",""CMP-20241119-03994"",""CMP-20241124-04240"",""CMP-20241212-05128"",""CMP-20241222-05666"",""CMP-20250119-07187"",""CMP-20250209-08315"",""CMP-20250517-13673"",""CMP-20250609-15037"",""CMP-20250802-18191"",""CMP-20250825-19580""]",Airtel Payments Bank,savings,Maharashtra,628900.00,11,True
56d3aadd-0947-4311-a179-bda19c4db099,"[""CMP-20241204-04763"",""CMP-20250104-06383"",""CMP-20250117-07044"",""CMP-20250201-07856"",""CMP-20250202-07931"",""CMP-20250305-09598"",""CMP-20250310-09868"",""CMP-20250328-10851"",""CMP-20250407-11463"",""CMP-20250421-12239""]",Indian Bank,savings,Rajasthan,891800.00,10,True
44bbf60d-05d9-4657-a825-47e98d54f4b8,"[""CMP-20240918-00829"",""CMP-20241011-02000"",""CMP-20241130-04547"",""CMP-20250110-06643"",""CMP-20250329-10892"",""CMP-20250430-12720"",""CMP-20250612-15159"",""CMP-20250710-16854""]",Axis Bank,savings,Uttar Pradesh,665600.00,8,True
91d3de69-2f65-4516-a44a-5c910d8d1401,"[""CMP-20241030-02945"",""CMP-20241121-04067"",""CMP-20241205-04782"",""CMP-20250111-06756"",""CMP-20250117-07031"",""CMP-20250118-07140"",""CMP-20250406-11413"",""CMP-20250430-12732"",""CMP-20250713-17063"",""CMP-20250806-18433"",""CMP-20250806-18449""]",Airtel Payments Bank,wallet,Maharashtra,363600.00,11,False
f5cae7a0-1b3c-439f-a3fa-07eb4ce920f4,"[""CMP-20241121-04054"",""CMP-20241225-05851"",""CMP-20250125-07543"",""CMP-20250204-08038"",""CMP-20250316-10162"",""CMP-20250416-11952"",""CMP-20250508-13124"",""CMP-20250831-19950""]",Indian Bank,savings,Uttar Pradesh,191900.00,8,False
d83af646-9a35-4b71-a7dc-1a4b005b709e,"[""CMP-20240921-00973"",""CMP-20250103-06291"",""CMP-20250205-08063"",""CMP-20250426-12545"",""CMP-20250605-14765"",""CMP-20250730-17987"",""CMP-20250807-18473"",""CMP-20250807-18501"",""CMP-20250826-19622"",""CMP-20250829-19784""]",Axis Bank,savings,Rajasthan,433800.00,10,False
fdb5c55b-8106-4a3f-aff9-9b5c4c05269f,"[""CMP-20241130-04583"",""CMP-20250311-09912"",""CMP-20250316-10168"",""CMP-20250401-11139"",""CMP-20250525-14162"",""CMP-20250525-14186"",""CMP-20250609-15012""]",Airtel Payments Bank,savings,Karnataka,382200.00,7,False
efb8a40a-2254-49ae-ac03-c16fed7e2829,"[""CMP-20250707-16686"",""CMP-20250715-17151""]",Canara Bank,savings,Uttar Pradesh,98100.00,2,False
c1eb93d7-8f6e-491d-a3a9-b7a546275bcc,"[""CMP-20241123-04202"",""CMP-20250103-06295"",""CMP-20250112-06841"",""CMP-20250114-06933"",""CMP-20250228-09301"",""CMP-20250705-16567"",""CMP-20250720-17437""]",Canara Bank,savings,Uttar Pradesh,433800.00,7,False
3300fceb-03db-4ba6-a909-f3cfadb8ad44,"[""CMP-20241109-03470"",""CMP-20241129-04543"",""CMP-20241230-06131"",""CMP-20250107-06544"",""CMP-20250119-07161"",""CMP-20250412-11700"",""CMP-20250503-12906"",""CMP-20250523-14034"",""CMP-20250526-14194"",""CMP-20250531-14495"",""CMP-20250802-18193""]",Axis Bank,savings,Rajasthan,655400.00,11,True
1b21f395-2414-4ba3-a51d-ff86dc465fcd,"[""CMP-20240903-00096"",""CMP-20241208-04934"",""CMP-20250122-07361"",""CMP-20250206-08144"",""CMP-20250227-09258"",""CMP-20250304-09548"",""CMP-20250418-12059"",""CMP-20250514-13509"",""CMP-20250809-18607""]",Bank of Baroda,savings,Tamil Nadu,396600.00,9,False
9cde1b89-3d00-4130-a3f1-1db79d3c648e,"[""CMP-20240910-00427"",""CMP-20240911-00507"",""CMP-20241027-02817"",""CMP-20250122-07348"",""CMP-20250413-11751"",""CMP-20250620-15593"",""CMP-20250717-17255"",""CMP-20250724-17634"",""CMP-20250811-18761""]",HDFC,savings,Rajasthan,273800.00,9,False
8c30be34-12e7-4273-a09b-53c57c9c8cb9,"[""CMP-20240904-00160"",""CMP-20241012-02041"",""CMP-20241107-03343"",""CMP-20250129-07713"",""CMP-20250221-08913"",""CMP-20250405-11334"",""CMP-20250516-13610"",""CMP-20250815-18899""]",Axis Bank,savings,Uttar Pradesh,478300.00,8,True
0134c18d-ffbf-40d4-a630-9e13b3255c3a,"[""CMP-20250419-12079"",""CMP-20250517-13660"",""CMP-20250711-16881"",""CMP-20250805-18374""]",Airtel Payments Bank,savings,Uttar Pradesh,305300.00,4,False
0f2e9e50-eb0e-4345-a0f2-c4d78e475c85,"[""CMP-20240901-00024"",""CMP-20241005-01688"",""CMP-20241024-02648"",""CMP-20241204-04767"",""CMP-20241208-04954"",""CMP-20250105-06418"",""CMP-20250118-07126"",""CMP-20250201-07851"",""CMP-20250319-10314"",""CMP-20250319-10353"",""CMP-20250412-11710"",""CMP-20250506-13061"",""CMP-20250513-13438"",""CMP-20250531-14477"",""CMP-20250608-14952"",""CMP-20250711-16921"",""CMP-20250714-17108""]",Paytm Payments Bank,savings,Uttar Pradesh,670900.00,17,True
ce110f17-b044-47b3-ab19-5ad42ff3a6da,"[""CMP-20240916-00748"",""CMP-20241030-02963"",""CMP-20241123-04215"",""CMP-20241129-04491"",""CMP-20250103-06334"",""CMP-20250204-08040"",""CMP-20250209-08301"",""CMP-20250719-17341"",""CMP-20250803-18271"",""CMP-20250818-19164""]",Airtel Payments Bank,wallet,Tamil Nadu,374500.00,10,False
57d5ff98-edfa-4a05-aa36-1b091f6f8f5e,"[""CMP-20241029-02892"",""CMP-20241118-03962"",""CMP-20241209-05032"",""CMP-20250219-08850"",""CMP-20250227-09260"",""CMP-20250504-12988"",""CMP-20250517-13727"",""CMP-20250721-17513""]",ICICI,savings,Rajasthan,415000.00,8,False
dd2b4ccf-5ecf-4102-afcc-6d230dd47b75,"[""CMP-20240929-01392"",""CMP-20241107-03335"",""CMP-20250208-08247"",""CMP-20250217-08765"",""CMP-20250309-09825"",""CMP-20250412-11715"",""CMP-20250428-12646"",""CMP-20250504-12990"",""CMP-20250830-19892""]",ICICI,savings,Karnataka,184700.00,9,False
e9e21b0b-69f1-4d20-a533-097e62d46d84,"[""CMP-20241102-03083"",""CMP-20241102-03128"",""CMP-20241117-03874"",""CMP-20241211-05115"",""CMP-20241212-05140"",""CMP-20250126-07587"",""CMP-20250525-14176"",""CMP-20250611-15113"",""CMP-20250625-15943"",""CMP-20250725-17725"",""CMP-20250819-19194""]",Airtel Payments Bank,savings,Tamil Nadu,456000.00,11,True
4286a500-81d1-4b90-a629-c60a726c24f9,"[""CMP-20241011-01979"",""CMP-20241120-04043"",""CMP-20250105-06431"",""CMP-20250424-12397"",""CMP-20250509-13201"",""CMP-20250530-14374"",""CMP-20250704-16474"",""CMP-20250802-18225"",""CMP-20250829-19806""]",SBI,savings,Rajasthan,614000.00,9,True
432f6de5-003b-47a0-aa28-bd493c6dc6a4,"[""CMP-20240926-01233"",""CMP-20250418-12012"",""CMP-20250713-17020"",""CMP-20250827-19681""]",ICICI,savings,Rajasthan,219500.00,4,False
bc03bba6-03d1-4b30-ab44-1aaf30c832a5,"[""CMP-20240914-00642"",""CMP-20241104-03223"",""CMP-20241208-04992"",""CMP-20241226-05880"",""CMP-20250125-07541"",""CMP-20250131-07796"",""CMP-20250322-10553"",""CMP-20250602-14602"",""CMP-20250619-15577"",""CMP-20250621-15678"",""CMP-20250820-19223""]",Bank of Baroda,savings,Tamil Nadu,452400.00,11,True
3415b769-443e-442a-ad48-793d738deb75,"[""CMP-20240905-00184"",""CMP-20241016-02219"",""CMP-20241116-03827"",""CMP-20250325-10723"",""CMP-20250525-14149"",""CMP-20250528-14299"",""CMP-20250627-16027"",""CMP-20250803-18286"",""CMP-20250817-19070""]",Axis Bank,savings,Tamil Nadu,326600.00,9,True
b6713ded-4d92-4f50-a690-963ec1429af0,"[""CMP-20240908-00362"",""CMP-20250228-09277"",""CMP-20250418-12065"",""CMP-20250519-13825"",""CMP-20250630-16235"",""CMP-20250802-18171"",""CMP-20250831-19934"",""CMP-20250831-19981""]",Indian Bank,savings,Tamil Nadu,133600.00,8,False
9943a98b-436a-4c37-a296-7b31cadb4834,"[""CMP-20240903-00105"",""CMP-20240925-01171"",""CMP-20241207-04892"",""CMP-20250101-06240"",""CMP-20250327-10790"",""CMP-20250426-12522"",""CMP-20250720-17463""]",Indian Bank,savings,Rajasthan,272200.00,7,False
38866385-307c-410c-a47c-512ddda54be8,"[""CMP-20240907-00273"",""CMP-20240927-01269"",""CMP-20241022-02536"",""CMP-20250112-06808"",""CMP-20250208-08234"",""CMP-20250317-10256"",""CMP-20250505-13028"",""CMP-20250612-15177""]",Paytm Payments Bank,wallet,Jharkhand,320600.00,8,False
7879fe50-1cff-4f54-aa9b-c1665eb7c148,"[""CMP-20240920-00910"",""CMP-20241127-04395"",""CMP-20241204-04745"",""CMP-20241204-04766"",""CMP-20250218-08802"",""CMP-20250405-11339"",""CMP-20250418-12023"",""CMP-20250510-13277"",""CMP-20250727-17872""]",Bank of Baroda,savings,Jharkhand,452100.00,9,False
d4b8ee85-13df-456f-a422-c9d208ceb29d,"[""CMP-20240926-01216"",""CMP-20250109-06636"",""CMP-20250220-08903"",""CMP-20250326-10749"",""CMP-20250530-14363"",""CMP-20250607-14908"",""CMP-20250614-15287"",""CMP-20250714-17099"",""CMP-20250717-17225""]",Airtel Payments Bank,wallet,Jharkhand,275000.00,9,False
27a1ccc3-794c-4de0-a162-98c88202c5e8,"[""CMP-20241029-02886"",""CMP-20250124-07420"",""CMP-20250213-08510"",""CMP-20250325-10708"",""CMP-20250422-12293"",""CMP-20250607-14890"",""CMP-20250708-16710"",""CMP-20250716-17189"",""CMP-20250716-17194"",""CMP-20250721-17488""]",Indian Bank,savings,Jharkhand,539000.00,10,True
f976e025-9558-44c0-a8ce-8d154d9bd4f3,"[""CMP-20241019-02376"",""CMP-20241030-02918"",""CMP-20241218-05491"",""CMP-20250203-07997"",""CMP-20250301-09360"",""CMP-20250323-10631"",""CMP-20250514-13471"",""CMP-20250615-15352"",""CMP-20250713-17028"",""CMP-20250726-17764"",""CMP-20250808-18548"",""CMP-20250818-19133""]",Bank of Baroda,savings,Uttar Pradesh,612900.00,12,True
d4fd4b05-ad8e-4915-ade1-2f40a93231b5,"[""CMP-20241021-02511"",""CMP-20241031-02983"",""CMP-20241109-03447"",""CMP-20250413-11792"",""CMP-20250520-13881"",""CMP-20250820-19224""]",Indian Bank,savings,Uttar Pradesh,174800.00,6,True
ede3bae4-6800-43d8-a0a0-bb45dda39743,"[""CMP-20250201-07909"",""CMP-20250216-08714"",""CMP-20250317-10233"",""CMP-20250429-12694"",""CMP-20250707-16694""]",ICICI,savings,Karnataka,103800.00,5,True
412adc57-15c9-4666-a0fb-e8b9cb805c1e,"[""CMP-20240901-00013"",""CMP-20241130-04546"",""CMP-20241226-05884"",""CMP-20250512-13405"",""CMP-20250516-13626"",""CMP-20250611-15127"",""CMP-20250718-17311"",""CMP-20250724-17650"",""CMP-20250806-18413""]",Axis Bank,savings,West Bengal,372900.00,9,True
7c14105e-13c4-40f8-a6bc-3cc6af86ecca,"[""CMP-20241116-03860"",""CMP-20241218-05494"",""CMP-20250328-10828"",""CMP-20250625-15934"",""CMP-20250711-16908""]",Indian Bank,savings,Rajasthan,147700.00,5,False
c5792e11-b03a-4678-a549-def6c6aec155,"[""CMP-20240909-00415"",""CMP-20241005-01651"",""CMP-20250119-07191"",""CMP-20250201-07898"",""CMP-20250219-08841"",""CMP-20250626-15995"",""CMP-20250704-16466"",""CMP-20250722-17564""]",Airtel Payments Bank,wallet,Rajasthan,205400.00,8,True
f770adcb-1415-4f46-a3e9-bddb3dc9dc47,"[""CMP-20241014-02154"",""CMP-20241105-03265"",""CMP-20241214-05268"",""CMP-20250117-07053"",""CMP-20250131-07802"",""CMP-20250321-10492"",""CMP-20250403-11244"",""CMP-20250609-15045"",""CMP-20250614-15302"",""CMP-20250630-16254"",""CMP-20250729-17959""]",Bank of Baroda,savings,Rajasthan,743400.00,11,True
70d5f4c0-a11a-4b4e-a538-c4252a4b75a7,"[""CMP-20240910-00432"",""CMP-20250309-09844"",""CMP-20250403-11216"",""CMP-20250507-13092"",""CMP-20250730-17985""]",Axis Bank,savings,Jharkhand,280800.00,5,True
a3e90445-953d-404b-af89-790a9bd7e076,"[""CMP-20240924-01109"",""CMP-20250102-06260"",""CMP-20250119-07176"",""CMP-20250205-08052"",""CMP-20250216-08703"",""CMP-20250508-13160"",""CMP-20250509-13213"",""CMP-20250617-15514"",""CMP-20250822-19363""]",Indian Bank,savings,Rajasthan,501900.00,9,False
2f137f1b-02dd-4141-ab19-08565a83542f,"[""CMP-20241029-02903"",""CMP-20241117-03900"",""CMP-20241211-05092"",""CMP-20250115-06972"",""CMP-20250120-07262"",""CMP-20250328-10835"",""CMP-20250521-13903"",""CMP-20250526-14201"",""CMP-20250529-14346"",""CMP-20250823-19413"",""CMP-20250824-19515""]",Airtel Payments Bank,savings,West Bengal,834200.00,11,True
e4471414-196a-4cd1-a553-c6a310231f09,"[""CMP-20240903-00102"",""CMP-20241031-02974"",""CMP-20250204-08007"",""CMP-20250717-17243""]",HDFC,savings,Tamil Nadu,550700.00,4,True
1183d303-0f0a-4848-a73f-e54ec04f0d26,"[""CMP-20241115-03807"",""CMP-20250203-07984"",""CMP-20250401-11125"",""CMP-20250406-11407"",""CMP-20250417-11987"",""CMP-20250420-12217"",""CMP-20250422-12306"",""CMP-20250514-13500"",""CMP-20250629-16151"",""CMP-20250726-17747"",""CMP-20250808-18514""]",Axis Bank,savings,Uttar Pradesh,255200.00,11,True
5551aef4-7a1c-4774-a167-e9e48e2e177f,"[""CMP-20241004-01612"",""CMP-20241020-02432"",""CMP-20241125-04350"",""CMP-20250105-06457"",""CMP-20250314-10081"",""CMP-20250321-10435"",""CMP-20250328-10858"",""CMP-20250401-11104"",""CMP-20250823-19390""]",Paytm Payments Bank,savings,Karnataka,420300.00,9,False
acdd204e-f858-45a5-a805-7693cc54854b,"[""CMP-20241216-05387"",""CMP-20250127-07633"",""CMP-20250314-10060"",""CMP-20250502-12830"",""CMP-20250827-19694""]",Canara Bank,savings,Rajasthan,307600.00,5,True
9ce5a4d7-9d1b-494f-adb5-2fd134bd39ae,"[""CMP-20240918-00805"",""CMP-20241110-03558"",""CMP-20241112-03632"",""CMP-20241116-03847"",""CMP-20250119-07194"",""CMP-20250501-12792"",""CMP-20250517-13676"",""CMP-20250624-15887"",""CMP-20250702-16384"",""CMP-20250721-17500""]",HDFC,savings,Jharkhand,496500.00,10,False
7b856640-11e3-4a09-afe0-a646b79cc4c3,"[""CMP-20241208-04999"",""CMP-20241209-05021"",""CMP-20241221-05628"",""CMP-20250125-07534"",""CMP-20250317-10259"",""CMP-20250412-11676"",""CMP-20250711-16906"",""CMP-20250828-19722""]",Bank of Baroda,savings,Tamil Nadu,402900.00,8,False
b1c9896f-3843-4645-a50f-15b05380772b,"[""CMP-20241007-01788"",""CMP-20241025-02688"",""CMP-20241109-03467"",""CMP-20250119-07199"",""CMP-20250205-08096"",""CMP-20250308-09753"",""CMP-20250413-11741"",""CMP-20250629-16210"",""CMP-20250719-17389""]",Bank of Baroda,savings,Jharkhand,727100.00,9,True
12c057f9-ebb8-4a02-a54b-271f26a64f7a,"[""CMP-20240924-01123"",""CMP-20241018-02371"",""CMP-20241111-03579"",""CMP-20250116-06998"",""CMP-20250123-07381"",""CMP-20250614-15333"",""CMP-20250628-16124"",""CMP-20250707-16674""]",Paytm Payments Bank,wallet,West Bengal,897900.00,8,True
337fd4d4-1257-49a4-a023-cd8f925c9c18,"[""CMP-20241007-01784"",""CMP-20241026-02748"",""CMP-20250201-07860"",""CMP-20250223-09057"",""CMP-20250324-10679"",""CMP-20250414-11825"",""CMP-20250509-13172"",""CMP-20250520-13890"",""CMP-20250606-14843"",""CMP-20250615-15341"",""CMP-20250718-17335""]",HDFC,savings,Maharashtra,423900.00,11,True
875f9a86-1689-4521-a040-ee3d01d89598,"[""CMP-20240905-00193"",""CMP-20240910-00441"",""CMP-20240925-01196"",""CMP-20241005-01682"",""CMP-20250107-06556"",""CMP-20250123-07375"",""CMP-20250413-11774"",""CMP-20250424-12380"",""CMP-20250426-12509"",""CMP-20250629-16194"",""CMP-20250829-19839""]",SBI,savings,Uttar Pradesh,444500.00,11,True
38ba4604-50c6-404d-a8f2-8de44b2ce63b,"[""CMP-20240919-00862"",""CMP-20250607-14926"",""CMP-20250627-16053"",""CMP-20250821-19273""]",Paytm Payments Bank,savings,Uttar Pradesh,42000.00,4,False
1bfad36a-c1c4-47fe-a560-1af12d96532d,"[""CMP-20241116-03832"",""CMP-20241228-05983"",""CMP-20250114-06909"",""CMP-20250422-12310"",""CMP-20250506-13051"",""CMP-20250802-18178""]",Airtel Payments Bank,wallet,Uttar Pradesh,391900.00,6,False
a8d9ad7f-d150-4b7d-a404-b6e6933a1676,"[""CMP-20241215-05329"",""CMP-20250201-07869"",""CMP-20250301-09346"",""CMP-20250316-10208"",""CMP-20250321-10415"",""CMP-20250420-12197"",""CMP-20250704-16458"",""CMP-20250725-17681""]",Paytm Payments Bank,wallet,Rajasthan,439100.00,8,False
e9041d28-3575-46f7-a642-1f3085573bc6,"[""CMP-20241107-03338"",""CMP-20241109-03478"",""CMP-20241217-05447"",""CMP-20241219-05506"",""CMP-20250202-07921"",""CMP-20250311-09907"",""CMP-20250602-14622"",""CMP-20250718-17261"",""CMP-20250817-19102""]",ICICI,savings,Rajasthan,179000.00,9,False
a78a32cf-c01d-4974-a6de-8887f894de87,"[""CMP-20241009-01849"",""CMP-20241020-02434"",""CMP-20241103-03180"",""CMP-20250118-07116"",""CMP-20250201-07881"",""CMP-20250210-08350"",""CMP-20250211-08403"",""CMP-20250508-13130"",""CMP-20250516-13623"",""CMP-20250602-14630""]",SBI,savings,Rajasthan,509900.00,10,True
4620085c-7eaf-42d2-a23b-94dd96a7c85b,"[""CMP-20241014-02169"",""CMP-20241227-05958"",""CMP-20241228-06019"",""CMP-20250330-10975"",""CMP-20250419-12109"",""CMP-20250728-17899""]",Paytm Payments Bank,wallet,Maharashtra,177200.00,6,False
1009d421-367c-496c-a4bb-09d8d0a31ea6,"[""CMP-20241216-05411"",""CMP-20250301-09344""]",Canara Bank,savings,Karnataka,100600.00,2,True
fa03e335-171f-4c44-a68e-18510412fe3b,"[""CMP-20241005-01680"",""CMP-20241010-01925"",""CMP-20241103-03182"",""CMP-20250128-07688"",""CMP-20250128-07689"",""CMP-20250316-10171"",""CMP-20250426-12484"",""CMP-20250530-14409"",""CMP-20250729-17966"",""CMP-20250814-18896""]",SBI,savings,Karnataka,234900.00,10,False
16cb854e-e81e-4b81-a98d-a9b05ec763d7,"[""CMP-20241117-03920"",""CMP-20241124-04308"",""CMP-20241225-05856"",""CMP-20250109-06628"",""CMP-20250129-07708"",""CMP-20250329-10954"",""CMP-20250419-12146"",""CMP-20250516-13593"",""CMP-20250723-17604"",""CMP-20250807-18469"",""CMP-20250809-18583"",""CMP-20250814-18850""]",Bank of Baroda,savings,Karnataka,716500.00,12,True
4595392d-119d-4512-ad97-77993c0e5183,"[""CMP-20241219-05516"",""CMP-20250323-10642"",""CMP-20250427-12547"",""CMP-20250524-14059"",""CMP-20250524-14066"",""CMP-20250716-17206"",""CMP-20250816-19046"",""CMP-20250825-19560""]",Bank of Baroda,savings,Maharashtra,202600.00,8,False
de2a9935-b2be-43bd-ac68-2cbaa2f0680d,"[""CMP-20240905-00205"",""CMP-20240922-00999"",""CMP-20241004-01603"",""CMP-20241208-04990"",""CMP-20250112-06827"",""CMP-20250322-10559"",""CMP-20250418-12022"",""CMP-20250419-12098"",""CMP-20250509-13193"",""CMP-20250520-13863"",""CMP-20250627-16005"",""CMP-20250706-16606"",""CMP-20250710-16822"",""CMP-20250727-17849""]",Canara Bank,savings,Maharashtra,541200.00,14,False
11bbaf72-1af6-4338-a0a4-fec7da10bb73,"[""CMP-20240903-00135"",""CMP-20240917-00772"",""CMP-20240923-01079"",""CMP-20240929-01370"",""CMP-20241124-04270"",""CMP-20250115-06958"",""CMP-20250319-10325"",""CMP-20250421-12253"",""CMP-20250720-17445"",""CMP-20250828-19732""]",SBI,savings,Uttar Pradesh,678800.00,10,True
5a75cad7-0fc0-40d5-a3c7-006553546c63,"[""CMP-20240910-00435"",""CMP-20241001-01477"",""CMP-20241222-05706"",""CMP-20250225-09159"",""CMP-20250430-12698"",""CMP-20250607-14869"",""CMP-20250713-16997"",""CMP-20250730-18039"",""CMP-20250804-18319""]",Airtel Payments Bank,wallet,Tamil Nadu,258600.00,9,False
e0ce1680-edc7-4afb-a92b-5e48271f1004,"[""CMP-20241017-02288"",""CMP-20250113-06862"",""CMP-20250121-07294"",""CMP-20250226-09199"",""CMP-20250518-13801"",""CMP-20250524-14083"",""CMP-20250727-17848"",""CMP-20250816-18999""]",Axis Bank,savings,Karnataka,591800.00,8,True
30c099ad-d376-4004-a0a7-fe410a8bb5f9,"[""CMP-20241217-05435"",""CMP-20250228-09322"",""CMP-20250506-13067"",""CMP-20250608-14989"",""CMP-20250730-18000""]",Axis Bank,savings,Rajasthan,249700.00,5,False
a596c458-d8b5-425a-a902-4733cd110b3b,"[""CMP-20241013-02080"",""CMP-20250106-06479"",""CMP-20250218-08779"",""CMP-20250401-11143"",""CMP-20250406-11410"",""CMP-20250729-17975""]",Bank of Baroda,savings,Uttar Pradesh,161500.00,6,False
8643689b-66c9-4d2b-a63c-16a82bb7bc9f,"[""CMP-20241026-02750"",""CMP-20241229-06087"",""CMP-20250627-16036"",""CMP-20250723-17583""]",Airtel Payments Bank,wallet,Rajasthan,193900.00,4,False
7737ace3-0104-403d-a3a7-ee7eb6c4606d,"[""CMP-20240912-00527"",""CMP-20241016-02218"",""CMP-20241105-03235"",""CMP-20241120-04026"",""CMP-20241225-05858"",""CMP-20250309-09826"",""CMP-20250314-10097"",""CMP-20250315-10129"",""CMP-20250511-13326"",""CMP-20250603-14676"",""CMP-20250622-15761""]",Canara Bank,savings,Rajasthan,848100.00,11,True
521fbc73-8790-49f3-ab2d-c94b41bd009c,"[""CMP-20241222-05702"",""CMP-20241228-06039"",""CMP-20250124-07434"",""CMP-20250301-09376"",""CMP-20250307-09654"",""CMP-20250314-10057"",""CMP-20250628-16097"",""CMP-20250706-16616"",""CMP-20250802-18203""]",Paytm Payments Bank,wallet,Tamil Nadu,459500.00,9,False
d56a5739-80d8-4bb1-a04e-21d3fc2fee7e,"[""CMP-20240906-00236"",""CMP-20240918-00815"",""CMP-20241011-01940"",""CMP-20241129-04526"",""CMP-20250123-07380"",""CMP-20250314-10070"",""CMP-20250423-12343""]",Paytm Payments Bank,savings,Maharashtra,183600.00,7,True
396de7d2-55aa-43fe-ad74-aa696259d62a,"[""CMP-20241108-03371"",""CMP-20241219-05527"",""CMP-20250314-10063"",""CMP-20250516-13564"",""CMP-20250629-16209"",""CMP-20250723-17595""]",ICICI,savings,Maharashtra,108500.00,6,False
3b8140ec-105a-49e5-a88f-8c8b56edf98c,"[""CMP-20241017-02281"",""CMP-20241017-02293"",""CMP-20241025-02717"",""CMP-20241029-02889"",""CMP-20250210-08374"",""CMP-20250502-12828"",""CMP-20250709-16758"",""CMP-20250723-17606""]",Airtel Payments Bank,wallet,Jharkhand,748000.00,8,True
e11f2937-5786-4591-aa03-d7b6ff1ead08,"[""CMP-20241014-02166"",""CMP-20241030-02922"",""CMP-20241122-04099"",""CMP-20250115-06953"",""CMP-20250228-09315"",""CMP-20250311-09922"",""CMP-20250314-10100"",""CMP-20250624-15893"",""CMP-20250713-17018"",""CMP-20250806-18414""]",Airtel Payments Bank,wallet,Tamil Nadu,357300.00,10,False
1e5f5042-2591-4469-a110-f227c4e2d0d7,"[""CMP-20241028-02844"",""CMP-20241213-05222"",""CMP-20241227-05953"",""CMP-20250102-06270"",""CMP-20250318-10295"",""CMP-20250326-10766"",""CMP-20250511-13360"",""CMP-20250522-13934"",""CMP-20250830-19902""]",Bank of Baroda,savings,Jharkhand,384800.00,9,False
e2db2b39-d108-4055-a52a-8f487127f4c8,"[""CMP-20240916-00722"",""CMP-20241228-05999"",""CMP-20250215-08631"",""CMP-20250302-09453"",""CMP-20250321-10476"",""CMP-20250809-18636""]",Axis Bank,savings,Rajasthan,206500.00,6,True
0815bab0-edd0-434a-a102-fa1c8cfefcf7,"[""CMP-20241106-03323"",""CMP-20241111-03567"",""CMP-20241112-03631"",""CMP-20241220-05596"",""CMP-20250103-06339"",""CMP-20250120-07258"",""CMP-20250418-12039"",""CMP-20250621-15698"",""CMP-20250822-19311""]",Airtel Payments Bank,savings,Maharashtra,339300.00,9,False
b22fbcb6-4b77-40b4-abd0-9a0002a7f4fe,"[""CMP-20240908-00353"",""CMP-20241022-02550"",""CMP-20241208-04980"",""CMP-20250225-09180"",""CMP-20250604-14706"",""CMP-20250814-18854""]",HDFC,savings,Jharkhand,176400.00,6,False
08059292-3b75-49be-a65d-0bfcb67f42cb,"[""CMP-20240915-00688"",""CMP-20241122-04113"",""CMP-20250214-08540"",""CMP-20250325-10703"",""CMP-20250415-11864"",""CMP-20250419-12140"",""CMP-20250711-16925"",""CMP-20250804-18349"",""CMP-20250809-18595"",""CMP-20250817-19117""]",HDFC,savings,Rajasthan,677900.00,10,True
a2bf4850-f031-44ca-a6f3-416e9d79ef5d,"[""CMP-20241224-05770"",""CMP-20250320-10401"",""CMP-20250410-11573"",""CMP-20250516-13606"",""CMP-20250705-16568""]",Paytm Payments Bank,wallet,Uttar Pradesh,243000.00,5,True
46c1f0ce-ab44-4bec-a22d-b60e0e51fd7d,"[""CMP-20241013-02112"",""CMP-20241124-04275"",""CMP-20250119-07236"",""CMP-20250620-15604"",""CMP-20250821-19290""]",Paytm Payments Bank,savings,Tamil Nadu,271800.00,5,False
7313058b-3b89-4f0d-aba2-77008547b6e3,"[""CMP-20240916-00759"",""CMP-20241018-02320"",""CMP-20241031-03007"",""CMP-20241217-05459"",""CMP-20241220-05573"",""CMP-20250124-07441"",""CMP-20250310-09898"",""CMP-20250323-10623"",""CMP-20250617-15498"",""CMP-20250706-16607"",""CMP-20250803-18237"",""CMP-20250815-18936""]",Axis Bank,savings,Rajasthan,389500.00,12,False
7097ab69-7f67-4072-ad34-5eb23e650718,"[""CMP-20241016-02245"",""CMP-20241123-04158"",""CMP-20241224-05796"",""CMP-20250226-09188"",""CMP-20250323-10637"",""CMP-20250326-10764"",""CMP-20250522-13933""]",Paytm Payments Bank,wallet,Jharkhand,261100.00,7,False
4766c5f0-cd43-46ca-a1a8-86fe86833199,"[""CMP-20241018-02336"",""CMP-20241115-03802"",""CMP-20241122-04151"",""CMP-20241213-05181"",""CMP-20241229-06077"",""CMP-20250330-11030"",""CMP-20250503-12922"",""CMP-20250705-16559"",""CMP-20250808-18528"",""CMP-20250826-19603""]",Bank of Baroda,savings,Rajasthan,565000.00,10,True
db1434ea-6537-4737-a395-c6ba0a476574,"[""CMP-20241005-01701"",""CMP-20241030-02956"",""CMP-20241209-05017"",""CMP-20250101-06246"",""CMP-20250122-07358"",""CMP-20250130-07742"",""CMP-20250223-09066"",""CMP-20250424-12381"",""CMP-20250428-12637"",""CMP-20250503-12861"",""CMP-20250503-12913"",""CMP-20250706-16598""]",Bank of Baroda,savings,Jharkhand,382000.00,12,True
76c9f6c6-4eb2-43b3-a465-e1cc7841a828,"[""CMP-20241014-02163"",""CMP-20241201-04633"",""CMP-20250214-08533"",""CMP-20250420-12216"",""CMP-20250423-12345"",""CMP-20250606-14845"",""CMP-20250618-15551"",""CMP-20250824-19513""]",ICICI,savings,Tamil Nadu,289400.00,8,False
363f2125-5738-419e-a3e1-89429e650273,"[""CMP-20240923-01093"",""CMP-20250117-07056"",""CMP-20250509-13229"",""CMP-20250818-19148""]",Airtel Payments Bank,wallet,Uttar Pradesh,264900.00,4,False
5c4a9023-fd55-47b3-a00a-749e1bf245d3,"[""CMP-20240924-01141"",""CMP-20241017-02285"",""CMP-20241221-05615"",""CMP-20250105-06424"",""CMP-20250126-07578"",""CMP-20250126-07586"",""CMP-20250205-08090"",""CMP-20250313-09999"",""CMP-20250413-11767"",""CMP-20250420-12223"",""CMP-20250530-14408""]",Indian Bank,savings,Karnataka,431800.00,11,True
44438b36-b2ac-4b2c-ac2e-6e9e70df6bae,"[""CMP-20240918-00814"",""CMP-20250307-09676"",""CMP-20250506-13059"",""CMP-20250829-19787""]",Axis Bank,savings,Tamil Nadu,112700.00,4,False
56ffbd71-944e-4117-a493-e4d81b22145a,"[""CMP-20241015-02201"",""CMP-20250108-06589"",""CMP-20250302-09438"",""CMP-20250523-13977"",""CMP-20250718-17258"",""CMP-20250829-19764""]",SBI,savings,Uttar Pradesh,110900.00,6,False
107d6bcd-301d-4a54-a9a6-580c497437c7,"[""CMP-20241105-03257"",""CMP-20241107-03370"",""CMP-20241113-03701"",""CMP-20241114-03708"",""CMP-20241126-04366"",""CMP-20241224-05802"",""CMP-20250222-08980"",""CMP-20250303-09496"",""CMP-20250411-11641"",""CMP-20250420-12149"",""CMP-20250627-16003"",""CMP-20250831-19989""]",Indian Bank,savings,Uttar Pradesh,610300.00,12,True
c4318b58-3368-42eb-a3c8-c6277829b34a,"[""CMP-20250103-06294"",""CMP-20250112-06794"",""CMP-20250313-10003"",""CMP-20250327-10813"",""CMP-20250515-13532"",""CMP-20250518-13797"",""CMP-20250715-17147"",""CMP-20250721-17511""]",HDFC,savings,Rajasthan,244700.00,8,True
430b1cbc-8744-423f-a25f-c78f374225d1,"[""CMP-20241201-04656"",""CMP-20250106-06470"",""CMP-20250123-07386"",""CMP-20250124-07471"",""CMP-20250205-08088"",""CMP-20250510-13282"",""CMP-20250523-14038"",""CMP-20250721-17516""]",SBI,savings,Maharashtra,353300.00,8,True
869a4080-c81b-4396-a1fc-4083550d6592,"[""CMP-20240926-01232"",""CMP-20241214-05273"",""CMP-20250125-07509"",""CMP-20250129-07738"",""CMP-20250412-11716"",""CMP-20250729-17948"",""CMP-20250815-18960""]",Axis Bank,savings,Rajasthan,313400.00,7,False
a5036686-0ecf-4365-af0e-47eb1157d21f,"[""CMP-20241005-01686"",""CMP-20241008-01829"",""CMP-20250113-06871"",""CMP-20250711-16913"",""CMP-20250718-17280"",""CMP-20250727-17871"",""CMP-20250806-18431"",""CMP-20250817-19091""]",Airtel Payments Bank,savings,Uttar Pradesh,309300.00,8,True
bb8bbf01-34c0-4ddc-a2f9-4bd835920446,"[""CMP-20240926-01230"",""CMP-20240927-01280"",""CMP-20241006-01769"",""CMP-20241124-04301"",""CMP-20241208-04938"",""CMP-20241214-05240"",""CMP-20250113-06870"",""CMP-20250221-08906"",""CMP-20250330-11038"",""CMP-20250612-15171"",""CMP-20250720-17484""]",Canara Bank,savings,Uttar Pradesh,416600.00,11,True
4a8b47a1-1c87-4ca5-a61d-34ac2cf60404,"[""CMP-20240909-00389"",""CMP-20241008-01814"",""CMP-20241114-03745"",""CMP-20250116-07023"",""CMP-20250423-12356"",""CMP-20250525-14136"",""CMP-20250709-16779"",""CMP-20250808-18543""]",Indian Bank,savings,Jharkhand,439000.00,8,False
5b5c7eef-d46a-40ea-a4c0-2966d963b316,"[""CMP-20241025-02713"",""CMP-20241111-03589"",""CMP-20250130-07746"",""CMP-20250306-09635"",""CMP-20250321-10426"",""CMP-20250424-12386"",""CMP-20250521-13913"",""CMP-20250602-14633""]",Canara Bank,savings,Tamil Nadu,220500.00,8,False
6cf68a3a-02ce-48f8-a8b2-25c029f8acdf,"[""CMP-20241003-01548"",""CMP-20241003-01578"",""CMP-20241019-02388"",""CMP-20250116-07015"",""CMP-20250410-11602"",""CMP-20250426-12544"",""CMP-20250505-13037"",""CMP-20250604-14722""]",HDFC,savings,Jharkhand,373100.00,8,False
25b235a6-c971-408d-afb3-872ea4056a45,"[""CMP-20241007-01806"",""CMP-20241202-04692"",""CMP-20250502-12837"",""CMP-20250531-14513"",""CMP-20250819-19180"",""CMP-20250826-19651""]",Axis Bank,savings,Karnataka,334200.00,6,False
39f89966-6b07-41a6-adf5-3c6d6d27a6fa,"[""CMP-20240922-01050"",""CMP-20241107-03350"",""CMP-20241111-03603"",""CMP-20250104-06363"",""CMP-20250118-07157"",""CMP-20250227-09239"",""CMP-20250611-15132"",""CMP-20250725-17691""]",Paytm Payments Bank,wallet,Uttar Pradesh,252700.00,8,False
ab5c67f0-75a6-41fa-a302-14e00e04ceb9,"[""CMP-20241124-04253"",""CMP-20241205-04810"",""CMP-20241209-05001"",""CMP-20241228-05995"",""CMP-20250207-08181"",""CMP-20250217-08748"",""CMP-20250423-12349"",""CMP-20250523-14049"",""CMP-20250525-14165""]",Airtel Payments Bank,wallet,Tamil Nadu,282200.00,9,False
f126b8f2-e03c-4acd-aaf8-f5fda238e479,"[""CMP-20241206-04825"",""CMP-20250119-07227"",""CMP-20250219-08830"",""CMP-20250420-12166"",""CMP-20250629-16153"",""CMP-20250705-16535""]",HDFC,savings,Uttar Pradesh,172600.00,6,False
4383fe30-8ade-42db-a029-cc3a0b9ce537,"[""CMP-20240909-00413"",""CMP-20240911-00477"",""CMP-20240916-00739"",""CMP-20250119-07218"",""CMP-20250304-09547"",""CMP-20250403-11224"",""CMP-20250417-11999"",""CMP-20250523-14016"",""CMP-20250529-14327"",""CMP-20250726-17801"",""CMP-20250801-18103"",""CMP-20250822-19356""]",Bank of Baroda,savings,Uttar Pradesh,357500.00,12,True
25031a14-6b24-495c-a93e-582e7018be55,"[""CMP-20241105-03243"",""CMP-20250106-06522"",""CMP-20250419-12121"",""CMP-20250630-16271"",""CMP-20250824-19490""]",Airtel Payments Bank,savings,West Bengal,247400.00,5,True
ee997a27-9e35-44bf-ac73-1248f206872b,"[""CMP-20240910-00426"",""CMP-20240913-00601"",""CMP-20241005-01681"",""CMP-20241211-05100"",""CMP-20250130-07770"",""CMP-20250218-08770"",""CMP-20250221-08921"",""CMP-20250222-08972"",""CMP-20250321-10439"",""CMP-20250611-15105""]",HDFC,savings,Rajasthan,473600.00,10,True
6abd2cbc-3f36-4b7e-a623-583101ff9241,"[""CMP-20250321-10424"",""CMP-20250331-11067"",""CMP-20250415-11885"",""CMP-20250531-14448"",""CMP-20250719-17390"",""CMP-20250829-19794""]",Indian Bank,savings,Uttar Pradesh,125600.00,6,False
17a2b8b4-7f3c-45eb-a126-31fc0bf8c9ff,"[""CMP-20240922-01005"",""CMP-20241020-02437"",""CMP-20241122-04119"",""CMP-20250204-08030"",""CMP-20250819-19212""]",Bank of Baroda,savings,Karnataka,307500.00,5,False
7747bbce-858e-4a86-a6d3-cd91b284abb4,"[""CMP-20250303-09461"",""CMP-20250519-13834"",""CMP-20250630-16258"",""CMP-20250708-16732""]",Airtel Payments Bank,savings,Karnataka,170600.00,4,False
8fe76273-1cb2-4683-a26d-989eaf3ece97,"[""CMP-20240910-00425"",""CMP-20240922-01006"",""CMP-20241113-03685"",""CMP-20241229-06083"",""CMP-20250307-09672"",""CMP-20250309-09818"",""CMP-20250509-13168"",""CMP-20250509-13221"",""CMP-20250524-14114"",""CMP-20250625-15911"",""CMP-20250730-18006""]",Paytm Payments Bank,savings,Jharkhand,326600.00,11,True
08512373-9289-4919-a5dd-ba4f577997d5,"[""CMP-20241029-02905"",""CMP-20250123-07369"",""CMP-20250205-08083"",""CMP-20250320-10371"",""CMP-20250323-10600"",""CMP-20250330-10984"",""CMP-20250513-13463"",""CMP-20250604-14729"",""CMP-20250704-16469"",""CMP-20250810-18672""]",Airtel Payments Bank,wallet,Uttar Pradesh,631700.00,10,False
2e49dc42-645d-4773-aff7-decdd42d9932,"[""CMP-20250213-08503"",""CMP-20250509-13209"",""CMP-20250613-15213"",""CMP-20250626-15966""]",SBI,savings,Uttar Pradesh,95900.00,4,True
88421a5e-cb8d-4987-a971-a6369b704e87,"[""CMP-20241123-04165"",""CMP-20241130-04565"",""CMP-20241208-04978"",""CMP-20241213-05171"",""CMP-20250301-09343"",""CMP-20250322-10517"",""CMP-20250413-11746"",""CMP-20250806-18443""]",Airtel Payments Bank,wallet,Jharkhand,377000.00,8,False
8e9a0000-26e2-441e-a69c-59cfeee41984,"[""CMP-20241005-01666"",""CMP-20241105-03241"",""CMP-20241213-05226"",""CMP-20241215-05313""]",Bank of Baroda,savings,Jharkhand,84900.00,4,False
7d05be1a-6d6e-470a-ad99-7d43dc1be4ed,"[""CMP-20241005-01647"",""CMP-20241005-01659"",""CMP-20241023-02585"",""CMP-20250112-06775"",""CMP-20250208-08232"",""CMP-20250313-10030"",""CMP-20250410-11581"",""CMP-20250530-14401"",""CMP-20250601-14548"",""CMP-20250613-15246""]",SBI,savings,West Bengal,301400.00,10,False
8ff5657b-c236-47ce-a350-5f19c5664a4d,"[""CMP-20240929-01413"",""CMP-20241108-03375"",""CMP-20250225-09156"",""CMP-20250301-09379"",""CMP-20250509-13205"",""CMP-20250518-13768"",""CMP-20250629-16141"",""CMP-20250705-16554""]",Axis Bank,savings,Uttar Pradesh,209700.00,8,False
d67bcad6-de3b-480e-a279-91938ba07640,"[""CMP-20241119-03999"",""CMP-20241126-04383"",""CMP-20250105-06447"",""CMP-20250227-09252"",""CMP-20250426-12546"",""CMP-20250626-15990""]",Airtel Payments Bank,savings,Uttar Pradesh,277900.00,6,False
178fd84e-676b-4b2e-aef3-6ebb34bb8989,"[""CMP-20240908-00345"",""CMP-20250116-07004"",""CMP-20250426-12511"",""CMP-20250807-18493"",""CMP-20250820-19253"",""CMP-20250825-19553""]",Airtel Payments Bank,savings,Tamil Nadu,330500.00,6,True
a6800f7d-c1e0-4cbb-a618-b14a8643a1f6,"[""CMP-20241004-01602"",""CMP-20241012-02020"",""CMP-20241215-05308"",""CMP-20250216-08675"",""CMP-20250328-10878"",""CMP-20250331-11069"",""CMP-20250804-18351"",""CMP-20250829-19820""]",Bank of Baroda,savings,Rajasthan,257200.00,8,False
e8e5200a-8ba7-422c-a96d-29b6cf828827,"[""CMP-20241206-04852"",""CMP-20241220-05597"",""CMP-20250124-07457"",""CMP-20250308-09730"",""CMP-20250323-10576"",""CMP-20250330-10973"",""CMP-20250411-11614"",""CMP-20250525-14153"",""CMP-20250822-19345""]",Bank of Baroda,savings,Jharkhand,362400.00,9,False
056f701f-07cc-4c53-a56b-d31f80819a15,"[""CMP-20240908-00333"",""CMP-20240908-00354"",""CMP-20241006-01735"",""CMP-20241109-03445"",""CMP-20250303-09462"",""CMP-20250318-10296"",""CMP-20250417-11969"",""CMP-20250425-12446""]",Paytm Payments Bank,savings,Rajasthan,188700.00,8,True
bb441cef-53cc-4989-a477-e3f8db81d07f,"[""CMP-20241011-01943"",""CMP-20241205-04805"",""CMP-20250112-06848"",""CMP-20250222-08971"",""CMP-20250510-13284"",""CMP-20250712-16929"",""CMP-20250819-19197"",""CMP-20250822-19352""]",Bank of Baroda,savings,Uttar Pradesh,622200.00,8,True
bad2f350-090e-4384-a00e-18d4bdae6254,"[""CMP-20240908-00355"",""CMP-20241129-04517"",""CMP-20241208-04963"",""CMP-20241211-05121"",""CMP-20250224-09106"",""CMP-20250301-09391"",""CMP-20250613-15224"",""CMP-20250809-18619"",""CMP-20250827-19707""]",ICICI,savings,Rajasthan,250100.00,9,False
44c73183-d568-4ffb-a83e-b8d35ee5e2ec,"[""CMP-20240923-01072"",""CMP-20241214-05242"",""CMP-20241224-05788"",""CMP-20250104-06396"",""CMP-20250317-10230"",""CMP-20250422-12323"",""CMP-20250629-16205""]",Axis Bank,savings,Uttar Pradesh,533800.00,7,True
5f0e05e0-0e80-46d0-aeff-a6370062614d,"[""CMP-20241016-02232"",""CMP-20250116-06994"",""CMP-20250218-08823"",""CMP-20250228-09284"",""CMP-20250301-09351"",""CMP-20250414-11829"",""CMP-20250507-13115"",""CMP-20250707-16678"",""CMP-20250719-17376"",""CMP-20250725-17727"",""CMP-20250808-18516""]",Bank of Baroda,savings,Uttar Pradesh,384700.00,11,True
f865f1e5-afc5-4aa9-a41f-fb3e330fa09d,"[""CMP-20241030-02927"",""CMP-20250314-10073"",""CMP-20250323-10616""]",ICICI,savings,Jharkhand,96300.00,3,False
a5543cde-27db-420b-a120-caee13df1b6e,"[""CMP-20240908-00371"",""CMP-20250109-06608"",""CMP-20250208-08231"",""CMP-20250328-10837"",""CMP-20250413-11780"",""CMP-20250812-18791""]",Indian Bank,savings,Tamil Nadu,234700.00,6,False
33fe50c5-7856-4094-a829-078c643dbd0b,"[""CMP-20250505-13011"",""CMP-20250529-14344"",""CMP-20250629-16170"",""CMP-20250824-19475""]",Airtel Payments Bank,savings,Jharkhand,65000.00,4,True
d2c7e085-f58e-4744-a162-b19fa28b25d5,"[""CMP-20240928-01350"",""CMP-20241102-03071"",""CMP-20241104-03214"",""CMP-20250117-07039"",""CMP-20250223-09069"",""CMP-20250225-09135"",""CMP-20250227-09236"",""CMP-20250629-16173""]",Airtel Payments Bank,wallet,Rajasthan,281800.00,8,True
304b75e1-1e61-47e5-a5a2-8baa0196c10e,"[""CMP-20240904-00182"",""CMP-20240921-00961"",""CMP-20241112-03651"",""CMP-20241125-04336"",""CMP-20241216-05414"",""CMP-20250131-07807"",""CMP-20250523-13989"",""CMP-20250524-14087"",""CMP-20250610-15060"",""CMP-20250613-15267""]",Paytm Payments Bank,wallet,Jharkhand,591500.00,10,True
33db487b-c14e-4614-a577-3fc9c98f75fd,"[""CMP-20241030-02952"",""CMP-20241114-03746"",""CMP-20250227-09242"",""CMP-20250331-11048"",""CMP-20250405-11337"",""CMP-20250420-12181"",""CMP-20250706-16613""]",SBI,savings,Maharashtra,427000.00,7,True
28e2953b-5ab9-40fb-a243-85ea9009ebfd,"[""CMP-20250124-07477"",""CMP-20250128-07648"",""CMP-20250205-08100"",""CMP-20250411-11630"",""CMP-20250725-17697"",""CMP-20250823-19398"",""CMP-20250825-19564""]",HDFC,savings,Tamil Nadu,330900.00,7,False
d6c311fb-abaa-4508-a05a-de0f6abd5d2d,"[""CMP-20241018-02355"",""CMP-20241224-05785"",""CMP-20250208-08283"",""CMP-20250222-09009"",""CMP-20250312-09962"",""CMP-20250502-12799"",""CMP-20250706-16640""]",Bank of Baroda,savings,Maharashtra,280700.00,7,True
697c8fe6-18e4-41be-ad17-b46724f4c6df,"[""CMP-20240906-00262"",""CMP-20250327-10800"",""CMP-20250327-10804"",""CMP-20250408-11484"",""CMP-20250703-16423""]",Axis Bank,savings,Karnataka,179400.00,5,False
fe5d8215-46ea-470f-a180-87177f38fbd9,"[""CMP-20240901-00010"",""CMP-20240916-00758"",""CMP-20241022-02530"",""CMP-20241204-04750"",""CMP-20241229-06053"",""CMP-20250123-07382"",""CMP-20250717-17220"",""CMP-20250830-19884""]",Bank of Baroda,savings,West Bengal,320700.00,8,True
29c21f36-95b3-4711-a9ab-7057b22b6e3d,"[""CMP-20240920-00921"",""CMP-20240929-01361"",""CMP-20241110-03528"",""CMP-20250827-19703""]",Airtel Payments Bank,wallet,Rajasthan,100100.00,4,False
779a088c-429d-4102-aa30-2cffb816dfc5,"[""CMP-20240908-00365"",""CMP-20241021-02488"",""CMP-20241108-03442"",""CMP-20241110-03554"",""CMP-20241207-04917"",""CMP-20250116-06990"",""CMP-20250322-10569"",""CMP-20250429-12692"",""CMP-20250515-13538""]",ICICI,savings,Jharkhand,358700.00,9,False
9fbb1eec-20ae-4115-a71e-4641d20e9556,"[""CMP-20250216-08715"",""CMP-20250221-08931"",""CMP-20250302-09406""]",Paytm Payments Bank,savings,Rajasthan,137300.00,3,True
437664ff-eaaf-4ca2-ac8a-02d3616a92ce,"[""CMP-20240907-00321"",""CMP-20241203-04733"",""CMP-20250107-06534"",""CMP-20250405-11327"",""CMP-20250415-11843"",""CMP-20250716-17166"",""CMP-20250722-17552""]",Bank of Baroda,savings,Maharashtra,188100.00,7,False
fcbb6f9c-6ed3-42c6-ad10-426015399085,"[""CMP-20240923-01078"",""CMP-20240925-01149"",""CMP-20241103-03190"",""CMP-20241221-05603"",""CMP-20250201-07905"",""CMP-20250214-08555"",""CMP-20250214-08577"",""CMP-20250401-11099"",""CMP-20250412-11698"",""CMP-20250416-11933"",""CMP-20250819-19198""]",Indian Bank,savings,Tamil Nadu,533300.00,11,True
9037979c-daee-4e77-a181-97345e1a83d4,"[""CMP-20240923-01095"",""CMP-20241224-05811"",""CMP-20250225-09177"",""CMP-20250320-10361"",""CMP-20250729-17937"",""CMP-20250729-17944""]",ICICI,savings,Uttar Pradesh,423000.00,6,False
7cf07b6d-44d2-426e-aca5-d87570ee6d58,"[""CMP-20241026-02770"",""CMP-20241111-03584"",""CMP-20241218-05466"",""CMP-20250216-08707"",""CMP-20250302-09425"",""CMP-20250604-14740"",""CMP-20250707-16676"",""CMP-20250714-17087"",""CMP-20250831-19973""]",ICICI,savings,Uttar Pradesh,387400.00,9,False
cbeb546a-2864-451c-ae11-05e928989310,"[""CMP-20241005-01656"",""CMP-20241016-02237"",""CMP-20241022-02573"",""CMP-20250210-08353"",""CMP-20250319-10318"",""CMP-20250508-13155"",""CMP-20250801-18112""]",Paytm Payments Bank,savings,Tamil Nadu,308000.00,7,False
13f007bd-5c9c-4624-ac35-c378be00e3a4,"[""CMP-20250119-07211"",""CMP-20250220-08898"",""CMP-20250223-09071"",""CMP-20250729-17961"",""CMP-20250808-18524""]",Bank of Baroda,savings,Uttar Pradesh,432000.00,5,False
3508e75c-04d5-4017-a7d8-7ad38a56dd5a,"[""CMP-20240907-00324"",""CMP-20240919-00857"",""CMP-20241101-03017"",""CMP-20241203-04702"",""CMP-20241227-05973"",""CMP-20250128-07672"",""CMP-20250204-08027"",""CMP-20250416-11931"",""CMP-20250819-19200""]",ICICI,savings,Rajasthan,506500.00,9,True
3db7743c-c97a-45a2-a2ed-77aefa3dcdd8,"[""CMP-20241223-05742"",""CMP-20250105-06453"",""CMP-20250608-14992"",""CMP-20250616-15428""]",Canara Bank,savings,West Bengal,67600.00,4,True
456255e9-a7a7-4018-a306-100d2b9d4dfb,"[""CMP-20240924-01107"",""CMP-20240927-01250"",""CMP-20250426-12489"",""CMP-20250516-13591"",""CMP-20250608-14997"",""CMP-20250613-15222"",""CMP-20250627-16049"",""CMP-20250705-16542"",""CMP-20250716-17186"",""CMP-20250816-19008"",""CMP-20250822-19312""]",Canara Bank,savings,West Bengal,382300.00,11,True
b41751ab-9497-4bbd-a0c0-30745cb03fb3,"[""CMP-20240902-00071"",""CMP-20240913-00564"",""CMP-20240916-00753"",""CMP-20241006-01775"",""CMP-20241211-05103"",""CMP-20241224-05817"",""CMP-20250131-07797"",""CMP-20250718-17266""]",Axis Bank,savings,Karnataka,628700.00,8,True
a588ccc0-8f98-4523-ad3f-0e5755cd068f,"[""CMP-20241027-02824"",""CMP-20250504-12960"",""CMP-20250511-13343"",""CMP-20250524-14065""]",Axis Bank,savings,Uttar Pradesh,105100.00,4,True
c3fc872b-5b0c-4256-a766-ed349dd5eb51,"[""CMP-20241110-03507"",""CMP-20250101-06244"",""CMP-20250408-11495"",""CMP-20250629-16143"",""CMP-20250709-16797""]",SBI,savings,West Bengal,168500.00,5,True
e885ac72-48b7-4967-a2ae-9e9e85547e8c,"[""CMP-20241123-04191"",""CMP-20250312-09973"",""CMP-20250405-11338"",""CMP-20250529-14330""]",ICICI,savings,Uttar Pradesh,146300.00,4,False
e586b61c-537f-4f7a-a191-cf142fcce040,"[""CMP-20241106-03303"",""CMP-20241211-05104"",""CMP-20241214-05252"",""CMP-20241215-05315"",""CMP-20250130-07758"",""CMP-20250228-09270"",""CMP-20250301-09392"",""CMP-20250602-14625"",""CMP-20250626-15989"",""CMP-20250702-16362"",""CMP-20250730-17997""]",Bank of Baroda,savings,Uttar Pradesh,512100.00,11,True
f21ccce4-4616-4a9d-a713-03f70b4868f1,"[""CMP-20241020-02460"",""CMP-20241023-02599"",""CMP-20241124-04265"",""CMP-20241206-04870"",""CMP-20250115-06944"",""CMP-20250306-09629"",""CMP-20250704-16482"",""CMP-20250812-18782""]",Bank of Baroda,savings,Tamil Nadu,522200.00,8,False
4ab80378-875c-4f0e-a0f4-3f62f767ea98,"[""CMP-20241006-01767"",""CMP-20241112-03614"",""CMP-20250325-10719"",""CMP-20250504-12942"",""CMP-20250519-13844"",""CMP-20250712-16928""]",Indian Bank,savings,Uttar Pradesh,200700.00,6,False
8377bb42-29f4-473d-a13e-50fce7f33e5c,"[""CMP-20240912-00525"",""CMP-20241114-03735"",""CMP-20250202-07914"",""CMP-20250624-15897"",""CMP-20250724-17668"",""CMP-20250802-18211"",""CMP-20250823-19384""]",Bank of Baroda,savings,Tamil Nadu,166900.00,7,False
66fa980b-59f7-42d6-ac5a-90b13f22744d,"[""CMP-20241026-02768"",""CMP-20241107-03344"",""CMP-20250417-11979"",""CMP-20250420-12167"",""CMP-20250526-14209"",""CMP-20250605-14756"",""CMP-20250606-14831"",""CMP-20250614-15285"",""CMP-20250720-17475"",""CMP-20250730-17998"",""CMP-20250814-18881""]",Axis Bank,savings,Maharashtra,659500.00,11,True
0c08132f-d732-485a-aac5-0a409b6ee927,"[""CMP-20250128-07643"",""CMP-20250211-08420"",""CMP-20250313-10039"",""CMP-20250611-15133"",""CMP-20250727-17861""]",HDFC,savings,Jharkhand,86200.00,5,False
d1cd8e0f-75d7-49ae-a85a-31f39ac69d3d,"[""CMP-20241011-01945"",""CMP-20250118-07136"",""CMP-20250122-07346"",""CMP-20250322-10571"",""CMP-20250329-10926"",""CMP-20250516-13578"",""CMP-20250607-14860"",""CMP-20250801-18106""]",SBI,savings,Karnataka,318000.00,8,False
b3e0996e-2321-4937-a511-1439ef4b524c,"[""CMP-20240910-00448"",""CMP-20241020-02456"",""CMP-20241112-03633"",""CMP-20241122-04154"",""CMP-20241221-05607"",""CMP-20250212-08444"",""CMP-20250222-09012"",""CMP-20250508-13133"",""CMP-20250815-18912""]",SBI,savings,Jharkhand,455400.00,9,True
b818d759-ee00-4a6d-a3f8-5506989b88e4,"[""CMP-20241115-03770"",""CMP-20241123-04181"",""CMP-20241206-04817"",""CMP-20241208-04964"",""CMP-20241211-05110"",""CMP-20250121-07284"",""CMP-20250214-08548"",""CMP-20250215-08619"",""CMP-20250311-09950"",""CMP-20250605-14775"",""CMP-20250608-14955"",""CMP-20250613-15203"",""CMP-20250805-18380"",""CMP-20250830-19879""]",Canara Bank,savings,Uttar Pradesh,714000.00,14,True
72dcc0da-e3f1-45a5-a610-d56d7828d8d1,"[""CMP-20241019-02422"",""CMP-20241022-02549"",""CMP-20241213-05205"",""CMP-20250112-06784"",""CMP-20250312-09989"",""CMP-20250427-12571"",""CMP-20250427-12574"",""CMP-20250516-13571"",""CMP-20250720-17474"",""CMP-20250801-18125""]",HDFC,savings,Maharashtra,391100.00,10,False
bdc0866c-afb6-403a-abd2-7af8e3b12ce7,"[""CMP-20240905-00212"",""CMP-20240912-00521"",""CMP-20241211-05108"",""CMP-20250215-08655"",""CMP-20250313-09998"",""CMP-20250710-16859"",""CMP-20250808-18513""]",Canara Bank,savings,Tamil Nadu,459900.00,7,False
92191f85-f653-4b9d-add7-92dc10bf1f7b,"[""CMP-20240905-00201"",""CMP-20241012-02071"",""CMP-20241021-02523"",""CMP-20241107-03351"",""CMP-20241224-05823"",""CMP-20250217-08751"",""CMP-20250330-11024"",""CMP-20250405-11354"",""CMP-20250509-13188"",""CMP-20250604-14727""]",SBI,savings,Maharashtra,347100.00,10,False
56e27151-a002-4607-aa6b-b7dcf8ebb66d,"[""CMP-20241108-03400"",""CMP-20241120-04030"",""CMP-20241122-04147"",""CMP-20241214-05306"",""CMP-20250108-06569"",""CMP-20250116-07011"",""CMP-20250408-11506""]",Airtel Payments Bank,savings,Maharashtra,274600.00,7,True
9efa8f11-193e-42f0-ad8a-f23af0cd631a,"[""CMP-20241203-04719"",""CMP-20250110-06653"",""CMP-20250128-07691"",""CMP-20250210-08354"",""CMP-20250210-08380"",""CMP-20250612-15160"",""CMP-20250816-19050"",""CMP-20250822-19328""]",Canara Bank,savings,Jharkhand,491700.00,8,True
35f6d599-f069-4634-ae60-3620298545ae,"[""CMP-20241008-01811"",""CMP-20241019-02419"",""CMP-20241022-02567"",""CMP-20250416-11929"",""CMP-20250418-12051"",""CMP-20250714-17072"",""CMP-20250831-19998""]",Bank of Baroda,savings,Rajasthan,449900.00,7,True
e9d641d4-5d10-4101-a559-780cd7ed2eab,"[""CMP-20241213-05232"",""CMP-20250525-14169"",""CMP-20250610-15099"",""CMP-20250623-15859"",""CMP-20250821-19260""]",Airtel Payments Bank,wallet,Uttar Pradesh,164800.00,5,True
e6fd85ce-7b6c-4682-a456-8a9bd34818d4,"[""CMP-20240905-00189"",""CMP-20241214-05257"",""CMP-20250207-08186"",""CMP-20250718-17332"",""CMP-20250818-19179""]",Axis Bank,savings,Uttar Pradesh,356900.00,5,False
83ca8164-e297-4ba6-aec3-313e383435e1,"[""CMP-20240911-00469"",""CMP-20241026-02756"",""CMP-20241211-05087"",""CMP-20250219-08847"",""CMP-20250407-11458"",""CMP-20250817-19128"",""CMP-20250830-19876""]",Bank of Baroda,savings,Uttar Pradesh,363400.00,7,False
9ce79211-3532-48c1-aee6-b492e457044e,"[""CMP-20240907-00305"",""CMP-20240927-01259"",""CMP-20241227-05936"",""CMP-20250620-15648"",""CMP-20250817-19084""]",Airtel Payments Bank,savings,Tamil Nadu,147000.00,5,False
a2130992-897c-4128-abee-d7877ce95bae,"[""CMP-20241009-01878"",""CMP-20241113-03692"",""CMP-20241231-06158"",""CMP-20241231-06188"",""CMP-20250112-06826"",""CMP-20250506-13075""]",Canara Bank,savings,Karnataka,396200.00,6,False
30fd62be-bd60-41eb-aff1-e3a7e6e051fa,"[""CMP-20240930-01427"",""CMP-20241106-03313"",""CMP-20250113-06861"",""CMP-20250327-10818"",""CMP-20250605-14760"",""CMP-20250617-15490"",""CMP-20250830-19922""]",Indian Bank,savings,Jharkhand,282100.00,7,False
afd1691c-027b-418b-ab46-edcc778ae338,"[""CMP-20240908-00342"",""CMP-20241112-03647"",""CMP-20250115-06943"",""CMP-20250305-09560"",""CMP-20250401-11130"",""CMP-20250817-19086""]",Axis Bank,savings,Jharkhand,91500.00,6,False
ef18c6f3-0fbf-496a-af67-747e01fd982b,"[""CMP-20241029-02901"",""CMP-20250309-09829"",""CMP-20250321-10479"",""CMP-20250403-11220""]",SBI,savings,Uttar Pradesh,167300.00,4,False
a7bbd992-8677-472c-a023-6a551c2129ca,"[""CMP-20240921-00984"",""CMP-20241129-04540"",""CMP-20241204-04737"",""CMP-20241224-05778"",""CMP-20250428-12623"",""CMP-20250620-15625"",""CMP-20250713-16995"",""CMP-20250820-19235""]",Paytm Payments Bank,savings,Rajasthan,278800.00,8,True
8bd0124e-025f-4ba5-a2f3-cf0a1450d97f,"[""CMP-20240911-00487"",""CMP-20241103-03163"",""CMP-20241111-03606"",""CMP-20241208-04936"",""CMP-20241222-05676"",""CMP-20250119-07212"",""CMP-20250426-12486"",""CMP-20250516-13641"",""CMP-20250716-17192"",""CMP-20250722-17573"",""CMP-20250807-18478""]",Axis Bank,savings,Rajasthan,547000.00,11,True
b32ed081-56e2-40cb-a433-015509b355d0,"[""CMP-20240918-00838"",""CMP-20250118-07133"",""CMP-20250731-18055"",""CMP-20250816-19042""]",Bank of Baroda,savings,Uttar Pradesh,103400.00,4,False
ba69ed8e-b957-43b7-acb0-c36cea460a5b,"[""CMP-20240926-01224"",""CMP-20241102-03082"",""CMP-20241118-03955"",""CMP-20250114-06925"",""CMP-20250118-07099"",""CMP-20250202-07924"",""CMP-20250814-18888""]",Canara Bank,savings,Jharkhand,227000.00,7,False
753b389f-ee87-4378-afb4-0a8785303bfd,"[""CMP-20241028-02879"",""CMP-20241203-04701"",""CMP-20241217-05426"",""CMP-20250321-10441"",""CMP-20250517-13680"",""CMP-20250601-14543"",""CMP-20250818-19136""]",Indian Bank,savings,Jharkhand,410900.00,7,True
93f0265c-ccfd-4c48-adc8-92211565b033,"[""CMP-20241112-03629"",""CMP-20241122-04094"",""CMP-20250115-06968"",""CMP-20250406-11399"",""CMP-20250606-14858""]",Bank of Baroda,savings,Rajasthan,149000.00,5,False
cab00a74-0de9-4169-adf1-36721f492623,"[""CMP-20240901-00023"",""CMP-20240916-00735"",""CMP-20240929-01404"",""CMP-20241109-03474"",""CMP-20241216-05383"",""CMP-20250119-07182"",""CMP-20250125-07496"",""CMP-20250208-08235"",""CMP-20250308-09763"",""CMP-20250322-10554"",""CMP-20250330-10970"",""CMP-20250516-13567"",""CMP-20250623-15857"",""CMP-20250816-19019""]",HDFC,savings,Tamil Nadu,588400.00,14,True
d3807da6-632a-4f5a-a9d1-256c7fdd8521,"[""CMP-20241108-03416"",""CMP-20250105-06443"",""CMP-20250205-08085"",""CMP-20250424-12395"",""CMP-20250619-15580"",""CMP-20250629-16204""]",Axis Bank,savings,Maharashtra,259100.00,6,True
08b333af-8764-48af-ad11-c550ebe3e48f,"[""CMP-20240922-01052"",""CMP-20241101-03062"",""CMP-20241108-03419"",""CMP-20241201-04621"",""CMP-20241201-04623"",""CMP-20250504-12967"",""CMP-20250518-13752"",""CMP-20250616-15441"",""CMP-20250705-16581"",""CMP-20250711-16878"",""CMP-20250821-19304""]",Paytm Payments Bank,wallet,Maharashtra,570100.00,11,True
51193a18-5e1b-4bd9-a501-5b661b79cbc6,"[""CMP-20241031-02987"",""CMP-20241124-04296"",""CMP-20250421-12248"",""CMP-20250802-18190""]",Canara Bank,savings,Jharkhand,160400.00,4,False
916bd7bd-982d-41e1-a323-b2291e8add04,"[""CMP-20241011-01959"",""CMP-20241129-04486"",""CMP-20241208-04993"",""CMP-20250109-06632"",""CMP-20250716-17168"",""CMP-20250829-19777""]",SBI,savings,Uttar Pradesh,279500.00,6,False
aeb49c2d-3a51-4b87-aad0-3bac0d180f98,"[""CMP-20240920-00893"",""CMP-20240925-01169"",""CMP-20241201-04644"",""CMP-20241214-05289"",""CMP-20250225-09160"",""CMP-20250311-09934"",""CMP-20250318-10303"",""CMP-20250320-10377"",""CMP-20250413-11779"",""CMP-20250420-12162"",""CMP-20250516-13639"",""CMP-20250726-17770""]",Bank of Baroda,savings,Tamil Nadu,418000.00,12,True
74d71744-1db5-4c1f-ade7-af95c5b28357,"[""CMP-20241005-01674"",""CMP-20241024-02643"",""CMP-20241123-04189"",""CMP-20241223-05732"",""CMP-20250125-07504"",""CMP-20250304-09507"",""CMP-20250324-10661"",""CMP-20250715-17138""]",ICICI,savings,Rajasthan,257500.00,8,False
40908fca-50f1-48cd-a169-3132a2bf5c15,"[""CMP-20241117-03893"",""CMP-20241117-03905"",""CMP-20241213-05215"",""CMP-20241214-05270"",""CMP-20250214-08567"",""CMP-20250601-14554"",""CMP-20250704-16503"",""CMP-20250809-18625"",""CMP-20250813-18833"",""CMP-20250830-19898""]",Airtel Payments Bank,savings,Uttar Pradesh,323600.00,10,False
33a4213a-fe0b-4504-a41e-1637aae80526,"[""CMP-20241127-04404"",""CMP-20241130-04601"",""CMP-20241231-06175"",""CMP-20250223-09041"",""CMP-20250328-10836"",""CMP-20250413-11739"",""CMP-20250414-11808"",""CMP-20250601-14563"",""CMP-20250728-17889""]",SBI,savings,Jharkhand,726000.00,9,True
3ec117fb-d1d6-4424-a89b-4877951b9817,"[""CMP-20240909-00418"",""CMP-20241005-01706"",""CMP-20241110-03538"",""CMP-20250328-10831"",""CMP-20250330-10989"",""CMP-20250403-11221"",""CMP-20250520-13882"",""CMP-20250822-19334"",""CMP-20250828-19739""]",Bank of Baroda,savings,Uttar Pradesh,694600.00,9,True
f9342a1c-51d9-47d9-a423-2981219b5199,"[""CMP-20241207-04929"",""CMP-20250122-07365"",""CMP-20250301-09355"",""CMP-20250305-09564"",""CMP-20250624-15899""]",Canara Bank,savings,Tamil Nadu,165700.00,5,False
5980bd4c-deee-4d7c-a947-346108a52895,"[""CMP-20241005-01646"",""CMP-20241020-02463"",""CMP-20241108-03432"",""CMP-20241221-05605"",""CMP-20250209-08333"",""CMP-20250421-12284""]",Canara Bank,savings,Uttar Pradesh,381500.00,6,True
9cdc18e6-d49b-4d54-aa45-d03ff707b15b,"[""CMP-20241008-01835"",""CMP-20241011-01987"",""CMP-20241206-04819"",""CMP-20250403-11210"",""CMP-20250418-12027"",""CMP-20250603-14664""]",Airtel Payments Bank,wallet,Jharkhand,264000.00,6,False
6ba4ff56-ba82-4b6e-a984-fa569ab6a3cb,"[""CMP-20241102-03089"",""CMP-20241123-04179"",""CMP-20241130-04551"",""CMP-20250108-06566"",""CMP-20250221-08949"",""CMP-20250223-09078"",""CMP-20250530-14380"",""CMP-20250622-15775"",""CMP-20250704-16456""]",ICICI,savings,Rajasthan,280000.00,9,False
2f1239bc-16b7-4c52-a628-b7c95fc92ad1,"[""CMP-20241104-03200"",""CMP-20250120-07280"",""CMP-20250313-10022"",""CMP-20250319-10324"",""CMP-20250804-18362"",""CMP-20250806-18448""]",Airtel Payments Bank,savings,Jharkhand,265200.00,6,False
f99ca104-5fba-4393-af31-aca3d8720ca1,"[""CMP-20250113-06885"",""CMP-20250228-09314"",""CMP-20250403-11217"",""CMP-20250425-12453"",""CMP-20250531-14450"",""CMP-20250602-14594"",""CMP-20250719-17408"",""CMP-20250805-18405"",""CMP-20250811-18726"",""CMP-20250825-19597""]",Bank of Baroda,savings,Jharkhand,542300.00,10,True
4394fd99-a1ef-4d55-af89-3e460a2d4f27,"[""CMP-20250317-10258"",""CMP-20250622-15768"",""CMP-20250703-16405"",""CMP-20250729-17960""]",Airtel Payments Bank,savings,Jharkhand,118400.00,4,False
3511a037-5ca1-4f30-a1ec-00085313f4c3,"[""CMP-20240928-01321"",""CMP-20241205-04809"",""CMP-20241215-05353"",""CMP-20250428-12639"",""CMP-20250504-12970"",""CMP-20250629-16217"",""CMP-20250710-16862"",""CMP-20250727-17811""]",HDFC,savings,Jharkhand,442500.00,8,False
dea85863-b340-4039-afe3-e4929de6c24f,"[""CMP-20240904-00157"",""CMP-20240916-00714"",""CMP-20241105-03249"",""CMP-20241113-03674"",""CMP-20250124-07425"",""CMP-20250201-07879"",""CMP-20250403-11223"",""CMP-20250519-13848"",""CMP-20250606-14844"",""CMP-20250820-19256""]",Bank of Baroda,savings,Tamil Nadu,558100.00,10,True
71225213-8750-4683-a5ed-e3d77ce9c75f,"[""CMP-20241012-02043"",""CMP-20241019-02387"",""CMP-20241020-02458"",""CMP-20241128-04436"",""CMP-20250514-13479"",""CMP-20250610-15090"",""CMP-20250711-16883"",""CMP-20250829-19819""]",HDFC,savings,Uttar Pradesh,237100.00,8,False
ebd96b62-8580-4f35-a8b9-d7be1a439507,"[""CMP-20241003-01579"",""CMP-20250116-07026"",""CMP-20250312-09987"",""CMP-20250517-13671"",""CMP-20250611-15145""]",Airtel Payments Bank,savings,Uttar Pradesh,102200.00,5,False
f3cf0077-efe0-4b53-a570-e246d5b1df20,"[""CMP-20240907-00276"",""CMP-20240925-01188"",""CMP-20240928-01335"",""CMP-20241126-04359"",""CMP-20250109-06602"",""CMP-20250202-07916"",""CMP-20250205-08091"",""CMP-20250525-14121""]",Bank of Baroda,savings,Jharkhand,269000.00,8,False
4556b4a6-7068-482b-af4e-66a916b59ed0,"[""CMP-20241018-02344"",""CMP-20241027-02802"",""CMP-20241124-04269"",""CMP-20250221-08920"",""CMP-20250316-10206"",""CMP-20250401-11138"",""CMP-20250504-13003"",""CMP-20250507-13090"",""CMP-20250615-15381""]",Axis Bank,savings,West Bengal,602400.00,9,False
72c339c9-b87c-4d4e-af5e-27fa9e392806,"[""CMP-20241217-05445"",""CMP-20241228-06026"",""CMP-20250214-08587"",""CMP-20250511-13338"",""CMP-20250603-14647"",""CMP-20250614-15291"",""CMP-20250628-16070"",""CMP-20250730-18003"",""CMP-20250823-19450""]",HDFC,savings,Jharkhand,237200.00,9,False
d9c46226-0ff1-435f-abec-58985f3ccd88,"[""CMP-20241025-02687"",""CMP-20241101-03057"",""CMP-20241123-04174"",""CMP-20241206-04873"",""CMP-20250510-13249"",""CMP-20250606-14822""]",Canara Bank,savings,Uttar Pradesh,214800.00,6,False
34d479b0-7065-4f34-a7d6-dc1394064fb3,"[""CMP-20240914-00656"",""CMP-20241019-02403"",""CMP-20241023-02589"",""CMP-20241027-02812"",""CMP-20241114-03721"",""CMP-20241124-04312"",""CMP-20250602-14595"",""CMP-20250709-16755"",""CMP-20250712-16976"",""CMP-20250808-18555""]",Airtel Payments Bank,wallet,Tamil Nadu,427000.00,10,False
0ce000f7-040d-48fe-a50d-8ed8bdea435a,"[""CMP-20240905-00210"",""CMP-20240923-01059"",""CMP-20241109-03505"",""CMP-20250217-08747"",""CMP-20250601-14568""]",Canara Bank,savings,Karnataka,248000.00,5,False
7f2f7746-ef5a-464b-ae50-c249d7f88cf2,"[""CMP-20241008-01836"",""CMP-20241206-04865"",""CMP-20250131-07830"",""CMP-20250218-08815"",""CMP-20250429-12659"",""CMP-20250620-15637""]",Paytm Payments Bank,wallet,Maharashtra,155700.00,6,False
55c987f0-1bc2-4b76-a37b-3314649c045e,"[""CMP-20240929-01381"",""CMP-20241003-01565"",""CMP-20241011-01985"",""CMP-20241208-04952"",""CMP-20250129-07692"",""CMP-20250213-08481"",""CMP-20250507-13095"",""CMP-20250802-18224""]",Indian Bank,savings,Karnataka,166200.00,8,True
a9ef8c79-a23c-4f67-ae92-5ded6f8fc1b8,"[""CMP-20241113-03689"",""CMP-20250610-15082""]",SBI,savings,Jharkhand,37400.00,2,True
0825da30-25a2-428d-a8ce-c9d4c8bed36f,"[""CMP-20241006-01749"",""CMP-20241009-01850"",""CMP-20241012-02058"",""CMP-20250207-08151"",""CMP-20250321-10478"",""CMP-20250719-17352""]",Bank of Baroda,savings,West Bengal,116200.00,6,True
e78ef120-c253-4e9a-a36f-57c49f963e4e,"[""CMP-20240927-01252"",""CMP-20241103-03144"",""CMP-20241119-03981"",""CMP-20250410-11578"",""CMP-20250526-14199"",""CMP-20250606-14827""]",HDFC,savings,Uttar Pradesh,219700.00,6,False
90c3cfb4-2d3c-4d47-a818-0bc966c943d5,"[""CMP-20240905-00200"",""CMP-20250105-06439"",""CMP-20250220-08895"",""CMP-20250322-10531"",""CMP-20250405-11346"",""CMP-20250526-14205"",""CMP-20250714-17090"",""CMP-20250817-19104""]",Bank of Baroda,savings,Maharashtra,537300.00,8,True
185560cd-5a30-451e-aeb8-5d3fc4f9e69c,"[""CMP-20240911-00489"",""CMP-20250217-08764"",""CMP-20250406-11376"",""CMP-20250410-11563"",""CMP-20250501-12790"",""CMP-20250703-16432"",""CMP-20250814-18884"",""CMP-20250815-18922"",""CMP-20250824-19477"",""CMP-20250829-19765""]",Airtel Payments Bank,savings,Rajasthan,301100.00,10,False
ca4427b2-e549-4983-a68f-6a80ededc113,"[""CMP-20241209-05023"",""CMP-20250307-09669"",""CMP-20250318-10271"",""CMP-20250327-10793"",""CMP-20250530-14390"",""CMP-20250601-14541"",""CMP-20250618-15528"",""CMP-20250701-16300""]",Indian Bank,savings,Rajasthan,230700.00,8,False
455e0861-4bc1-49b6-ae55-4691d641e907,"[""CMP-20250106-06509"",""CMP-20250730-18017"",""CMP-20250821-19263""]",Canara Bank,savings,Rajasthan,200200.00,3,False
cee3042b-a2d3-416e-ad93-82f5b3654c1e,"[""CMP-20250110-06699"",""CMP-20250308-09727"",""CMP-20250311-09918"",""CMP-20250316-10166"",""CMP-20250402-11156"",""CMP-20250413-11748"",""CMP-20250510-13250"",""CMP-20250516-13597"",""CMP-20250828-19743""]",Paytm Payments Bank,wallet,Rajasthan,473900.00,9,False
54848752-80c8-45db-a508-cc8303d433ea,"[""CMP-20241019-02427"",""CMP-20250104-06351"",""CMP-20250517-13703""]",Bank of Baroda,savings,Rajasthan,142000.00,3,False
b4faeacc-947e-4d96-a6eb-c5907ba73d32,"[""CMP-20241106-03308"",""CMP-20250212-08445"",""CMP-20250428-12633"",""CMP-20250712-16967""]",Indian Bank,savings,Karnataka,101600.00,4,False
60da7c81-7b97-42ec-afe7-f2e6d42b2891,"[""CMP-20240928-01297"",""CMP-20241013-02124"",""CMP-20241122-04130"",""CMP-20250115-06975"",""CMP-20250228-09275"",""CMP-20250429-12650"",""CMP-20250524-14110"",""CMP-20250615-15349""]",HDFC,savings,Karnataka,395500.00,8,False
3280c0ad-178d-450e-a1b3-6bf1131637b0,"[""CMP-20240915-00676"",""CMP-20241216-05390"",""CMP-20250113-06851"",""CMP-20250512-13407"",""CMP-20250718-17318"",""CMP-20250726-17753"",""CMP-20250815-18921""]",ICICI,savings,Rajasthan,200000.00,7,True
545820f5-627e-4dda-a889-64176e4500c9,"[""CMP-20241019-02426"",""CMP-20241026-02754"",""CMP-20241224-05795"",""CMP-20250215-08647"",""CMP-20250424-12401"",""CMP-20250501-12776"",""CMP-20250511-13353""]",Indian Bank,savings,Jharkhand,520000.00,7,True
41ca7335-0e6e-40f1-a377-ea1a227f87fe,"[""CMP-20241208-04956"",""CMP-20250219-08832"",""CMP-20250225-09155"",""CMP-20250520-13857"",""CMP-20250603-14643"",""CMP-20250604-14716"",""CMP-20250817-19101""]",Canara Bank,savings,Tamil Nadu,326200.00,7,False
f89b5738-8af9-4cff-a8e6-84720a267104,"[""CMP-20240917-00768"",""CMP-20241004-01616"",""CMP-20250309-09849""]",Axis Bank,savings,Jharkhand,98100.00,3,True
7f6954a0-32f1-4255-a5be-558077bc9fd7,"[""CMP-20241030-02954"",""CMP-20241208-04967"",""CMP-20250205-08089"",""CMP-20250214-08525"",""CMP-20250613-15245"",""CMP-20250615-15393"",""CMP-20250627-16012"",""CMP-20250713-17026"",""CMP-20250726-17752""]",HDFC,savings,Tamil Nadu,470500.00,9,False
93cff227-25da-42bd-ae00-6cf6683508b4,"[""CMP-20240920-00914"",""CMP-20241004-01640"",""CMP-20241018-02330"",""CMP-20250126-07577"",""CMP-20250311-09910""]",Indian Bank,savings,Uttar Pradesh,205600.00,5,False
39545466-539e-4e14-a177-6bd25e4e20e6,"[""CMP-20240905-00206"",""CMP-20240914-00647"",""CMP-20241123-04160"",""CMP-20241127-04419"",""CMP-20241230-06116"",""CMP-20250202-07915"",""CMP-20250315-10138"",""CMP-20250415-11900"",""CMP-20250602-14609"",""CMP-20250808-18535""]",ICICI,savings,Jharkhand,392900.00,10,True
893e80e5-73e9-4a5b-a170-36e17aa98935,"[""CMP-20240924-01118"",""CMP-20250312-09977"",""CMP-20250803-18266"",""CMP-20250813-18835"",""CMP-20250820-19241"",""CMP-20250825-19583""]",Bank of Baroda,savings,Maharashtra,803700.00,6,True
eebb0d2b-5744-4006-a068-f69ad1926afc,"[""CMP-20241106-03288"",""CMP-20241210-05057"",""CMP-20250614-15320"",""CMP-20250716-17210""]",Canara Bank,savings,Rajasthan,162300.00,4,False
b7f2ca38-d0ee-49c3-ab41-832ed42ab21b,"[""CMP-20241114-03736"",""CMP-20241214-05247"",""CMP-20250306-09609"",""CMP-20250402-11172"",""CMP-20250430-12739"",""CMP-20250519-13823"",""CMP-20250612-15162"",""CMP-20250729-17978"",""CMP-20250730-18002"",""CMP-20250831-19958""]",Axis Bank,savings,Maharashtra,363200.00,10,False
500e7919-7efb-41e8-a39f-c1e60bdc7ea9,"[""CMP-20240916-00726"",""CMP-20241206-04833"",""CMP-20241225-05855"",""CMP-20250116-07021"",""CMP-20250124-07466"",""CMP-20250424-12378"",""CMP-20250520-13852"",""CMP-20250602-14636"",""CMP-20250608-14958"",""CMP-20250703-16417""]",HDFC,savings,Rajasthan,569600.00,10,True
e1abdb53-643f-42cf-a599-3c38622ab912,"[""CMP-20241105-03282"",""CMP-20250301-09358"",""CMP-20250309-09810"",""CMP-20250815-18924""]",HDFC,savings,Jharkhand,151800.00,4,False
1babf0bf-9387-4273-a204-3d3c837b995d,"[""CMP-20240928-01322"",""CMP-20241223-05744"",""CMP-20250112-06791"",""CMP-20250121-07286"",""CMP-20250201-07861"",""CMP-20250225-09149"",""CMP-20250312-09955"",""CMP-20250331-11074"",""CMP-20250610-15079""]",ICICI,savings,Rajasthan,329900.00,9,False
5ba9b59b-c48d-4da1-a813-1d5f5f9ee607,"[""CMP-20240927-01264"",""CMP-20241101-03031"",""CMP-20241116-03831"",""CMP-20241225-05854"",""CMP-20250205-08062"",""CMP-20250208-08253"",""CMP-20250301-09332"",""CMP-20250527-14273""]",Paytm Payments Bank,savings,Uttar Pradesh,297200.00,8,False
dcd8b48b-926a-423c-a2a8-ac9abf4b9c96,"[""CMP-20241021-02519"",""CMP-20241103-03133"",""CMP-20241115-03791"",""CMP-20241219-05514"",""CMP-20250128-07671"",""CMP-20250408-11509"",""CMP-20250413-11768"",""CMP-20250621-15728""]",Axis Bank,savings,Jharkhand,208900.00,8,False
ef21eb1f-b242-4dd5-a1b7-a14c496cf7f2,"[""CMP-20240910-00447"",""CMP-20240914-00615"",""CMP-20240920-00919"",""CMP-20241002-01525"",""CMP-20241214-05235"",""CMP-20250112-06811"",""CMP-20250223-09027"",""CMP-20250706-16624"",""CMP-20250713-17039""]",HDFC,savings,Uttar Pradesh,364600.00,9,False
c49918f3-aab6-4a49-a434-57a13ea79ebd,"[""CMP-20240909-00386"",""CMP-20240920-00894"",""CMP-20241001-01471"",""CMP-20241114-03720"",""CMP-20250412-11696"",""CMP-20250419-12123"",""CMP-20250511-13374"",""CMP-20250629-16191""]",HDFC,savings,Jharkhand,312900.00,8,False
ebd854ff-bb89-4e9d-abcb-9c06fd816e6c,"[""CMP-20241026-02727"",""CMP-20250218-08781"",""CMP-20250313-10014"",""CMP-20250426-12497"",""CMP-20250601-14565"",""CMP-20250613-15247"",""CMP-20250618-15517"",""CMP-20250703-16413"",""CMP-20250714-17101"",""CMP-20250722-17563"",""CMP-20250816-19023""]",SBI,savings,Karnataka,686800.00,11,True
9972b500-b28d-4328-a5cd-f952a64d1603,"[""CMP-20240906-00228"",""CMP-20240914-00643"",""CMP-20241115-03769"",""CMP-20241124-04233"",""CMP-20241228-06005"",""CMP-20250109-06617"",""CMP-20250608-14941""]",Bank of Baroda,savings,Uttar Pradesh,709600.00,7,False
0d0a89a0-f478-4632-a08d-5f2cba4468b4,"[""CMP-20240914-00636"",""CMP-20250103-06319"",""CMP-20250216-08684"",""CMP-20250412-11681"",""CMP-20250516-13633""]",Airtel Payments Bank,savings,Tamil Nadu,88300.00,5,True
a09b3be1-4936-4412-a1fc-ab089b340182,"[""CMP-20241108-03417"",""CMP-20250214-08547"",""CMP-20250430-12701"",""CMP-20250510-13300"",""CMP-20250517-13681"",""CMP-20250624-15865"",""CMP-20250730-18012""]",Canara Bank,savings,Jharkhand,172800.00,7,True
b874f2f0-0055-4a98-acc1-597375199847,"[""CMP-20241009-01886"",""CMP-20241105-03256"",""CMP-20241124-04246"",""CMP-20250211-08434"",""CMP-20250415-11881"",""CMP-20250706-16622""]",Axis Bank,savings,Maharashtra,498100.00,6,False
d45c3daa-86cf-49c1-a226-aba0e9a3a87e,"[""CMP-20241215-05327"",""CMP-20241218-05493"",""CMP-20250109-06619"",""CMP-20250126-07584"",""CMP-20250404-11290"",""CMP-20250406-11378"",""CMP-20250503-12875"",""CMP-20250623-15826""]",Paytm Payments Bank,wallet,Tamil Nadu,267900.00,8,False
ce1e8549-0350-4cb6-ae35-c21eee38d731,"[""CMP-20241203-04728"",""CMP-20250219-08859"",""CMP-20250323-10611"",""CMP-20250602-14603"",""CMP-20250616-15429"",""CMP-20250706-16660""]",ICICI,savings,Jharkhand,220500.00,6,False
7b963c3f-7b32-492e-a4bb-c6600a217dc7,"[""CMP-20250114-06903"",""CMP-20250117-07095"",""CMP-20250228-09324"",""CMP-20250523-14046"",""CMP-20250810-18684"",""CMP-20250827-19700""]",Paytm Payments Bank,wallet,Karnataka,267600.00,6,True
45de2067-67e1-4182-a206-031c65b70168,"[""CMP-20240929-01386"",""CMP-20241002-01540"",""CMP-20241104-03204"",""CMP-20241212-05150"",""CMP-20250207-08202"",""CMP-20250224-09112"",""CMP-20250228-09296"",""CMP-20250415-11865"",""CMP-20250415-11905"",""CMP-20250622-15787"",""CMP-20250718-17316"",""CMP-20250816-19020""]",Airtel Payments Bank,wallet,Rajasthan,556100.00,12,False
8382762b-86fd-4ea1-a04e-7ad7c9f35b93,"[""CMP-20241211-05093"",""CMP-20250106-06490"",""CMP-20250511-13337"",""CMP-20250517-13696""]",Airtel Payments Bank,savings,West Bengal,106400.00,4,False
a465b611-a129-4d63-a999-f3c4c0d99cd7,"[""CMP-20250214-08590"",""CMP-20250503-12927"",""CMP-20250606-14848"",""CMP-20250714-17107"",""CMP-20250720-17413"",""CMP-20250805-18382"",""CMP-20250815-18942""]",Canara Bank,savings,Uttar Pradesh,280500.00,7,False
5bfc26fa-94ff-4379-a805-cff09569ec4b,"[""CMP-20240906-00221"",""CMP-20241013-02084"",""CMP-20241108-03410"",""CMP-20250507-13101"",""CMP-20250517-13675"",""CMP-20250530-14379"",""CMP-20250712-16954"",""CMP-20250810-18689""]",Paytm Payments Bank,savings,Jharkhand,698600.00,8,True
4c5f8f96-7d03-4144-ab47-f8f183537694,"[""CMP-20241128-04474"",""CMP-20250103-06282"",""CMP-20250208-08274"",""CMP-20250218-08822"",""CMP-20250221-08909"",""CMP-20250405-11328"",""CMP-20250512-13412"",""CMP-20250516-13577""]",SBI,savings,Uttar Pradesh,225500.00,8,True
b61ef9eb-6d3b-4b04-a03f-6e9430da48b5,"[""CMP-20241129-04514"",""CMP-20241221-05664"",""CMP-20241224-05791"",""CMP-20250308-09741"",""CMP-20250314-10076"",""CMP-20250503-12878"",""CMP-20250604-14712"",""CMP-20250604-14744"",""CMP-20250812-18772""]",Indian Bank,savings,Karnataka,585900.00,9,False
88c7c03a-fbef-4e36-a046-9050d125c403,"[""CMP-20240908-00377"",""CMP-20241031-02977"",""CMP-20250321-10458"",""CMP-20250428-12642""]",ICICI,savings,Tamil Nadu,85700.00,4,False
894c086d-5c0f-47c9-ac37-a503e1c1f8e2,"[""CMP-20240911-00473"",""CMP-20241003-01566"",""CMP-20241203-04707"",""CMP-20250301-09336"",""CMP-20250316-10165"",""CMP-20250607-14906"",""CMP-20250711-16886""]",Airtel Payments Bank,savings,Uttar Pradesh,583300.00,7,True
761e6bc5-8b61-42c2-a15d-4e2245381133,"[""CMP-20240916-00760"",""CMP-20240926-01198"",""CMP-20241012-02030"",""CMP-20250418-12052"",""CMP-20250426-12542"",""CMP-20250427-12602"",""CMP-20250609-15040"",""CMP-20250710-16826"",""CMP-20250720-17459"",""CMP-20250728-17897""]",HDFC,savings,West Bengal,364800.00,10,False
491e17e4-a00a-469a-adc3-56ac33efb8a4,"[""CMP-20250301-09361"",""CMP-20250322-10535"",""CMP-20250327-10823"",""CMP-20250412-11703"",""CMP-20250412-11730"",""CMP-20250617-15485"",""CMP-20250823-19399""]",Paytm Payments Bank,savings,Rajasthan,274800.00,7,False
f1fcf547-7f3b-492f-a31d-4675ae21f9e3,"[""CMP-20250126-07581"",""CMP-20250303-09475"",""CMP-20250303-09483"",""CMP-20250426-12503"",""CMP-20250517-13722"",""CMP-20250609-15015"",""CMP-20250812-18793"",""CMP-20250830-19903""]",Paytm Payments Bank,savings,Rajasthan,457000.00,8,False
d1818657-6746-4de6-a353-326fdb68db6b,"[""CMP-20240926-01205"",""CMP-20250117-07036"",""CMP-20250212-08448"",""CMP-20250214-08544"",""CMP-20250310-09883"",""CMP-20250316-10199"",""CMP-20250401-11097"",""CMP-20250402-11149"",""CMP-20250517-13730""]",Indian Bank,savings,Jharkhand,349900.00,9,False
90079ff8-5a99-483c-a76e-9b98f2faa2bd,"[""CMP-20241011-01973"",""CMP-20241023-02576"",""CMP-20241027-02830"",""CMP-20241114-03710"",""CMP-20250101-06209"",""CMP-20250420-12203"",""CMP-20250510-13287"",""CMP-20250603-14649"",""CMP-20250709-16778"",""CMP-20250716-17172"",""CMP-20250806-18422""]",Indian Bank,savings,Jharkhand,482600.00,11,True
19a96435-0a0b-4719-ad67-1b201b34faba,"[""CMP-20250117-07075"",""CMP-20250315-10127"",""CMP-20250504-12974"",""CMP-20250719-17367"",""CMP-20250808-18534"",""CMP-20250820-19245""]",ICICI,savings,Maharashtra,221300.00,6,False
0d046fde-03b6-4cbf-a6c4-2441804fed80,"[""CMP-20241001-01480"",""CMP-20250321-10487"",""CMP-20250405-11318"",""CMP-20250615-15377"",""CMP-20250803-18283""]",Canara Bank,savings,Tamil Nadu,358600.00,5,False
2755dfdb-a20e-43fb-ae56-4094212c9ff6,"[""CMP-20250104-06376"",""CMP-20250216-08709"",""CMP-20250519-13803"",""CMP-20250526-14198"",""CMP-20250714-17078"",""CMP-20250806-18453""]",Airtel Payments Bank,savings,Jharkhand,202600.00,6,False
d382b86b-3844-4fa3-a518-7ca4e943d1bc,"[""CMP-20240928-01349"",""CMP-20241215-05348"",""CMP-20241220-05586"",""CMP-20250529-14328"",""CMP-20250628-16116"",""CMP-20250702-16363"",""CMP-20250706-16609"",""CMP-20250808-18512"",""CMP-20250815-18900""]",Paytm Payments Bank,wallet,Jharkhand,476300.00,9,False
1c6e30ae-6723-423b-af3f-4b68af2afc54,"[""CMP-20240915-00696"",""CMP-20241004-01627"",""CMP-20241021-02492"",""CMP-20241102-03119"",""CMP-20241126-04362"",""CMP-20241202-04693"",""CMP-20241226-05901"",""CMP-20250430-12726""]",Indian Bank,savings,Tamil Nadu,396700.00,8,False
9d2bc37b-7d12-4dd6-a2b7-b6d2e836c8b5,"[""CMP-20241215-05336"",""CMP-20241226-05881"",""CMP-20250105-06432"",""CMP-20250119-07169"",""CMP-20250403-11213"",""CMP-20250529-14341"",""CMP-20250704-16446"",""CMP-20250729-17980""]",Canara Bank,savings,Rajasthan,300700.00,8,False
30075718-ce4d-4483-af4b-418836affb29,"[""CMP-20240913-00604"",""CMP-20240917-00776"",""CMP-20250125-07505"",""CMP-20250301-09364"",""CMP-20250310-09879"",""CMP-20250412-11680"",""CMP-20250414-11806"",""CMP-20250802-18227"",""CMP-20250831-19995""]",Paytm Payments Bank,savings,Jharkhand,405900.00,9,False
2b13c4f8-cb9f-417e-a714-519ecce23dd7,"[""CMP-20240910-00453"",""CMP-20241007-01799"",""CMP-20250304-09525"",""CMP-20250510-13267"",""CMP-20250522-13949"",""CMP-20250621-15680""]",Indian Bank,savings,Jharkhand,220000.00,6,False
d2c3717f-1561-442b-a275-43035bd22216,"[""CMP-20241218-05473"",""CMP-20250225-09150"",""CMP-20250305-09563"",""CMP-20250308-09716"",""CMP-20250711-16905"",""CMP-20250717-17229"",""CMP-20250815-18954""]",Axis Bank,savings,Maharashtra,320000.00,7,False
b992cd5b-b7be-4a59-a16d-6f9a8b22b1ff,"[""CMP-20240907-00310"",""CMP-20241028-02854"",""CMP-20241212-05132"",""CMP-20250321-10463"",""CMP-20250418-12049"",""CMP-20250508-13132"",""CMP-20250623-15837"",""CMP-20250701-16304""]",Axis Bank,savings,Jharkhand,252500.00,8,False
b5fd556d-9956-4f1f-a872-96b689cbedb9,"[""CMP-20240929-01407"",""CMP-20250118-07137"",""CMP-20250403-11240"",""CMP-20250529-14353"",""CMP-20250704-16481"",""CMP-20250718-17291"",""CMP-20250720-17450"",""CMP-20250721-17536""]",HDFC,savings,Uttar Pradesh,211600.00,8,True
bbe6f80a-3c56-4745-ae41-16fa4b755729,"[""CMP-20241102-03078"",""CMP-20241216-05376"",""CMP-20250625-15918""]",HDFC,savings,Jharkhand,142000.00,3,False
79c8230e-6ea0-40d1-a60f-9a0b78fbd14c,"[""CMP-20240919-00873"",""CMP-20240921-00948"",""CMP-20241013-02127"",""CMP-20250129-07711"",""CMP-20250301-09349"",""CMP-20250430-12709"",""CMP-20250509-13179"",""CMP-20250511-13332"",""CMP-20250622-15782""]",ICICI,savings,Uttar Pradesh,1245200.00,9,True
c8bba58a-e2f6-43e3-ac6d-23f174e0e811,"[""CMP-20240914-00625"",""CMP-20240914-00645"",""CMP-20241005-01691"",""CMP-20241007-01783"",""CMP-20250112-06789"",""CMP-20250215-08614"",""CMP-20250219-08824"",""CMP-20250331-11057"",""CMP-20250607-14881""]",Paytm Payments Bank,wallet,Rajasthan,283400.00,9,True
34976f9e-f238-4302-a425-5b447ea64e6e,"[""CMP-20241104-03230"",""CMP-20241118-03953"",""CMP-20250127-07632"",""CMP-20250209-08309"",""CMP-20250320-10398"",""CMP-20250325-10704"",""CMP-20250804-18354""]",SBI,savings,Jharkhand,417300.00,7,True
931d8070-25bb-43c0-add5-e50f9fcca11b,"[""CMP-20250707-16697"",""CMP-20250801-18122""]",Bank of Baroda,savings,Uttar Pradesh,65700.00,2,True
9826488a-2a14-449d-a11a-2d2a1b26e11b,"[""CMP-20241107-03348"",""CMP-20250121-07324"",""CMP-20250211-08402"",""CMP-20250307-09694"",""CMP-20250317-10268"",""CMP-20250802-18175"",""CMP-20250806-18428""]",Airtel Payments Bank,wallet,Jharkhand,256200.00,7,True
0f869695-d9e6-4c52-ae30-5abc16576d9e,"[""CMP-20240915-00679"",""CMP-20240923-01057"",""CMP-20240928-01305"",""CMP-20241007-01797"",""CMP-20241030-02948"",""CMP-20241206-04826"",""CMP-20250327-10783"",""CMP-20250419-12145"",""CMP-20250712-16980""]",Paytm Payments Bank,savings,Jharkhand,273800.00,9,True
4256d5d6-3efc-42e2-a686-8ab9fcfc4db1,"[""CMP-20240918-00833"",""CMP-20241024-02628"",""CMP-20250304-09546"",""CMP-20250310-09881"",""CMP-20250314-10055"",""CMP-20250319-10357"",""CMP-20250611-15140"",""CMP-20250701-16307"",""CMP-20250714-17084"",""CMP-20250815-18925""]",Canara Bank,savings,Rajasthan,616100.00,10,True
00a9ced7-985e-454e-a76b-9f48cd36ebac,"[""CMP-20241016-02230"",""CMP-20241029-02896"",""CMP-20241109-03461"",""CMP-20241115-03785"",""CMP-20241117-03894"",""CMP-20250307-09666"",""CMP-20250328-10848"",""CMP-20250430-12733"",""CMP-20250516-13602"",""CMP-20250518-13738"",""CMP-20250801-18143""]",Indian Bank,savings,Uttar Pradesh,566400.00,11,False
3f5bd822-8e83-439c-ae99-156668436e96,"[""CMP-20240916-00734"",""CMP-20240918-00818"",""CMP-20240924-01135"",""CMP-20241128-04462"",""CMP-20241229-06115"",""CMP-20250201-07871"",""CMP-20250529-14356"",""CMP-20250803-18307"",""CMP-20250824-19496""]",Paytm Payments Bank,savings,Uttar Pradesh,591300.00,9,True
54ddc776-1f30-4487-a2db-3639cd450350,"[""CMP-20250121-07306"",""CMP-20250710-16858"",""CMP-20250719-17381"",""CMP-20250725-17728"",""CMP-20250825-19585""]",HDFC,savings,Tamil Nadu,583900.00,5,True
086f11d6-1651-4401-a184-26cb4857f0a1,"[""CMP-20241113-03695"",""CMP-20241121-04064"",""CMP-20250215-08602"",""CMP-20250707-16672""]",ICICI,savings,Rajasthan,183800.00,4,False
a356b0fb-3cf6-4f7c-a7e8-edc363007509,"[""CMP-20241016-02250"",""CMP-20241213-05200"",""CMP-20241217-05428"",""CMP-20250110-06668"",""CMP-20250123-07394"",""CMP-20250220-08892"",""CMP-20250228-09321"",""CMP-20250329-10938"",""CMP-20250405-11343"",""CMP-20250415-11860"",""CMP-20250522-13967"",""CMP-20250531-14441"",""CMP-20250712-16935"",""CMP-20250730-18013"",""CMP-20250811-18729""]",ICICI,savings,Uttar Pradesh,588100.00,15,True
017d85b2-b310-46f5-ab97-ae1b38cc6082,"[""CMP-20241009-01877"",""CMP-20241118-03958"",""CMP-20250102-06274"",""CMP-20250228-09318"",""CMP-20250316-10214"",""CMP-20250328-10842"",""CMP-20250606-14799""]",Canara Bank,savings,Uttar Pradesh,553300.00,7,True
51ec47f1-1d80-4696-ab8f-9805f92be74f,"[""CMP-20241006-01738"",""CMP-20250520-13875"",""CMP-20250704-16437""]",Canara Bank,savings,Jharkhand,121000.00,3,False
cf2c0172-91a6-4286-a836-8308da36b34a,"[""CMP-20240930-01430"",""CMP-20241220-05549"",""CMP-20241222-05707"",""CMP-20250425-12425""]",ICICI,savings,West Bengal,112600.00,4,True
788fca83-fcc5-4a04-ac14-37d48c0d2ca4,"[""CMP-20240911-00480"",""CMP-20241007-01796"",""CMP-20241123-04214"",""CMP-20250217-08749"",""CMP-20250531-14471"",""CMP-20250616-15443"",""CMP-20250831-19935""]",Canara Bank,savings,Jharkhand,522100.00,7,True
83b6158a-9287-42c0-a2ce-ba734a3ed2f1,"[""CMP-20241115-03756"",""CMP-20241220-05590"",""CMP-20241229-06092"",""CMP-20250222-08969"",""CMP-20250627-16041"",""CMP-20250628-16069"",""CMP-20250706-16632"",""CMP-20250708-16739"",""CMP-20250824-19532"",""CMP-20250829-19767""]",Airtel Payments Bank,wallet,Rajasthan,460900.00,10,True
3fec0052-a9ea-4064-ac69-6791c405e966,"[""CMP-20241011-01982"",""CMP-20241110-03517"",""CMP-20241121-04076"",""CMP-20250124-07467"",""CMP-20250203-07992"",""CMP-20250218-08772"",""CMP-20250601-14539"",""CMP-20250810-18723"",""CMP-20250829-19835""]",Bank of Baroda,savings,Uttar Pradesh,664800.00,9,False
92a09bcf-ba7f-471f-afc6-fbabb23c8a29,"[""CMP-20241022-02533"",""CMP-20250102-06253"",""CMP-20250205-08092"",""CMP-20250211-08419"",""CMP-20250303-09484"",""CMP-20250309-09809"",""CMP-20250327-10792"",""CMP-20250613-15204"",""CMP-20250724-17632""]",SBI,savings,Uttar Pradesh,306300.00,9,True
dbbb401d-b9a4-4b1d-a026-4b3192d5bb72,"[""CMP-20241002-01537"",""CMP-20241011-01944"",""CMP-20241228-06038"",""CMP-20241229-06089"",""CMP-20250108-06565"",""CMP-20250202-07913"",""CMP-20250220-08865"",""CMP-20250421-12279"",""CMP-20250514-13507"",""CMP-20250523-13984"",""CMP-20250611-15115"",""CMP-20250714-17088""]",Indian Bank,savings,Tamil Nadu,835400.00,12,True
26892f76-0c80-4102-acd5-2babea5b9964,"[""CMP-20241029-02894"",""CMP-20241125-04330"",""CMP-20250205-08066"",""CMP-20250308-09738""]",ICICI,savings,Uttar Pradesh,131500.00,4,True
13d08b95-c402-4ead-a279-cba864ff5826,"[""CMP-20240916-00754"",""CMP-20240920-00926"",""CMP-20240924-01122"",""CMP-20240927-01292"",""CMP-20250511-13316"",""CMP-20250523-14040"",""CMP-20250715-17127"",""CMP-20250718-17300""]",Axis Bank,savings,Rajasthan,282100.00,8,False
19c38dbd-9b30-45b7-a67a-76700375540c,"[""CMP-20240903-00127"",""CMP-20241123-04230"",""CMP-20250207-08166"",""CMP-20250226-09216"",""CMP-20250315-10147"",""CMP-20250401-11115"",""CMP-20250626-15954"",""CMP-20250807-18457""]",SBI,savings,Rajasthan,587800.00,8,True
1df50bad-b256-4f1f-a890-eb566ba1f1ef,"[""CMP-20241122-04143"",""CMP-20241124-04249"",""CMP-20250214-08545"",""CMP-20250322-10505"",""CMP-20250609-15009"",""CMP-20250613-15250"",""CMP-20250713-16994"",""CMP-20250725-17726""]",SBI,savings,Karnataka,281900.00,8,False
8879d22f-1b94-4219-acac-08278c8416dc,"[""CMP-20240907-00323"",""CMP-20241207-04907"",""CMP-20241210-05067"",""CMP-20250330-11002"",""CMP-20250523-14029"",""CMP-20250531-14467"",""CMP-20250606-14835"",""CMP-20250617-15483"",""CMP-20250726-17771"",""CMP-20250802-18160"",""CMP-20250812-18803""]",HDFC,savings,Uttar Pradesh,234000.00,11,True
93fb8f70-ded4-438d-a6c3-6ca33d6b570e,"[""CMP-20240910-00438"",""CMP-20241106-03333"",""CMP-20250323-10573"",""CMP-20250421-12242"",""CMP-20250531-14488""]",Canara Bank,savings,West Bengal,96500.00,5,False
f3c82966-ac7c-4529-a7e5-1d891dec50da,"[""CMP-20241012-02051"",""CMP-20241104-03221"",""CMP-20250122-07357"",""CMP-20250324-10672"",""CMP-20250627-15998"",""CMP-20250815-18980""]",Axis Bank,savings,Maharashtra,196800.00,6,True
8a4ecf23-cdda-4118-a1f9-e2756a0869ed,"[""CMP-20241015-02202"",""CMP-20241202-04696"",""CMP-20250103-06310"",""CMP-20250105-06452"",""CMP-20250129-07729"",""CMP-20250225-09137"",""CMP-20250401-11127"",""CMP-20250611-15121"",""CMP-20250621-15721"",""CMP-20250710-16845"",""CMP-20250726-17757"",""CMP-20250829-19776""]",Canara Bank,savings,Rajasthan,600700.00,12,False
e9ea18b8-1cea-4696-abb3-3273fa25a542,"[""CMP-20240923-01103"",""CMP-20241028-02876"",""CMP-20241102-03098"",""CMP-20250123-07397"",""CMP-20250208-08252"",""CMP-20250329-10899"",""CMP-20250415-11866"",""CMP-20250603-14646"",""CMP-20250701-16326""]",SBI,savings,Rajasthan,478100.00,9,False
91d64f15-146a-4930-ae09-a55d5d94a589,"[""CMP-20241130-04552"",""CMP-20241221-05633"",""CMP-20250104-06344"",""CMP-20250201-07850"",""CMP-20250627-16018"",""CMP-20250825-19576""]",HDFC,savings,Tamil Nadu,276200.00,6,False
855ecfe5-698c-406d-a6f3-16ca67e384bc,"[""CMP-20241013-02103"",""CMP-20241027-02787"",""CMP-20241213-05211"",""CMP-20250117-07077"",""CMP-20250119-07240"",""CMP-20250308-09778"",""CMP-20250310-09900"",""CMP-20250406-11377"",""CMP-20250616-15442""]",ICICI,savings,Tamil Nadu,312200.00,9,False
1baf30bc-94c4-44a6-a833-e19fe9f44da4,"[""CMP-20240916-00756"",""CMP-20240929-01399"",""CMP-20250227-09220"",""CMP-20250307-09675"",""CMP-20250415-11872"",""CMP-20250517-13695"",""CMP-20250715-17155""]",Airtel Payments Bank,wallet,Uttar Pradesh,439500.00,7,False
ee4d8ee2-3524-4674-acf6-699d2f3fa676,"[""CMP-20241227-05970"",""CMP-20250112-06828"",""CMP-20250214-08528"",""CMP-20250320-10383"",""CMP-20250420-12173"",""CMP-20250522-13973"",""CMP-20250615-15392""]",Canara Bank,savings,Uttar Pradesh,408300.00,7,True
068b3306-631e-4906-a592-e75243bd97fb,"[""CMP-20240927-01246"",""CMP-20241107-03368"",""CMP-20250211-08438"",""CMP-20250421-12289"",""CMP-20250425-12450"",""CMP-20250517-13663"",""CMP-20250602-14617""]",SBI,savings,Tamil Nadu,296200.00,7,False
4077566b-7e51-4cce-a31d-2cd85c2b34f0,"[""CMP-20240901-00006"",""CMP-20240912-00529"",""CMP-20240913-00599"",""CMP-20241017-02276"",""CMP-20241108-03392"",""CMP-20241124-04254"",""CMP-20250605-14762""]",Paytm Payments Bank,savings,Rajasthan,222100.00,7,True
304c4d5d-68c3-413f-ad4b-e91b60d1cc13,"[""CMP-20240904-00168"",""CMP-20240911-00483"",""CMP-20240914-00616"",""CMP-20250117-07085"",""CMP-20250405-11372"",""CMP-20250417-11990"",""CMP-20250516-13573"",""CMP-20250627-16001"",""CMP-20250709-16798"",""CMP-20250718-17325"",""CMP-20250814-18883"",""CMP-20250816-19049""]",Airtel Payments Bank,savings,Maharashtra,430400.00,12,True
6d4d8f4d-6960-4da1-a582-fa6bde1eb5c9,"[""CMP-20240901-00037"",""CMP-20240909-00401"",""CMP-20241016-02252"",""CMP-20241201-04625"",""CMP-20250226-09209"",""CMP-20250304-09526"",""CMP-20250315-10154"",""CMP-20250325-10740"",""CMP-20250407-11439""]",Paytm Payments Bank,savings,Karnataka,200300.00,9,False
2bdb50a7-21a1-4d31-ade4-afd212edb7e0,"[""CMP-20240916-00742"",""CMP-20240928-01338"",""CMP-20241012-02049"",""CMP-20241031-02993"",""CMP-20241222-05667"",""CMP-20250410-11576"",""CMP-20250413-11756"",""CMP-20250531-14485"",""CMP-20250616-15461""]",Paytm Payments Bank,savings,Tamil Nadu,441400.00,9,True
cc8c20e7-a17b-4edb-a28d-413f6a8d9bf1,"[""CMP-20250420-12189"",""CMP-20250604-14719"",""CMP-20250731-18082""]",ICICI,savings,Jharkhand,163800.00,3,False
bf3f28ee-9985-4c99-a565-d7189197a6c9,"[""CMP-20241117-03919"",""CMP-20241121-04055"",""CMP-20241202-04667"",""CMP-20241228-06020"",""CMP-20250105-06446"",""CMP-20250209-08307"",""CMP-20250710-16825""]",HDFC,savings,Jharkhand,238900.00,7,False
1419b416-0230-49e6-ad8f-9ff805d03c5c,"[""CMP-20240904-00178"",""CMP-20240930-01442"",""CMP-20241109-03498"",""CMP-20250429-12658"",""CMP-20250602-14596"",""CMP-20250716-17163"",""CMP-20250725-17732""]",Axis Bank,savings,Rajasthan,373600.00,7,True
07d527b8-f9a5-47ef-a2ec-061364b564d1,"[""CMP-20240915-00707"",""CMP-20240921-00990"",""CMP-20241007-01795"",""CMP-20241102-03129"",""CMP-20241219-05533"",""CMP-20250302-09441"",""CMP-20250427-12598"",""CMP-20250502-12829"",""CMP-20250614-15277""]",Airtel Payments Bank,savings,West Bengal,441000.00,9,False
65ec7426-a004-4f47-aaa4-1af1274ea0ae,"[""CMP-20241030-02917"",""CMP-20250207-08206"",""CMP-20250331-11068"",""CMP-20250418-12077"",""CMP-20250502-12806"",""CMP-20250629-16195""]",Indian Bank,savings,Karnataka,235600.00,6,False
feaa93a6-5f62-4b0d-a6e8-7ac54caaae98,"[""CMP-20241003-01549"",""CMP-20241025-02703"",""CMP-20241217-05463"",""CMP-20250118-07155"",""CMP-20250211-08400"",""CMP-20250214-08575"",""CMP-20250426-12485"",""CMP-20250830-19852""]",Canara Bank,savings,Tamil Nadu,501700.00,8,False
78838b29-3acc-47fb-ae24-d90c476cfd18,"[""CMP-20241212-05155"",""CMP-20241213-05228"",""CMP-20250121-07322"",""CMP-20250324-10674"",""CMP-20250531-14443"",""CMP-20250603-14644""]",Bank of Baroda,savings,Maharashtra,214700.00,6,False
33e3d9d7-0194-42be-af1b-f5ccb232583f,"[""CMP-20240927-01279"",""CMP-20241130-04563"",""CMP-20250402-11201"",""CMP-20250529-14340"",""CMP-20250629-16161"",""CMP-20250714-17077""]",Indian Bank,savings,Uttar Pradesh,167900.00,6,False
bf2b50a9-731d-45ce-af44-be27821b6ff0,"[""CMP-20240926-01238"",""CMP-20241013-02102"",""CMP-20250105-06437"",""CMP-20250209-08321"",""CMP-20250307-09715"",""CMP-20250411-11664"",""CMP-20250420-12168"",""CMP-20250607-14912"",""CMP-20250810-18664"",""CMP-20250831-19977""]",Axis Bank,savings,West Bengal,390000.00,10,False
3933a643-eaa9-46cd-a205-f058f8a9d263,"[""CMP-20241010-01916"",""CMP-20250123-07401"",""CMP-20250219-08855"",""CMP-20250226-09185"",""CMP-20250617-15480"",""CMP-20250622-15742"",""CMP-20250809-18628""]",Axis Bank,savings,Rajasthan,391000.00,7,False
e737ccf7-71d6-4cf6-a841-77816bb27ba7,"[""CMP-20240907-00320"",""CMP-20241102-03099"",""CMP-20241122-04131"",""CMP-20250111-06721"",""CMP-20250629-16148"",""CMP-20250730-18009"",""CMP-20250816-18996""]",ICICI,savings,Rajasthan,182800.00,7,True
a782cdb3-38bd-4424-a10e-910b54aae8b2,"[""CMP-20241205-04799"",""CMP-20241217-05457"",""CMP-20250107-06561"",""CMP-20250218-08775"",""CMP-20250309-09793"",""CMP-20250320-10393"",""CMP-20250701-16290"",""CMP-20250820-19229"",""CMP-20250829-19827""]",Indian Bank,savings,Jharkhand,423500.00,9,False
81fb93e0-4f19-4295-ac29-da7557c5cdd0,"[""CMP-20240930-01452"",""CMP-20241026-02778"",""CMP-20250209-08341"",""CMP-20250301-09388"",""CMP-20250304-09511"",""CMP-20250623-15848""]",Indian Bank,savings,Jharkhand,371100.00,6,False
50860fc5-339b-4ca8-aa63-5012b8663a67,"[""CMP-20240917-00769"",""CMP-20241101-03047"",""CMP-20250322-10502"",""CMP-20250720-17420"",""CMP-20250724-17648""]",Airtel Payments Bank,wallet,Uttar Pradesh,148600.00,5,False
1a485e73-1885-4e0d-a251-e5f57d9b5ad2,"[""CMP-20241009-01864"",""CMP-20241101-03028"",""CMP-20250307-09702"",""CMP-20250626-15977"",""CMP-20250829-19801""]",Axis Bank,savings,Uttar Pradesh,187600.00,5,True
021853f7-9acb-45a6-a54f-586daac1dec9,"[""CMP-20250111-06750"",""CMP-20250316-10179"",""CMP-20250502-12845"",""CMP-20250618-15525"",""CMP-20250701-16323"",""CMP-20250720-17483""]",Bank of Baroda,savings,Rajasthan,354800.00,6,True
310e477a-bce9-4de1-aa8c-bc687f9062ab,"[""CMP-20241215-05338"",""CMP-20241224-05782"",""CMP-20250128-07662"",""CMP-20250321-10421"",""CMP-20250428-12636"",""CMP-20250717-17253"",""CMP-20250802-18168"",""CMP-20250815-18972""]",ICICI,savings,Tamil Nadu,331800.00,8,False
76e96402-d7b2-4be4-aa63-f3454ce1615f,"[""CMP-20240901-00047"",""CMP-20241014-02130"",""CMP-20250107-06527"",""CMP-20250124-07464"",""CMP-20250222-08985"",""CMP-20250313-10018"",""CMP-20250706-16605"",""CMP-20250805-18381"",""CMP-20250812-18794""]",Paytm Payments Bank,savings,Tamil Nadu,405600.00,9,False
b6c6162f-17bc-41a8-a898-d066edb71ad2,"[""CMP-20241004-01599"",""CMP-20250430-12707"",""CMP-20250611-15120"",""CMP-20250720-17472""]",ICICI,savings,Karnataka,46700.00,4,False
f6b47893-3600-4e6e-a175-d6a6149ba90b,"[""CMP-20241113-03666"",""CMP-20241114-03743"",""CMP-20241211-05105"",""CMP-20250104-06384"",""CMP-20250402-11194"",""CMP-20250530-14417"",""CMP-20250607-14887"",""CMP-20250718-17278"",""CMP-20250801-18129""]",SBI,savings,Rajasthan,202700.00,9,False
08f4acfc-8123-41a6-aeeb-ff68c88a0889,"[""CMP-20241005-01700"",""CMP-20241018-02373"",""CMP-20241225-05832"",""CMP-20241229-06069"",""CMP-20250120-07278"",""CMP-20250306-09645"",""CMP-20250329-10911"",""CMP-20250616-15466"",""CMP-20250718-17298""]",HDFC,savings,Jharkhand,472700.00,9,False
4d858fa3-ff7f-496d-a5a9-47cc4800673e,"[""CMP-20241012-02065"",""CMP-20241126-04390"",""CMP-20250101-06224"",""CMP-20250409-11518"",""CMP-20250422-12332"",""CMP-20250430-12736"",""CMP-20250719-17361""]",Canara Bank,savings,Rajasthan,227100.00,7,False
13db153d-7232-4ce2-a65e-24eb2c81ae91,"[""CMP-20250105-06411"",""CMP-20250307-09698"",""CMP-20250520-13883"",""CMP-20250607-14877"",""CMP-20250711-16889""]",Axis Bank,savings,Tamil Nadu,158600.00,5,False
01d809e6-fa7f-4ef5-a679-dd134b6f6669,"[""CMP-20241103-03181"",""CMP-20250117-07065"",""CMP-20250221-08950"",""CMP-20250412-11705"",""CMP-20250419-12100"",""CMP-20250528-14281"",""CMP-20250531-14464"",""CMP-20250707-16701""]",ICICI,savings,Jharkhand,255900.00,8,True
182cee04-a546-4038-a560-de2e0dbc7874,"[""CMP-20241106-03305"",""CMP-20250309-09851"",""CMP-20250415-11880"",""CMP-20250601-14571"",""CMP-20250706-16611"",""CMP-20250829-19828""]",HDFC,savings,Jharkhand,277800.00,6,False
15ce0ac5-1d30-4ac1-a9da-3842afe64a65,"[""CMP-20240908-00367"",""CMP-20240920-00892"",""CMP-20241028-02862"",""CMP-20241031-02996"",""CMP-20241210-05054"",""CMP-20250710-16840"",""CMP-20250710-16850"",""CMP-20250727-17828""]",SBI,savings,Uttar Pradesh,431900.00,8,False
01d8a3ff-b8e4-4998-a60f-daca6b77e34c,"[""CMP-20241207-04877"",""CMP-20250125-07489"",""CMP-20250125-07520"",""CMP-20250228-09326"",""CMP-20250530-14427"",""CMP-20250626-15967""]",ICICI,savings,Tamil Nadu,92200.00,6,False
da538d50-6c7a-4df5-a944-315a2bb5b9f7,"[""CMP-20241028-02849"",""CMP-20241112-03640"",""CMP-20241121-04084"",""CMP-20250126-07564"",""CMP-20250203-07976"",""CMP-20250207-08171"",""CMP-20250410-11607"",""CMP-20250623-15833"",""CMP-20250803-18265"",""CMP-20250810-18713""]",Airtel Payments Bank,savings,Tamil Nadu,462800.00,10,False
34954164-2492-4b0d-a7d7-b59b072ed711,"[""CMP-20240909-00417"",""CMP-20241222-05722"",""CMP-20250120-07260"",""CMP-20250121-07327"",""CMP-20250507-13087"",""CMP-20250509-13219"",""CMP-20250516-13614"",""CMP-20250619-15558""]",Bank of Baroda,savings,Jharkhand,264200.00,8,True
4bfc5651-fc2e-4c55-a71b-b8e472222ca3,"[""CMP-20240912-00552"",""CMP-20240925-01195"",""CMP-20250408-11473"",""CMP-20250518-13789"",""CMP-20250629-16156"",""CMP-20250722-17538"",""CMP-20250802-18218"",""CMP-20250816-19034""]",Airtel Payments Bank,wallet,Rajasthan,359300.00,8,False
45088bae-7f96-4eab-a12e-b3fb9cd500c3,"[""CMP-20240907-00317"",""CMP-20240929-01415"",""CMP-20241109-03494"",""CMP-20250110-06674"",""CMP-20250517-13694"",""CMP-20250524-14101""]",Axis Bank,savings,Rajasthan,141100.00,6,False
d457d8a3-a3d5-4439-a4fc-9f69241222f0,"[""CMP-20241020-02480"",""CMP-20250220-08885"",""CMP-20250306-09641"",""CMP-20250406-11396"",""CMP-20250603-14637"",""CMP-20250802-18205""]",Indian Bank,savings,West Bengal,253200.00,6,True
6f8593f7-1d2e-4b42-a6fb-885e9b85468a,"[""CMP-20240906-00259"",""CMP-20240914-00667"",""CMP-20250208-08255"",""CMP-20250311-09920"",""CMP-20250609-15028"",""CMP-20250619-15579"",""CMP-20250712-16946""]",Indian Bank,savings,Karnataka,300700.00,7,False
8a2a2c91-81f9-4785-aa45-e22bb049b1fa,"[""CMP-20240922-01000"",""CMP-20241030-02928"",""CMP-20250217-08754"",""CMP-20250312-09979"",""CMP-20250606-14856""]",Axis Bank,savings,Karnataka,171800.00,5,False
c709dca9-5485-4753-ad09-5e55504b14ab,"[""CMP-20241011-01942"",""CMP-20241227-05918"",""CMP-20250103-06316"",""CMP-20250111-06728"",""CMP-20250117-07091"",""CMP-20250627-16008""]",HDFC,savings,Jharkhand,357200.00,6,False
dfafa7c5-f160-491c-a593-1f7884068477,"[""CMP-20240908-00335"",""CMP-20241027-02794"",""CMP-20241108-03397"",""CMP-20241216-05385""]",Airtel Payments Bank,savings,Jharkhand,545700.00,4,True
f6989014-bfad-41ea-abe8-6eca05d87905,"[""CMP-20241026-02733"",""CMP-20241216-05421"",""CMP-20250126-07557"",""CMP-20250218-08773"",""CMP-20250729-17968"",""CMP-20250830-19889""]",Canara Bank,savings,Maharashtra,212300.00,6,False
a160fdba-3a56-4178-afe4-dbc2dbb2b0d9,"[""CMP-20241002-01522"",""CMP-20241016-02216"",""CMP-20241119-03992"",""CMP-20241207-04918"",""CMP-20241224-05813"",""CMP-20250321-10490"",""CMP-20250629-16158"",""CMP-20250725-17700""]",Canara Bank,savings,West Bengal,276500.00,8,False
a928c0cb-5476-413a-a217-4a8ca1b1fc20,"[""CMP-20241110-03523"",""CMP-20250308-09725"",""CMP-20250412-11682"",""CMP-20250518-13802"",""CMP-20250722-17575"",""CMP-20250817-19098""]",Paytm Payments Bank,savings,Karnataka,193300.00,6,False
5706546c-b5f7-4a41-a25b-90ceaf73e9ed,"[""CMP-20240906-00245"",""CMP-20241021-02502"",""CMP-20250103-06285"",""CMP-20250307-09667"",""CMP-20250311-09919"",""CMP-20250725-17689"",""CMP-20250728-17893"",""CMP-20250731-18056"",""CMP-20250809-18617""]",ICICI,savings,Rajasthan,407300.00,9,False
30df3a87-6b90-40c0-aa3e-37e2c4955b1e,"[""CMP-20241120-04033"",""CMP-20241124-04260"",""CMP-20241124-04283"",""CMP-20250330-10982"",""CMP-20250416-11924"",""CMP-20250622-15777"",""CMP-20250810-18717""]",SBI,savings,Tamil Nadu,176800.00,7,True
6f95bb8c-7d3f-4c47-a7ae-96220104219a,"[""CMP-20240910-00431"",""CMP-20241013-02087"",""CMP-20250519-13837"",""CMP-20250613-15236""]",Indian Bank,savings,Uttar Pradesh,189900.00,4,False
75349fb2-5bc4-46b7-a451-36f0ea0053a3,"[""CMP-20240920-00881"",""CMP-20241119-03996"",""CMP-20250110-06672"",""CMP-20250226-09210"",""CMP-20250330-10987"",""CMP-20250405-11360"",""CMP-20250411-11616"",""CMP-20250611-15147"",""CMP-20250629-16138"",""CMP-20250705-16584""]",HDFC,savings,Jharkhand,525500.00,10,True
bed897e6-1c92-4f1c-a5cb-4287aa4e912f,"[""CMP-20241103-03170"",""CMP-20241109-03468"",""CMP-20250102-06259"",""CMP-20250412-11688"",""CMP-20250426-12535"",""CMP-20250606-14798"",""CMP-20250706-16612"",""CMP-20250721-17503"",""CMP-20250822-19320""]",Canara Bank,savings,West Bengal,447700.00,9,True
6bfdec69-f460-45b3-a78c-b9c3793e4348,"[""CMP-20240901-00034"",""CMP-20240914-00661"",""CMP-20241119-03980"",""CMP-20250320-10375"",""CMP-20250425-12440"",""CMP-20250523-14012"",""CMP-20250728-17877""]",HDFC,savings,Tamil Nadu,248200.00,7,False
6889d303-47c0-404d-a0fc-95c9dae99e6c,"[""CMP-20240904-00174"",""CMP-20241008-01812"",""CMP-20241127-04399"",""CMP-20241129-04482"",""CMP-20241203-04710"",""CMP-20241226-05886"",""CMP-20250221-08904"",""CMP-20250321-10420"",""CMP-20250522-13974"",""CMP-20250817-19061""]",Axis Bank,savings,Uttar Pradesh,495700.00,10,False
8cdd6edc-5916-421a-a0aa-9a623343c664,"[""CMP-20241125-04315"",""CMP-20241225-05839"",""CMP-20250415-11844"",""CMP-20250504-12940"",""CMP-20250606-14852"",""CMP-20250802-18166""]",Axis Bank,savings,Tamil Nadu,96700.00,6,True
1b181363-ff09-4c74-a249-0aecb95a1c89,"[""CMP-20241006-01736"",""CMP-20241115-03780"",""CMP-20241124-04300"",""CMP-20250328-10867"",""CMP-20250418-12042"",""CMP-20250420-12151"",""CMP-20250709-16770"",""CMP-20250716-17177""]",Paytm Payments Bank,wallet,Karnataka,480500.00,8,False
9714550a-810d-47cc-a2a1-ddb60121c9ca,"[""CMP-20241102-03065"",""CMP-20241108-03426"",""CMP-20250217-08744"",""CMP-20250312-09967"",""CMP-20250430-12722"",""CMP-20250511-13378"",""CMP-20250621-15736""]",Airtel Payments Bank,savings,Uttar Pradesh,301300.00,7,True
988a0dec-f185-499e-ac00-1fba6c4247cb,"[""CMP-20250118-07148"",""CMP-20250118-07154"",""CMP-20250424-12392"",""CMP-20250617-15478""]",HDFC,savings,Uttar Pradesh,153300.00,4,True
b39c37a9-4d37-411c-a7f8-bc17a4f8d1f0,"[""CMP-20240913-00578"",""CMP-20241113-03667"",""CMP-20241123-04184"",""CMP-20250202-07946"",""CMP-20250214-08558"",""CMP-20250509-13232"",""CMP-20250705-16536"",""CMP-20250716-17165"",""CMP-20250805-18400""]",Axis Bank,savings,Uttar Pradesh,844000.00,9,True
1a7f78f3-1cb2-4b71-a8dd-a84c4bf12d70,"[""CMP-20240909-00420"",""CMP-20241001-01460"",""CMP-20241030-02951"",""CMP-20241222-05671"",""CMP-20241225-05847"",""CMP-20250504-13008""]",HDFC,savings,Tamil Nadu,216000.00,6,False
bb69f198-e070-47af-aa04-f3173fb0b716,"[""CMP-20241022-02556"",""CMP-20241117-03884"",""CMP-20250830-19872""]",Paytm Payments Bank,wallet,Jharkhand,84100.00,3,False
7b74aea8-545d-4def-a989-b762b49fc32d,"[""CMP-20250124-07453"",""CMP-20250309-09814"",""CMP-20250415-11862"",""CMP-20250525-14189"",""CMP-20250706-16597"",""CMP-20250730-18025""]",Indian Bank,savings,Tamil Nadu,212700.00,6,True
cbf7c699-8955-4519-a156-c54c6ddca79d,"[""CMP-20241110-03527"",""CMP-20241130-04582"",""CMP-20250111-06726"",""CMP-20250119-07201"",""CMP-20250301-09381"",""CMP-20250331-11045"",""CMP-20250508-13162"",""CMP-20250705-16571""]",Airtel Payments Bank,wallet,Tamil Nadu,254800.00,8,False
138c81a9-805b-4387-aba0-2be476941bda,"[""CMP-20250106-06499"",""CMP-20250124-07456"",""CMP-20250316-10188"",""CMP-20250325-10733"",""CMP-20250630-16253"",""CMP-20250818-19147""]",Indian Bank,savings,Uttar Pradesh,301200.00,6,True
ed7cff96-6e2b-42c6-a4df-8ae9d64303cd,"[""CMP-20241102-03066"",""CMP-20241103-03150"",""CMP-20241213-05209"",""CMP-20250109-06635"",""CMP-20250217-08734"",""CMP-20250330-11021"",""CMP-20250427-12595"",""CMP-20250527-14238"",""CMP-20250528-14287"",""CMP-20250616-15427""]",Paytm Payments Bank,savings,Rajasthan,478100.00,10,False
59fd489f-1fd2-40c2-ae9e-6a8da61fc42f,"[""CMP-20240901-00003"",""CMP-20241012-02032"",""CMP-20250329-10925"",""CMP-20250416-11936"",""CMP-20250629-16159"",""CMP-20250716-17162"",""CMP-20250719-17340"",""CMP-20250801-18102""]",Axis Bank,savings,Maharashtra,151200.00,8,False
c0d6ac0b-7700-406d-adb1-7e2d5f9d95a0,"[""CMP-20241222-05721"",""CMP-20250220-08874"",""CMP-20250329-10941"",""CMP-20250414-11838"",""CMP-20250601-14522"",""CMP-20250606-14809"",""CMP-20250812-18808""]",Canara Bank,savings,Rajasthan,323700.00,7,False
952c879c-827d-408a-a289-55f339209bc7,"[""CMP-20240918-00831"",""CMP-20241006-01742"",""CMP-20250328-10833"",""CMP-20250510-13264"",""CMP-20250531-14465"",""CMP-20250811-18760""]",ICICI,savings,Tamil Nadu,207100.00,6,True
ab76fe44-4efa-4cf3-a77b-1cbd060048c7,"[""CMP-20241017-02277"",""CMP-20250130-07789"",""CMP-20250329-10920"",""CMP-20250615-15403""]",SBI,savings,Karnataka,103600.00,4,False
d5a814b1-e8b8-45d3-a34a-f9e122473bba,"[""CMP-20241013-02086"",""CMP-20250403-11242"",""CMP-20250502-12808"",""CMP-20250509-13202"",""CMP-20250719-17346"",""CMP-20250818-19149""]",Airtel Payments Bank,wallet,Jharkhand,387500.00,6,False
3ac42d0f-213d-48fd-a0f0-3710e177179c,"[""CMP-20240907-00299"",""CMP-20241015-02172"",""CMP-20241018-02322"",""CMP-20241104-03206"",""CMP-20250317-10246"",""CMP-20250322-10557"",""CMP-20250509-13181"",""CMP-20250512-13390"",""CMP-20250520-13855"",""CMP-20250827-19683""]",Indian Bank,savings,Karnataka,628600.00,10,False
60f180e2-6d2c-47a1-aee7-f25f75cfdcea,"[""CMP-20241011-01994"",""CMP-20241223-05760"",""CMP-20250110-06671"",""CMP-20250303-09481"",""CMP-20250308-09781"",""CMP-20250610-15078"",""CMP-20250728-17928""]",ICICI,savings,West Bengal,893800.00,7,True
608f0246-ae41-474c-af23-cfa8e69867dd,"[""CMP-20241110-03516"",""CMP-20241208-04969"",""CMP-20241215-05342"",""CMP-20250104-06362"",""CMP-20250222-08999"",""CMP-20250410-11592"",""CMP-20250731-18050"",""CMP-20250824-19538""]",HDFC,savings,Rajasthan,307000.00,8,False
66e44c6b-d441-46a5-af9d-0a1a0ccc1374,"[""CMP-20250413-11778"",""CMP-20250701-16317"",""CMP-20250803-18287""]",Bank of Baroda,savings,Rajasthan,65800.00,3,True
25f2fcb7-140c-4fe6-a6f1-1ac055795349,"[""CMP-20241028-02865"",""CMP-20241229-06062"",""CMP-20250101-06206"",""CMP-20250101-06211"",""CMP-20250824-19524""]",Indian Bank,savings,Uttar Pradesh,158200.00,5,False
45940823-854e-43a6-aad2-32dec1b743ab,"[""CMP-20240918-00800"",""CMP-20250215-08652"",""CMP-20250313-10019"",""CMP-20250525-14146"",""CMP-20250603-14645""]",Paytm Payments Bank,savings,Karnataka,75600.00,5,False
5923fd26-bff3-4025-a882-cc7450731c7f,"[""CMP-20241024-02629"",""CMP-20241227-05962"",""CMP-20250122-07353"",""CMP-20250129-07693"",""CMP-20250304-09515"",""CMP-20250613-15269""]",Indian Bank,savings,Karnataka,326000.00,6,False
19c1cfe9-8290-4fc6-a4cb-a5f8efdb4c95,"[""CMP-20240906-00247"",""CMP-20241024-02650"",""CMP-20250119-07195"",""CMP-20250122-07335""]",Indian Bank,savings,Maharashtra,111700.00,4,True
818016dd-e0f9-4c54-af67-7982204bc47d,"[""CMP-20250103-06313"",""CMP-20250308-09780"",""CMP-20250419-12085"",""CMP-20250715-17143"",""CMP-20250806-18415""]",Indian Bank,savings,Karnataka,280000.00,5,False
e05b7b06-cf6d-49f4-a93b-006a5954f539,"[""CMP-20240909-00411"",""CMP-20241226-05895"",""CMP-20250103-06332"",""CMP-20250110-06712"",""CMP-20250402-11189"",""CMP-20250505-13035"",""CMP-20250526-14213"",""CMP-20250615-15388"",""CMP-20250711-16914"",""CMP-20250814-18890"",""CMP-20250817-19116""]",Indian Bank,savings,West Bengal,538000.00,11,False
aca3f507-84a1-4ea2-a8b2-a230a754f584,"[""CMP-20240920-00925"",""CMP-20241005-01657"",""CMP-20241214-05238"",""CMP-20241218-05481"",""CMP-20241223-05752"",""CMP-20250104-06397"",""CMP-20250116-07030"",""CMP-20250317-10262"",""CMP-20250321-10485"",""CMP-20250403-11236"",""CMP-20250410-11577"",""CMP-20250509-13176"",""CMP-20250510-13279"",""CMP-20250524-14096"",""CMP-20250628-16114""]",Indian Bank,savings,Jharkhand,617700.00,15,True
abf3ad21-5b5c-49a7-a993-e8133e1838b9,"[""CMP-20240913-00569"",""CMP-20241009-01857"",""CMP-20241201-04617"",""CMP-20250609-15047"",""CMP-20250619-15565""]",SBI,savings,Rajasthan,113000.00,5,False
50256cd3-b129-484e-a195-73dc5687f112,"[""CMP-20240921-00988"",""CMP-20241028-02867"",""CMP-20241201-04629"",""CMP-20250209-08339"",""CMP-20250218-08792"",""CMP-20250318-10280"",""CMP-20250523-14045"",""CMP-20250619-15569"",""CMP-20250707-16677""]",SBI,savings,Rajasthan,311900.00,9,False
056d3b07-9bf4-4b69-aaeb-069b19cb70cd,"[""CMP-20241122-04139"",""CMP-20241223-05759"",""CMP-20250202-07930"",""CMP-20250329-10917"",""CMP-20250816-19028"",""CMP-20250825-19572"",""CMP-20250826-19618"",""CMP-20250831-19938""]",HDFC,savings,Jharkhand,299700.00,8,True
f6c7a273-79e8-4330-a42b-fc5d81526dc6,"[""CMP-20240923-01098"",""CMP-20250604-14720"",""CMP-20250720-17478"",""CMP-20250728-17910"",""CMP-20250812-18768""]",ICICI,savings,Uttar Pradesh,173900.00,5,False
b7ebf220-ca59-446b-abef-7e44c9615ade,"[""CMP-20240912-00536"",""CMP-20241004-01639"",""CMP-20241008-01833"",""CMP-20241117-03924"",""CMP-20250419-12102"",""CMP-20250420-12182"",""CMP-20250504-12983"",""CMP-20250630-16236"",""CMP-20250731-18090""]",Bank of Baroda,savings,Jharkhand,347900.00,9,False
b78d1d7d-a414-41d2-a526-6d2240bd0998,"[""CMP-20241118-03951"",""CMP-20241204-04757"",""CMP-20241210-05078"",""CMP-20241229-06096"",""CMP-20250124-07458"",""CMP-20250418-12035"",""CMP-20250425-12466"",""CMP-20250525-14152"",""CMP-20250603-14663"",""CMP-20250701-16313"",""CMP-20250717-17247""]",SBI,savings,Rajasthan,421600.00,11,True
91003614-6786-4739-a97d-d461a3b8fe59,"[""CMP-20241223-05766"",""CMP-20250331-11060"",""CMP-20250502-12811"",""CMP-20250503-12857"",""CMP-20250704-16500"",""CMP-20250813-18841""]",ICICI,savings,Uttar Pradesh,272600.00,6,False
626e462d-0cc6-448d-a841-fa49c4ebc7a4,"[""CMP-20241202-04665"",""CMP-20241216-05397"",""CMP-20250131-07836"",""CMP-20250209-08345"",""CMP-20250214-08541"",""CMP-20250531-14483"",""CMP-20250630-16242"",""CMP-20250816-19025""]",Airtel Payments Bank,savings,Jharkhand,209800.00,8,True
cfd84196-845c-4a78-a94a-3ed8a8b19fb1,"[""CMP-20250122-07356"",""CMP-20250214-08576"",""CMP-20250309-09785"",""CMP-20250403-11250"",""CMP-20250405-11348"",""CMP-20250505-13036"",""CMP-20250623-15843"",""CMP-20250628-16122""]",Paytm Payments Bank,savings,Jharkhand,302500.00,8,False
17615155-d2f1-4b9e-abf4-d539a8a7a3ba,"[""CMP-20241016-02235"",""CMP-20250106-06482"",""CMP-20250406-11420"",""CMP-20250419-12115"",""CMP-20250425-12439"",""CMP-20250620-15627"",""CMP-20250808-18569""]",Indian Bank,savings,Rajasthan,186900.00,7,False
8d968081-417d-4dcf-a755-978c8101fdcf,"[""CMP-20240906-00265"",""CMP-20241122-04148"",""CMP-20250103-06335"",""CMP-20250330-10966"",""CMP-20250804-18346"",""CMP-20250808-18520""]",ICICI,savings,Jharkhand,454000.00,6,False
c6f35a6e-eeba-4e73-a639-ca4f3472b2e4,"[""CMP-20241206-04830"",""CMP-20250102-06267"",""CMP-20250201-07910"",""CMP-20250319-10342"",""CMP-20250413-11765"",""CMP-20250624-15882"",""CMP-20250629-16163""]",Axis Bank,savings,Karnataka,253000.00,7,False
4d7c4b01-127a-4bff-abe4-92715abd80c6,"[""CMP-20241101-03058"",""CMP-20241126-04387"",""CMP-20241215-05312"",""CMP-20250213-08513"",""CMP-20250504-12954"",""CMP-20250528-14318"",""CMP-20250628-16129"",""CMP-20250724-17628"",""CMP-20250801-18151"",""CMP-20250826-19621""]",Canara Bank,savings,Rajasthan,290500.00,10,True
6cdd20e4-f1d0-41bf-a329-2ffe76e59dd8,"[""CMP-20240923-01092"",""CMP-20240926-01226"",""CMP-20250328-10860""]",ICICI,savings,Tamil Nadu,41800.00,3,False
4d5446db-1aec-4f85-a6a4-f268df1badc0,"[""CMP-20241025-02716"",""CMP-20241213-05210"",""CMP-20250103-06323"",""CMP-20250131-07815"",""CMP-20250329-10913"",""CMP-20250329-10934"",""CMP-20250503-12912"",""CMP-20250705-16558"",""CMP-20250808-18507""]",Indian Bank,savings,Karnataka,227700.00,9,False
415c33da-6ab6-40ea-a481-51c60c1022f0,"[""CMP-20250215-08611"",""CMP-20250419-12111"",""CMP-20250521-13896"",""CMP-20250716-17195"",""CMP-20250831-19975""]",Axis Bank,savings,Rajasthan,520400.00,5,True
08efedda-cd3c-4289-a086-f9c9ed1fd118,"[""CMP-20250517-13678"",""CMP-20250531-14440"",""CMP-20250613-15199"",""CMP-20250805-18390""]",Paytm Payments Bank,wallet,West Bengal,65900.00,4,True
a2f40f87-0e57-4c64-a0a0-da06b942451e,"[""CMP-20240929-01418"",""CMP-20250116-06993"",""CMP-20250304-09550"",""CMP-20250516-13568"",""CMP-20250827-19682""]",Airtel Payments Bank,savings,Karnataka,366700.00,5,False
88386255-0a72-4bc9-ac24-11d934c2ba68,"[""CMP-20241031-02972"",""CMP-20241107-03337"",""CMP-20250223-09038"",""CMP-20250330-11015"",""CMP-20250507-13116"",""CMP-20250603-14652"",""CMP-20250824-19540""]",HDFC,savings,Karnataka,234100.00,7,False
eb7d5b8e-d3be-4849-affa-d5ecf9a07a8e,"[""CMP-20240905-00213"",""CMP-20250302-09440"",""CMP-20250724-17651"",""CMP-20250730-17988"",""CMP-20250824-19498""]",SBI,savings,Uttar Pradesh,223800.00,5,False
47948cdd-2d44-488e-a50a-8a452ebc9586,"[""CMP-20241009-01873"",""CMP-20250106-06503"",""CMP-20250111-06730"",""CMP-20250124-07436"",""CMP-20250214-08559"",""CMP-20250302-09439"",""CMP-20250630-16256"",""CMP-20250828-19719""]",HDFC,savings,West Bengal,185800.00,8,False
d5239edb-b3c8-435b-a314-20980210dd11,"[""CMP-20241120-04037"",""CMP-20250106-06481"",""CMP-20250227-09235"",""CMP-20250307-09703"",""CMP-20250311-09924"",""CMP-20250315-10124"",""CMP-20250403-11232"",""CMP-20250723-17590""]",SBI,savings,Tamil Nadu,451300.00,8,True
a33ae1c2-5809-4ee8-a8a6-6a7309adcf38,"[""CMP-20240926-01204"",""CMP-20241031-03012"",""CMP-20241212-05138"",""CMP-20241221-05608"",""CMP-20241225-05874"",""CMP-20250125-07501"",""CMP-20250404-11277"",""CMP-20250514-13477"",""CMP-20250528-14305"",""CMP-20250618-15537""]",Axis Bank,savings,Rajasthan,493200.00,10,False
85d494f6-4956-41d1-a24f-5c9f369cd26c,"[""CMP-20250128-07667"",""CMP-20250224-09093"",""CMP-20250324-10659"",""CMP-20250427-12605""]",SBI,savings,West Bengal,48800.00,4,False
ef67b941-e453-4b6b-a8e6-b99e0bbea6d5,"[""CMP-20241016-02231"",""CMP-20241116-03834"",""CMP-20241125-04326"",""CMP-20250222-09022"",""CMP-20250423-12352"",""CMP-20250519-13843"",""CMP-20250708-16733"",""CMP-20250812-18773""]",ICICI,savings,Jharkhand,264700.00,8,False
767472d0-7fff-4024-a513-b71ee97b6c06,"[""CMP-20241113-03676"",""CMP-20250216-08722"",""CMP-20250417-11974"",""CMP-20250625-15922"",""CMP-20250710-16839"",""CMP-20250711-16907""]",Bank of Baroda,savings,Jharkhand,231900.00,6,False
b45f5838-e7fb-4aee-ae2d-d4c2b4beb5d1,"[""CMP-20240902-00066"",""CMP-20240913-00563"",""CMP-20250218-08812"",""CMP-20250224-09102"",""CMP-20250525-14120"",""CMP-20250614-15295"",""CMP-20250826-19625""]",ICICI,savings,Tamil Nadu,197400.00,7,True
fa16306d-9ec7-4222-aee0-a97ecc838bb9,"[""CMP-20241026-02766"",""CMP-20241220-05568"",""CMP-20250825-19548""]",Paytm Payments Bank,savings,Jharkhand,95800.00,3,False
08a09326-384f-457a-a013-c42651543794,"[""CMP-20241110-03533"",""CMP-20250412-11736""]",Indian Bank,savings,Maharashtra,124400.00,2,True
f7298a64-e99b-468b-ae3b-df313b4893b3,"[""CMP-20240907-00306"",""CMP-20241211-05098"",""CMP-20241228-06030"",""CMP-20250215-08620"",""CMP-20250316-10187"",""CMP-20250325-10724"",""CMP-20250822-19344""]",Canara Bank,savings,Uttar Pradesh,614500.00,7,True
d07fc27b-e4c1-4d1a-a4a3-44f13cf46082,"[""CMP-20240904-00172"",""CMP-20250329-10933"",""CMP-20250615-15406"",""CMP-20250702-16374"",""CMP-20250815-18943""]",Indian Bank,savings,Maharashtra,262200.00,5,False
5f409fdc-6a7f-4e79-ae88-fbd15a4ec076,"[""CMP-20241005-01707"",""CMP-20241214-05301"",""CMP-20250718-17287""]",ICICI,savings,Rajasthan,153600.00,3,False
d1447cad-2fda-4f98-a883-ada12a2dffee,"[""CMP-20241201-04639"",""CMP-20241225-05825"",""CMP-20250108-06568"",""CMP-20250116-07020"",""CMP-20250306-09628"",""CMP-20250411-11665"",""CMP-20250804-18360"",""CMP-20250827-19673""]",Paytm Payments Bank,savings,Rajasthan,278300.00,8,True
2827c913-5a2b-49c4-a959-7dc2fdae4410,"[""CMP-20240908-00366"",""CMP-20241204-04754"",""CMP-20250124-07484"",""CMP-20250403-11214"",""CMP-20250515-13557"",""CMP-20250601-14575"",""CMP-20250608-14950"",""CMP-20250630-16263""]",SBI,savings,Jharkhand,648800.00,8,True
0a659502-e8f7-4e9e-aa47-3d6ab9902aa8,"[""CMP-20241207-04880"",""CMP-20241229-06060"",""CMP-20250122-07330"",""CMP-20250209-08310"",""CMP-20250311-09927"",""CMP-20250331-11052""]",Airtel Payments Bank,wallet,Rajasthan,525800.00,6,False
4089a3d6-ce93-418f-aadf-bbd45e0420ed,"[""CMP-20240922-01031"",""CMP-20241106-03314"",""CMP-20250103-06301"",""CMP-20250306-09637"",""CMP-20250422-12329"",""CMP-20250503-12919"",""CMP-20250622-15808"",""CMP-20250704-16473"",""CMP-20250712-16984""]",Axis Bank,savings,Jharkhand,413100.00,9,False
1b61deff-9d6b-4ab6-a76f-182c0de10e25,"[""CMP-20241012-02031"",""CMP-20241027-02836"",""CMP-20241110-03542"",""CMP-20250217-08740"",""CMP-20250501-12747"",""CMP-20250511-13324"",""CMP-20250516-13585"",""CMP-20250612-15190"",""CMP-20250826-19648""]",ICICI,savings,Tamil Nadu,521200.00,9,True
21934c31-240e-47e0-abea-4dd6c4282d02,"[""CMP-20241222-05697"",""CMP-20250123-07374"",""CMP-20250330-10969"",""CMP-20250418-12056"",""CMP-20250513-13429"",""CMP-20250528-14302"",""CMP-20250615-15350"",""CMP-20250710-16865"",""CMP-20250722-17548""]",Paytm Payments Bank,savings,Rajasthan,274600.00,9,False
28ecb894-0bf8-4c3d-a023-415ab6881d35,"[""CMP-20240906-00232"",""CMP-20240917-00795"",""CMP-20250110-06658"",""CMP-20250220-08901"",""CMP-20250311-09932"",""CMP-20250421-12257"",""CMP-20250504-12933""]",Axis Bank,savings,Jharkhand,222500.00,7,False
f797b968-17ee-417c-a653-0e715c9c32f2,"[""CMP-20250412-11738"",""CMP-20250414-11801"",""CMP-20250526-14225"",""CMP-20250601-14557"",""CMP-20250607-14907"",""CMP-20250609-15023"",""CMP-20250713-17008"",""CMP-20250714-17094""]",Airtel Payments Bank,savings,Tamil Nadu,344300.00,8,False
e5b64d17-6c7a-4b61-a5da-81b781bdc948,"[""CMP-20240904-00137"",""CMP-20241016-02217"",""CMP-20250309-09819"",""CMP-20250315-10145"",""CMP-20250524-14115"",""CMP-20250706-16638""]",Axis Bank,savings,Jharkhand,361300.00,6,False
786ad5a1-32b0-4163-abca-fc815c4f9e56,"[""CMP-20241112-03611"",""CMP-20241213-05180"",""CMP-20250315-10148"",""CMP-20250807-18459""]",Axis Bank,savings,Maharashtra,67500.00,4,False
e6449d7f-909a-4d2a-a8ba-34c22d71204f,"[""CMP-20240923-01067"",""CMP-20241026-02764"",""CMP-20241108-03437"",""CMP-20250112-06795"",""CMP-20250322-10538"",""CMP-20250515-13541"",""CMP-20250527-14244"",""CMP-20250829-19809""]",ICICI,savings,Jharkhand,363300.00,8,True
4f12e7e6-8ff4-4123-a3ad-818cc667a41a,"[""CMP-20240920-00934"",""CMP-20240925-01184"",""CMP-20241002-01541"",""CMP-20241016-02256"",""CMP-20250621-15713"",""CMP-20250630-16239"",""CMP-20250709-16777""]",SBI,savings,Jharkhand,676700.00,7,False
cf13530d-ca2d-4f40-aece-16444213634a,"[""CMP-20250321-10436"",""CMP-20250728-17890""]",Bank of Baroda,savings,Tamil Nadu,21500.00,2,False
da2e98b9-42cd-413a-a627-e6815fe031a7,"[""CMP-20241026-02737"",""CMP-20241108-03440"",""CMP-20241109-03491"",""CMP-20250103-06336"",""CMP-20250113-06884"",""CMP-20250209-08311"",""CMP-20250210-08377"",""CMP-20250307-09700"",""CMP-20250516-13645"",""CMP-20250522-13963"",""CMP-20250827-19697""]",HDFC,savings,Rajasthan,654800.00,11,True
551e8cee-4ef3-4b4d-a834-5966bfb4f9b1,"[""CMP-20240922-01035"",""CMP-20250217-08743"",""CMP-20250319-10322"",""CMP-20250420-12164"",""CMP-20250425-12454"",""CMP-20250426-12490"",""CMP-20250516-13603"",""CMP-20250821-19285""]",Paytm Payments Bank,wallet,Rajasthan,381200.00,8,False
30711eca-cacd-47d9-a41a-2053be907d81,"[""CMP-20241107-03336"",""CMP-20241201-04627"",""CMP-20241225-05873"",""CMP-20250119-07178"",""CMP-20250206-08132"",""CMP-20250629-16176"",""CMP-20250809-18637"",""CMP-20250830-19915""]",Airtel Payments Bank,savings,Jharkhand,328500.00,8,False
db78f8ae-2932-48cc-ae3b-3accf9477429,"[""CMP-20241127-04417"",""CMP-20250210-08391"",""CMP-20250411-11643"",""CMP-20250620-15594""]",Airtel Payments Bank,wallet,Rajasthan,215300.00,4,False
f087d7e7-8754-414f-a78d-e98203bb5107,"[""CMP-20240913-00565"",""CMP-20240913-00607"",""CMP-20250416-11955"",""CMP-20250629-16212""]",HDFC,savings,Jharkhand,349200.00,4,False
119e7b4c-c079-44a2-aa55-f204c22d515e,"[""CMP-20250126-07570"",""CMP-20250612-15183"",""CMP-20250612-15191"",""CMP-20250703-16402""]",Axis Bank,savings,Rajasthan,109700.00,4,True
4e981e45-d31b-4a29-a1ae-cb5548e1c71a,"[""CMP-20241118-03976"",""CMP-20241121-04052"",""CMP-20250223-09067"",""CMP-20250330-11040"",""CMP-20250629-16192"",""CMP-20250707-16698"",""CMP-20250729-17971""]",Axis Bank,savings,West Bengal,231100.00,7,True
176db6bd-e1b1-478c-a629-57e050673442,"[""CMP-20240921-00976"",""CMP-20241030-02932"",""CMP-20241115-03776"",""CMP-20250203-07993"",""CMP-20250215-08615"",""CMP-20250601-14525"",""CMP-20250706-16662"",""CMP-20250826-19605""]",ICICI,savings,Karnataka,283900.00,8,True
654d6dcd-b27c-42ba-a6aa-47460acd212e,"[""CMP-20240902-00090"",""CMP-20241118-03966"",""CMP-20241123-04194"",""CMP-20241220-05562"",""CMP-20250118-07156"",""CMP-20250124-07424"",""CMP-20250131-07806"",""CMP-20250205-08098"",""CMP-20250221-08928"",""CMP-20250325-10721"",""CMP-20250609-15051"",""CMP-20250706-16619""]",SBI,savings,Jharkhand,455600.00,12,True
4ee01672-80e0-4906-aced-4d4b145034bc,"[""CMP-20250313-10009"",""CMP-20250315-10132"",""CMP-20250321-10474"",""CMP-20250510-13251"",""CMP-20250529-14347"",""CMP-20250729-17949""]",Canara Bank,savings,Tamil Nadu,578900.00,6,True
d34f6c83-efc1-4e7d-a91f-afe47a3adc9c,"[""CMP-20240929-01355"",""CMP-20250119-07228"",""CMP-20250420-12212"",""CMP-20250623-15839"",""CMP-20250814-18882""]",Bank of Baroda,savings,Jharkhand,355300.00,5,True
858c0ee8-9fa5-4820-a234-39de7457f044,"[""CMP-20240918-00837"",""CMP-20241028-02847"",""CMP-20241102-03111"",""CMP-20241108-03424"",""CMP-20241226-05915"",""CMP-20250125-07503"",""CMP-20250528-14278"",""CMP-20250622-15747"",""CMP-20250701-16298"",""CMP-20250802-18194""]",Airtel Payments Bank,savings,Jharkhand,369400.00,10,False
b1f08cf5-fe14-4c84-af12-0bcb0cd5ee4e,"[""CMP-20241121-04068"",""CMP-20250202-07961"",""CMP-20250207-08161"",""CMP-20250217-08761"",""CMP-20250227-09238"",""CMP-20250323-10614"",""CMP-20250514-13482"",""CMP-20250525-14122"",""CMP-20250714-17070"",""CMP-20250807-18456""]",HDFC,savings,Maharashtra,433200.00,10,True
bf7384c0-2ed5-45cb-aff2-c819bee7c139,"[""CMP-20241108-03415"",""CMP-20241112-03619"",""CMP-20241116-03863"",""CMP-20241226-05899"",""CMP-20250116-06997"",""CMP-20250328-10885"",""CMP-20250501-12777"",""CMP-20250617-15487"",""CMP-20250720-17412"",""CMP-20250819-19191""]",Airtel Payments Bank,savings,Maharashtra,477900.00,10,False
62c61a24-1429-43cc-aef8-d1eb626fc2fd,"[""CMP-20250310-09896"",""CMP-20250512-13381"",""CMP-20250608-14987""]",Airtel Payments Bank,savings,Jharkhand,31500.00,3,False
e18c31aa-b5c8-46e2-a6e5-5d108499807d,"[""CMP-20241013-02115"",""CMP-20241014-02170"",""CMP-20250422-12307"",""CMP-20250510-13276"",""CMP-20250830-19905""]",Bank of Baroda,savings,Jharkhand,387600.00,5,False
1ad783ba-b934-4f7b-a1d5-f30fb510ca9d,"[""CMP-20241001-01475"",""CMP-20241003-01584"",""CMP-20241006-01766"",""CMP-20241021-02525"",""CMP-20241220-05572"",""CMP-20250214-08552"",""CMP-20250218-08799"",""CMP-20250309-09796"",""CMP-20250830-19918""]",ICICI,savings,Uttar Pradesh,270300.00,9,True
711fccd4-aad5-4237-ac2d-fd9090dfa4b4,"[""CMP-20241004-01610"",""CMP-20241011-01968"",""CMP-20241025-02679"",""CMP-20241031-02965"",""CMP-20241125-04344"",""CMP-20241215-05326"",""CMP-20250221-08938"",""CMP-20250305-09594"",""CMP-20250416-11945"",""CMP-20250507-13088"",""CMP-20250523-14009"",""CMP-20250627-16042""]",ICICI,savings,Jharkhand,386000.00,12,True
3df55c3d-6bf6-42e6-ae69-d36261bb48b3,"[""CMP-20240904-00161"",""CMP-20250105-06427"",""CMP-20250201-07889"",""CMP-20250331-11076"",""CMP-20250810-18673"",""CMP-20250815-18923""]",ICICI,savings,Uttar Pradesh,183600.00,6,False
139af051-c9d4-4903-afae-1070df0574fd,"[""CMP-20241028-02873"",""CMP-20241206-04854"",""CMP-20250108-06571"",""CMP-20250222-08995"",""CMP-20250506-13044""]",Axis Bank,savings,Uttar Pradesh,283600.00,5,True
3e194acc-1ba1-4103-a314-c2b6fd05c8b6,"[""CMP-20241216-05378"",""CMP-20250502-12844"",""CMP-20250607-14871"",""CMP-20250701-16316"",""CMP-20250716-17178"",""CMP-20250815-18975""]",Paytm Payments Bank,savings,Maharashtra,269700.00,6,False
5ec9c543-6142-429d-abb2-ffff346f4604,"[""CMP-20250113-06865"",""CMP-20250223-09084"",""CMP-20250227-09226"",""CMP-20250417-11966"",""CMP-20250423-12340"",""CMP-20250726-17761"",""CMP-20250805-18394""]",Axis Bank,savings,Maharashtra,265900.00,7,False
312c80f6-e4bb-4533-ab31-040cc4ba6530,"[""CMP-20240904-00165"",""CMP-20240917-00766"",""CMP-20241003-01551"",""CMP-20241114-03727"",""CMP-20241228-06000"",""CMP-20250510-13269"",""CMP-20250511-13329"",""CMP-20250522-13968"",""CMP-20250616-15436"",""CMP-20250627-15999"",""CMP-20250731-18070"",""CMP-20250731-18080""]",ICICI,savings,Uttar Pradesh,631900.00,12,True
729e4c4c-ee96-47dc-ae6e-7082a70d2fe2,"[""CMP-20240921-00950"",""CMP-20241022-02563"",""CMP-20241124-04279"",""CMP-20250306-09622"",""CMP-20250314-10053"",""CMP-20250512-13417""]",SBI,savings,Tamil Nadu,195400.00,6,False
eaa70250-9c79-4b82-acae-c9936385fa02,"[""CMP-20241226-05883"",""CMP-20250111-06746"",""CMP-20250112-06820"",""CMP-20250215-08654"",""CMP-20250301-09393"",""CMP-20250529-14352"",""CMP-20250605-14778"",""CMP-20250612-15181"",""CMP-20250731-18066"",""CMP-20250814-18865"",""CMP-20250821-19266""]",ICICI,savings,Tamil Nadu,650100.00,11,True
95a7b2d4-6046-4d52-a980-7154668234a8,"[""CMP-20240928-01345"",""CMP-20241102-03100"",""CMP-20250331-11088"",""CMP-20250704-16450""]",Airtel Payments Bank,savings,Jharkhand,113500.00,4,False
9cd5408e-4cd4-4d7f-ad61-ee65d90e9ffe,"[""CMP-20241220-05593"",""CMP-20250606-14850"",""CMP-20250809-18582""]",Airtel Payments Bank,wallet,Uttar Pradesh,95800.00,3,False
a8b5b95c-b13a-49e1-a877-b6765e480d1b,"[""CMP-20250323-10586"",""CMP-20250509-13244"",""CMP-20250518-13782"",""CMP-20250626-15965"",""CMP-20250629-16175"",""CMP-20250806-18418"",""CMP-20250822-19341""]",Bank of Baroda,savings,Rajasthan,200900.00,7,False
673a6dad-a656-4c85-a0da-3853d084b53b,"[""CMP-20240910-00455"",""CMP-20241008-01837"",""CMP-20241023-02621"",""CMP-20250214-08521"",""CMP-20250424-12379"",""CMP-20250801-18159""]",Paytm Payments Bank,wallet,Uttar Pradesh,180900.00,6,False
5803d7db-b225-4486-a582-1d9c0f1cc574,"[""CMP-20250103-06338"",""CMP-20250315-10103"",""CMP-20250505-13033"",""CMP-20250508-13144"",""CMP-20250522-13947"",""CMP-20250702-16351"",""CMP-20250717-17227"",""CMP-20250718-17330""]",Paytm Payments Bank,savings,Karnataka,350300.00,8,False
74e5e178-08e9-4467-a8bf-2dad46ef204d,"[""CMP-20241211-05095"",""CMP-20241218-05484"",""CMP-20241222-05705"",""CMP-20250324-10697"",""CMP-20250407-11465"",""CMP-20250509-13211"",""CMP-20250515-13518"",""CMP-20250803-18240""]",Bank of Baroda,savings,Tamil Nadu,515900.00,8,True
9580749a-5bc6-4efb-ab69-e123ab0db2fe,"[""CMP-20241028-02856"",""CMP-20250129-07706"",""CMP-20250224-09110"",""CMP-20250309-09830"",""CMP-20250314-10047"",""CMP-20250323-10572"",""CMP-20250403-11241"",""CMP-20250817-19120"",""CMP-20250822-19308""]",ICICI,savings,Jharkhand,446500.00,9,False
3db155bb-7817-47fe-ab3a-eadc90bdf4d6,"[""CMP-20240904-00151"",""CMP-20241221-05613"",""CMP-20250118-07141"",""CMP-20250124-07462"",""CMP-20250131-07811"",""CMP-20250223-09054"",""CMP-20250323-10575"",""CMP-20250329-10895"",""CMP-20250410-11569"",""CMP-20250721-17531"",""CMP-20250817-19080"",""CMP-20250828-19729""]",HDFC,savings,Uttar Pradesh,659500.00,12,True
646142bd-6198-4dd6-ac63-7cb8c3421fac,"[""CMP-20250216-08671"",""CMP-20250401-11111"",""CMP-20250405-11301"",""CMP-20250521-13895"",""CMP-20250625-15915"",""CMP-20250704-16501""]",Canara Bank,savings,Jharkhand,256800.00,6,False
fa0a86b2-ac96-4a2c-ac21-b91da02ae0b9,"[""CMP-20240904-00176"",""CMP-20241011-01963"",""CMP-20241110-03518"",""CMP-20250203-08001"",""CMP-20250601-14551"",""CMP-20250724-17669""]",Bank of Baroda,savings,Uttar Pradesh,126800.00,6,False
8a480236-830e-481d-a0eb-5c8bad19ccaf,"[""CMP-20240918-00803"",""CMP-20241025-02705"",""CMP-20241124-04241"",""CMP-20250111-06731"",""CMP-20250204-08009"",""CMP-20250411-11621"",""CMP-20250516-13604"",""CMP-20250610-15063"",""CMP-20250701-16296"",""CMP-20250705-16547""]",Airtel Payments Bank,savings,Jharkhand,295000.00,10,False
b3974d35-3860-485e-a928-3ff62c165134,"[""CMP-20241011-01983"",""CMP-20250107-06548"",""CMP-20250121-07291"",""CMP-20250318-10284"",""CMP-20250503-12924"",""CMP-20250516-13566"",""CMP-20250606-14821"",""CMP-20250610-15077"",""CMP-20250719-17392"",""CMP-20250824-19533"",""CMP-20250826-19613""]",ICICI,savings,Karnataka,367000.00,11,False
a834af67-1710-41c6-a9e6-c933d5005292,"[""CMP-20240925-01150"",""CMP-20241008-01839"",""CMP-20241109-03460"",""CMP-20241112-03627"",""CMP-20241129-04509"",""CMP-20250112-06793"",""CMP-20250324-10677"",""CMP-20250607-14909"",""CMP-20250823-19444"",""CMP-20250831-19933""]",Bank of Baroda,savings,Tamil Nadu,438100.00,10,False
63a096e1-e090-41fb-a5b2-8e7590649a21,"[""CMP-20240912-00534"",""CMP-20240915-00691"",""CMP-20241010-01936"",""CMP-20241214-05284"",""CMP-20250210-08386"",""CMP-20250310-09869"",""CMP-20250420-12150"",""CMP-20250615-15370"",""CMP-20250823-19449""]",Indian Bank,savings,Jharkhand,693300.00,9,True
d2ca72d6-5121-4852-a86f-2ace6509e4ec,"[""CMP-20240920-00898"",""CMP-20241001-01469"",""CMP-20241027-02809"",""CMP-20241227-05968"",""CMP-20241231-06195"",""CMP-20250419-12120"",""CMP-20250601-14572"",""CMP-20250713-16996"",""CMP-20250721-17523"",""CMP-20250828-19754""]",Airtel Payments Bank,savings,Jharkhand,555400.00,10,True
bbf96a3e-0e00-4af1-aa86-44b320ab82f1,"[""CMP-20241201-04648"",""CMP-20241202-04697"",""CMP-20241212-05148"",""CMP-20241214-05256"",""CMP-20250321-10425"",""CMP-20250420-12175"",""CMP-20250601-14562""]",Canara Bank,savings,Rajasthan,220300.00,7,False
4ef332db-1f07-4811-a014-9e65424a5bab,"[""CMP-20240930-01448"",""CMP-20241004-01604"",""CMP-20241201-04630"",""CMP-20250114-06923"",""CMP-20250215-08616"",""CMP-20250406-11388"",""CMP-20250516-13627"",""CMP-20250703-16404"",""CMP-20250706-16617""]",Axis Bank,savings,Rajasthan,245000.00,9,False
e956ec10-447e-4bdb-ae31-1785bac0c244,"[""CMP-20240913-00562"",""CMP-20241209-05022"",""CMP-20241226-05906"",""CMP-20250110-06685"",""CMP-20250417-11973"",""CMP-20250626-15981"",""CMP-20250709-16782"",""CMP-20250715-17133""]",Paytm Payments Bank,savings,Uttar Pradesh,334600.00,8,False
f09bcb6c-6c2f-463c-a2c0-7be33cc89dc8,"[""CMP-20241015-02194"",""CMP-20250122-07367"",""CMP-20250223-09076"",""CMP-20250324-10665"",""CMP-20250402-11195"",""CMP-20250730-17999""]",HDFC,savings,Jharkhand,205900.00,6,False
546db7af-fca0-4322-a6f8-dc25c16f7c64,"[""CMP-20250207-08203"",""CMP-20250216-08664"",""CMP-20250316-10175"",""CMP-20250504-12985"",""CMP-20250730-17989"",""CMP-20250827-19691""]",Paytm Payments Bank,wallet,West Bengal,166900.00,6,False
36f9c2c4-f86e-4866-a78d-6faf47d4b642,"[""CMP-20241006-01754"",""CMP-20241216-05405"",""CMP-20250216-08695"",""CMP-20250222-09013"",""CMP-20250301-09375"",""CMP-20250323-10651"",""CMP-20250413-11763"",""CMP-20250429-12677""]",Bank of Baroda,savings,Rajasthan,545000.00,8,False
61010278-e20c-4361-a1ac-66ded78d2b48,"[""CMP-20241125-04322"",""CMP-20241206-04871"",""CMP-20250104-06352"",""CMP-20250121-07289"",""CMP-20250705-16582"",""CMP-20250728-17901""]",Canara Bank,savings,Uttar Pradesh,166300.00,6,True
76b6269d-16b6-46e3-a393-65a01fa301be,"[""CMP-20241030-02925"",""CMP-20241117-03915"",""CMP-20241210-05077"",""CMP-20241215-05317"",""CMP-20250129-07704"",""CMP-20250212-08478"",""CMP-20250322-10570"",""CMP-20250504-12938"",""CMP-20250619-15588"",""CMP-20250712-16971""]",Bank of Baroda,savings,Uttar Pradesh,327400.00,10,False
c229f2f0-bc47-448d-a961-0d557551eae8,"[""CMP-20240913-00610"",""CMP-20250414-11823"",""CMP-20250714-17111"",""CMP-20250725-17722"",""CMP-20250726-17807"",""CMP-20250801-18158""]",Indian Bank,savings,Uttar Pradesh,235200.00,6,False
331425ed-3bb3-41d1-ad67-52cab6d3e7e9,"[""CMP-20241108-03399"",""CMP-20250115-06966"",""CMP-20250221-08912"",""CMP-20250426-12514"",""CMP-20250501-12794"",""CMP-20250509-13217"",""CMP-20250803-18276""]",HDFC,savings,Rajasthan,561300.00,7,True
1e17469e-e4da-457d-a0ad-97505a47f1ac,"[""CMP-20241219-05499"",""CMP-20250512-13414"",""CMP-20250624-15879""]",Airtel Payments Bank,wallet,Tamil Nadu,89700.00,3,True
ed6b7d58-9d8e-45c9-a3be-10bd10a186af,"[""CMP-20241026-02758"",""CMP-20241101-03046"",""CMP-20241216-05396"",""CMP-20250419-12082"",""CMP-20250510-13311"",""CMP-20250524-14099""]",Indian Bank,savings,Tamil Nadu,220100.00,6,False
eb7bd661-63a2-4c92-a253-d073c543bd5d,"[""CMP-20240926-01220"",""CMP-20241008-01818"",""CMP-20241118-03928"",""CMP-20250331-11075"",""CMP-20250619-15585"",""CMP-20250703-16400"",""CMP-20250722-17545""]",Indian Bank,savings,Jharkhand,422100.00,7,False
7a0f3f9c-de8a-48f3-a9e0-24d21e893049,"[""CMP-20240922-01030"",""CMP-20241006-01741"",""CMP-20250319-10320"",""CMP-20250531-14486"",""CMP-20250826-19612""]",SBI,savings,Tamil Nadu,265100.00,5,False
9b3de800-f005-436e-a877-f019f5bf7aa5,"[""CMP-20241222-05672"",""CMP-20250308-09756"",""CMP-20250511-13371"",""CMP-20250523-13986""]",Airtel Payments Bank,wallet,Jharkhand,255600.00,4,False
6d6fe3b7-a627-4363-af0f-aa3eb3486ad1,"[""CMP-20240909-00423"",""CMP-20241221-05643"",""CMP-20250628-16133""]",Bank of Baroda,savings,Rajasthan,95200.00,3,False
b266ffa4-5097-4aa5-aa6e-18a2450c1d4d,"[""CMP-20240920-00935"",""CMP-20241105-03251"",""CMP-20241115-03794"",""CMP-20241130-04575"",""CMP-20250109-06606"",""CMP-20250119-07197"",""CMP-20250202-07939"",""CMP-20250327-10797"",""CMP-20250710-16849""]",Indian Bank,savings,Rajasthan,303400.00,9,True
16415d22-f72a-4ced-a61c-e47bff6bae39,"[""CMP-20240901-00020"",""CMP-20241122-04124"",""CMP-20250110-06678"",""CMP-20250222-08988"",""CMP-20250302-09405"",""CMP-20250308-09731"",""CMP-20250420-12190"",""CMP-20250725-17674"",""CMP-20250725-17731""]",ICICI,savings,Uttar Pradesh,280500.00,9,False
e95d41f4-e804-4486-acb6-7f35cfdfd8a1,"[""CMP-20241111-03581"",""CMP-20250117-07084"",""CMP-20250209-08297"",""CMP-20250223-09068"",""CMP-20250726-17772""]",Airtel Payments Bank,wallet,Jharkhand,216700.00,5,False
dcb127c6-2555-4e8f-a867-d860e3a21f70,"[""CMP-20241028-02866"",""CMP-20241222-05719"",""CMP-20250520-13886"",""CMP-20250609-15010"",""CMP-20250805-18384""]",Indian Bank,savings,Rajasthan,169500.00,5,True
f2c9bdb5-2bf9-4cf8-a886-9a80db2b12df,"[""CMP-20241027-02796"",""CMP-20241116-03846"",""CMP-20250606-14820"",""CMP-20250620-15600"",""CMP-20250823-19389"",""CMP-20250830-19924""]",SBI,savings,Rajasthan,401900.00,6,False
0fb2f82b-fd3f-49b9-a334-c5a4825b7807,"[""CMP-20241028-02878"",""CMP-20250211-08429"",""CMP-20250320-10397"",""CMP-20250412-11677"",""CMP-20250504-12947"",""CMP-20250521-13916"",""CMP-20250712-16968"",""CMP-20250712-16974"",""CMP-20250803-18244""]",HDFC,savings,Rajasthan,293300.00,9,False
547ef3a0-0afe-4fdb-a4dc-74a32e360666,"[""CMP-20241118-03936"",""CMP-20241203-04716"",""CMP-20241214-05285"",""CMP-20250208-08239"",""CMP-20250213-08516"",""CMP-20250426-12531"",""CMP-20250514-13501"",""CMP-20250519-13821""]",HDFC,savings,Tamil Nadu,390700.00,8,True
e5a57e9a-f0b2-428c-a216-03b336df332b,"[""CMP-20250316-10174"",""CMP-20250415-11903"",""CMP-20250705-16572"",""CMP-20250814-18853""]",Bank of Baroda,savings,Uttar Pradesh,139500.00,4,False
a942518b-1f8c-4e91-ab1e-acdab531dc2c,"[""CMP-20241117-03896"",""CMP-20241207-04908"",""CMP-20250305-09562"",""CMP-20250412-11732"",""CMP-20250829-19810""]",Indian Bank,savings,Jharkhand,484000.00,5,False
ddc0d6c5-4866-41f1-a243-48d4d9405524,"[""CMP-20240901-00048"",""CMP-20240911-00465"",""CMP-20250202-07951"",""CMP-20250206-08134"",""CMP-20250427-12576"",""CMP-20250514-13508"",""CMP-20250528-14289"",""CMP-20250613-15265"",""CMP-20250621-15692"",""CMP-20250622-15755"",""CMP-20250710-16804"",""CMP-20250719-17362""]",Canara Bank,savings,Jharkhand,847800.00,12,True
fec0c2d2-8ac4-41cc-a0ba-14301e887a79,"[""CMP-20240921-00979"",""CMP-20241011-01950"",""CMP-20250113-06852"",""CMP-20250126-07558"",""CMP-20250210-08389"",""CMP-20250708-16743"",""CMP-20250810-18654""]",Canara Bank,savings,West Bengal,339800.00,7,False
afd1e07b-1139-4a0c-afef-bc4a9ea9a3d5,"[""CMP-20241102-03088"",""CMP-20241215-05319"",""CMP-20250223-09031"",""CMP-20250601-14573"",""CMP-20250614-15308"",""CMP-20250717-17216""]",Canara Bank,savings,Tamil Nadu,224000.00,6,False
38153d4f-bb86-46be-af16-a6cddd5a021f,"[""CMP-20240912-00516"",""CMP-20240914-00638"",""CMP-20241020-02484"",""CMP-20241214-05277"",""CMP-20250219-08840"",""CMP-20250225-09163"",""CMP-20250309-09842"",""CMP-20250413-11789"",""CMP-20250517-13711"",""CMP-20250604-14739"",""CMP-20250728-17925"",""CMP-20250805-18411""]",HDFC,savings,Tamil Nadu,781000.00,12,False
5b374660-8ee1-40c9-a6b8-ecf54dad3304,"[""CMP-20250208-08227"",""CMP-20250425-12464"",""CMP-20250614-15334"",""CMP-20250704-16491"",""CMP-20250718-17260"",""CMP-20250803-18279"",""CMP-20250805-18389""]",Airtel Payments Bank,wallet,Tamil Nadu,277400.00,7,False
9dee206e-74b5-49f2-a528-b287ac928ec8,"[""CMP-20240920-00931"",""CMP-20241214-05259"",""CMP-20241226-05917"",""CMP-20250308-09769"",""CMP-20250312-09971"",""CMP-20250326-10781"",""CMP-20250822-19317"",""CMP-20250824-19468""]",SBI,savings,Maharashtra,278200.00,8,False
3567c8e0-79e4-47f4-a1ef-a21b71f2823b,"[""CMP-20241003-01552"",""CMP-20241018-02340"",""CMP-20241027-02785"",""CMP-20241120-04042"",""CMP-20250225-09136"",""CMP-20250227-09240"",""CMP-20250326-10779"",""CMP-20250503-12926"",""CMP-20250617-15481"",""CMP-20250627-16029""]",Indian Bank,savings,Uttar Pradesh,609100.00,10,True
59ab30d3-9596-4679-a411-54147af745b6,"[""CMP-20241224-05789"",""CMP-20250314-10044""]",Axis Bank,savings,Uttar Pradesh,54700.00,2,False
2a7c8ec9-9b17-4fe4-a1ca-3a91ab5c0521,"[""CMP-20241120-04032"",""CMP-20241217-05423"",""CMP-20250112-06800"",""CMP-20250122-07352"",""CMP-20250208-08257"",""CMP-20250322-10534"",""CMP-20250428-12615"",""CMP-20250808-18504""]",ICICI,savings,Jharkhand,340400.00,8,False
3f5ab61e-21c3-47a7-a89d-26c8a06bbda6,"[""CMP-20241221-05648"",""CMP-20250323-10641"",""CMP-20250724-17625"",""CMP-20250807-18465""]",Paytm Payments Bank,wallet,Tamil Nadu,116600.00,4,False
78d16a64-dbf8-4c6b-a79c-857f32f601e6,"[""CMP-20241030-02958"",""CMP-20241205-04804"",""CMP-20250119-07167"",""CMP-20250709-16771"",""CMP-20250814-18876"",""CMP-20250822-19338"",""CMP-20250830-19911""]",Bank of Baroda,savings,Jharkhand,220700.00,7,True
47e54913-89b0-4f35-a194-5dd65eba7365,"[""CMP-20241029-02902"",""CMP-20250106-06480"",""CMP-20250502-12821"",""CMP-20250518-13734"",""CMP-20250807-18466""]",Bank of Baroda,savings,Maharashtra,223200.00,5,True
d65d623e-4be4-4dad-acd7-4817be7252e0,"[""CMP-20240918-00839"",""CMP-20240929-01365"",""CMP-20241024-02638"",""CMP-20241220-05569"",""CMP-20250207-08172"",""CMP-20250317-10267"",""CMP-20250327-10794"",""CMP-20250330-11018"",""CMP-20250422-12300"",""CMP-20250514-13478"",""CMP-20250604-14738"",""CMP-20250728-17903"",""CMP-20250831-19997""]",SBI,savings,Karnataka,718400.00,13,True
d76b73c6-2c3d-4d3c-a1ff-d2446584776f,"[""CMP-20241222-05693"",""CMP-20250709-16763"",""CMP-20250715-17122"",""CMP-20250812-18777""]",Airtel Payments Bank,wallet,Uttar Pradesh,117600.00,4,False
75ba110f-705d-4243-a626-4bc39f3e73f4,"[""CMP-20250527-14255"",""CMP-20250530-14429"",""CMP-20250809-18581"",""CMP-20250817-19068"",""CMP-20250821-19294""]",Bank of Baroda,savings,Jharkhand,276800.00,5,False
e5e19606-b2ce-4d1d-a02f-22f3ec6e2fdc,"[""CMP-20241022-02541"",""CMP-20241101-03037"",""CMP-20250307-09680"",""CMP-20250530-14436"",""CMP-20250702-16358"",""CMP-20250808-18517""]",Indian Bank,savings,Rajasthan,377700.00,6,False
f68e8c0e-aacb-4ea9-acbd-f3c787772aa1,"[""CMP-20250408-11507"",""CMP-20250410-11606"",""CMP-20250424-12404"",""CMP-20250709-16754""]",Paytm Payments Bank,wallet,Uttar Pradesh,80800.00,4,False
05928589-08ea-4251-aeea-f7c40e726dd7,"[""CMP-20240925-01146"",""CMP-20241030-02962"",""CMP-20241118-03938"",""CMP-20250317-10240"",""CMP-20250707-16665"",""CMP-20250720-17417"",""CMP-20250808-18506""]",Axis Bank,savings,Uttar Pradesh,449800.00,7,True
583d0b7d-d48d-4e4e-af4a-d87723004732,"[""CMP-20250117-07032"",""CMP-20250201-07891"",""CMP-20250309-09802""]",Indian Bank,savings,Uttar Pradesh,126000.00,3,False
fae7a561-3bc9-483d-a8a4-8d5ab6f242d1,"[""CMP-20241002-01514"",""CMP-20241026-02729"",""CMP-20241120-04031"",""CMP-20250313-10035"",""CMP-20250516-13652"",""CMP-20250802-18184"",""CMP-20250822-19349"",""CMP-20250830-19860""]",ICICI,savings,Tamil Nadu,258500.00,8,False
b2a8a479-8104-450c-a3a6-f4d4857e8fe2,"[""CMP-20250107-06555"",""CMP-20250111-06720"",""CMP-20250119-07226"",""CMP-20250221-08918"",""CMP-20250518-13792"",""CMP-20250722-17578"",""CMP-20250730-18014"",""CMP-20250810-18706"",""CMP-20250823-19415""]",Canara Bank,savings,Uttar Pradesh,410900.00,9,False
9abc0c26-ed4f-4d44-aba2-46e75ca636e4,"[""CMP-20240908-00378"",""CMP-20240914-00619"",""CMP-20250601-14569"",""CMP-20250629-16164""]",SBI,savings,Karnataka,205900.00,4,False
f68586d4-233c-4187-a566-b7dbed278f2c,"[""CMP-20241128-04449"",""CMP-20241222-05673"",""CMP-20241222-05703"",""CMP-20250519-13831"",""CMP-20250610-15059"",""CMP-20250829-19795""]",ICICI,savings,Tamil Nadu,145000.00,6,False
e0451cd5-ee96-45fb-a43c-3ae2ad0202fa,"[""CMP-20250323-10627"",""CMP-20250326-10763"",""CMP-20250418-12034"",""CMP-20250527-14231""]",Indian Bank,savings,Jharkhand,121200.00,4,False
7ded73c9-94da-4997-a91a-fe5b5aec52ca,"[""CMP-20240913-00581"",""CMP-20241011-02010"",""CMP-20241012-02053"",""CMP-20241216-05409"",""CMP-20250304-09541"",""CMP-20250319-10339"",""CMP-20250322-10518"",""CMP-20250514-13488"",""CMP-20250611-15109""]",Paytm Payments Bank,savings,Karnataka,650300.00,9,False
29976028-0c1a-4eea-ab3c-a2338d364a6a,"[""CMP-20240920-00895"",""CMP-20250104-06382"",""CMP-20250614-15274"",""CMP-20250801-18145"",""CMP-20250810-18655""]",SBI,savings,Jharkhand,272900.00,5,True
da84ce4b-7518-4434-ae2c-25eace2bc547,"[""CMP-20241116-03861"",""CMP-20241202-04676"",""CMP-20250215-08609"",""CMP-20250502-12817"",""CMP-20250611-15131"",""CMP-20250706-16590""]",Axis Bank,savings,Uttar Pradesh,269800.00,6,False
dda2528a-8f42-4345-afdc-daaa96895559,"[""CMP-20240915-00680"",""CMP-20241118-03972"",""CMP-20241120-04022"",""CMP-20250210-08372"",""CMP-20250222-08978"",""CMP-20250504-12996"",""CMP-20250515-13555"",""CMP-20250628-16120"",""CMP-20250718-17267""]",ICICI,savings,Rajasthan,418300.00,9,False
ccc62856-8316-461e-a05b-554e6e3cbb31,"[""CMP-20240903-00116"",""CMP-20241015-02203"",""CMP-20241116-03820"",""CMP-20250206-08112"",""CMP-20250308-09723"",""CMP-20250317-10254"",""CMP-20250616-15447"",""CMP-20250706-16655"",""CMP-20250713-17017""]",Canara Bank,savings,Maharashtra,367800.00,9,False
d794bd66-8cb2-4554-af41-5701fab46b4d,"[""CMP-20241003-01586"",""CMP-20241224-05812"",""CMP-20250130-07750"",""CMP-20250203-07983"",""CMP-20250311-09939"",""CMP-20250502-12832"",""CMP-20250518-13787"",""CMP-20250624-15906"",""CMP-20250806-18420""]",Bank of Baroda,savings,Tamil Nadu,480500.00,9,False
52d9d6ef-0b37-4628-a983-1b9b73d96334,"[""CMP-20250424-12405"",""CMP-20250428-12629"",""CMP-20250717-17246""]",Axis Bank,savings,Uttar Pradesh,47900.00,3,False
2e2fcfbf-e75f-48af-a949-822654293a15,"[""CMP-20250201-07865"",""CMP-20250207-08197"",""CMP-20250330-10980"",""CMP-20250413-11745"",""CMP-20250703-16418""]",Indian Bank,savings,Rajasthan,193300.00,5,False
f20f7994-280c-4e11-a974-734f5cbef2e2,"[""CMP-20240927-01247"",""CMP-20250118-07127"",""CMP-20250315-10121"",""CMP-20250706-16628"",""CMP-20250724-17630""]",Airtel Payments Bank,savings,Rajasthan,274300.00,5,True
fe78570b-11bf-484f-ac88-b48ffa492270,"[""CMP-20241207-04927"",""CMP-20241221-05622"",""CMP-20250523-13985"",""CMP-20250531-14509"",""CMP-20250612-15155"",""CMP-20250816-18997""]",SBI,savings,Rajasthan,498800.00,6,True
a9922373-da48-45db-ae8d-3e97fe60f03c,"[""CMP-20240922-01027"",""CMP-20241213-05175"",""CMP-20241222-05692"",""CMP-20250126-07563"",""CMP-20250130-07766"",""CMP-20250223-09037"",""CMP-20250421-12255"",""CMP-20250719-17393""]",ICICI,savings,Tamil Nadu,244900.00,8,False
87f20c2d-c318-44dd-ad49-39f5fbab8559,"[""CMP-20240911-00481"",""CMP-20241120-04020"",""CMP-20250201-07859"",""CMP-20250302-09420""]",Indian Bank,savings,Rajasthan,442400.00,4,False
2cc383b5-1a23-40ed-ac6d-72b924dc6e05,"[""CMP-20250103-06312"",""CMP-20250302-09432"",""CMP-20250505-13031"",""CMP-20250603-14650""]",Paytm Payments Bank,savings,Uttar Pradesh,261400.00,4,False
0bfca90d-8b59-4a38-a753-5fd4ed5b991d,"[""CMP-20241130-04580"",""CMP-20241201-04659"",""CMP-20241211-05112"",""CMP-20241214-05245"",""CMP-20250228-09269"",""CMP-20250325-10732"",""CMP-20250330-10974"",""CMP-20250417-11975"",""CMP-20250520-13880"",""CMP-20250606-14794"",""CMP-20250708-16713"",""CMP-20250729-17963"",""CMP-20250731-18060"",""CMP-20250823-19382"",""CMP-20250825-19568"",""CMP-20250829-19818"",""CMP-20250830-19854""]",SBI,savings,West Bengal,1091100.00,17,True
1c78f559-7189-4e75-a684-5fd82ef3948b,"[""CMP-20241231-06190"",""CMP-20250130-07754"",""CMP-20250206-08114"",""CMP-20250424-12408"",""CMP-20250608-14965"",""CMP-20250703-16407"",""CMP-20250811-18745""]",SBI,savings,Tamil Nadu,197500.00,7,True
19ee37d1-aa42-4561-a424-8d462cebf2f4,"[""CMP-20241228-06015"",""CMP-20250302-09417"",""CMP-20250309-09786"",""CMP-20250309-09816"",""CMP-20250310-09862"",""CMP-20250322-10528"",""CMP-20250322-10556"",""CMP-20250407-11461"",""CMP-20250420-12183"",""CMP-20250426-12495"",""CMP-20250714-17112"",""CMP-20250818-19173"",""CMP-20250827-19680""]",SBI,savings,Rajasthan,760100.00,13,False
1c051bf3-c2cd-46f1-af8c-1b1b2da864de,"[""CMP-20241027-02789"",""CMP-20241125-04346"",""CMP-20250218-08784"",""CMP-20250510-13270"",""CMP-20250605-14779""]",Bank of Baroda,savings,Jharkhand,182800.00,5,False
37675bfd-e92d-4383-ab07-b26f2fe8d5d7,"[""CMP-20241124-04268"",""CMP-20250101-06207"",""CMP-20250227-09267"",""CMP-20250317-10263"",""CMP-20250716-17209""]",SBI,savings,Uttar Pradesh,169500.00,5,False
b5c4c7c2-f392-4a2f-aeee-002c5480e70c,"[""CMP-20241124-04247"",""CMP-20241124-04258"",""CMP-20250401-11106"",""CMP-20250420-12169"",""CMP-20250609-15007"",""CMP-20250628-16065"",""CMP-20250709-16765"",""CMP-20250825-19594""]",Axis Bank,savings,Rajasthan,411000.00,8,False
7d5a6bef-1f0b-407a-a831-1312b5cfc9e4,"[""CMP-20240929-01360"",""CMP-20240929-01366"",""CMP-20250109-06601"",""CMP-20250309-09820"",""CMP-20250323-10581"",""CMP-20250410-11589"",""CMP-20250516-13609"",""CMP-20250528-14317"",""CMP-20250721-17510""]",Canara Bank,savings,Rajasthan,576500.00,9,True
97628a32-1ed7-4bd8-a287-cb02dee9f363,"[""CMP-20241124-04276"",""CMP-20250130-07764"",""CMP-20250202-07938"",""CMP-20250324-10662"",""CMP-20250330-11017"",""CMP-20250411-11653""]",HDFC,savings,Uttar Pradesh,151300.00,6,False
0073b814-7645-4643-a91a-560d39e0f96c,"[""CMP-20240918-00836"",""CMP-20250404-11292""]",Indian Bank,savings,Jharkhand,45600.00,2,False
9c3f9f5b-4060-4d7c-af03-bafe0c6615ed,"[""CMP-20241208-04979"",""CMP-20250404-11273"",""CMP-20250806-18419"",""CMP-20250821-19282"",""CMP-20250831-19942""]",Paytm Payments Bank,savings,Karnataka,214400.00,5,False
63935c1e-232f-495c-ae94-23cab1c2f208,"[""CMP-20241206-04861"",""CMP-20250104-06401"",""CMP-20250210-08371"",""CMP-20250304-09513""]",Axis Bank,savings,Uttar Pradesh,254700.00,4,False
b448b6d1-cb65-40cc-aa63-36b8c7c85416,"[""CMP-20240913-00575"",""CMP-20241129-04488"",""CMP-20241204-04739"",""CMP-20241213-05189"",""CMP-20250210-08382"",""CMP-20250318-10294"",""CMP-20250322-10567"",""CMP-20250406-11414"",""CMP-20250406-11434"",""CMP-20250525-14172"",""CMP-20250605-14774"",""CMP-20250713-17046"",""CMP-20250818-19134""]",Paytm Payments Bank,wallet,Jharkhand,321100.00,13,True
85aeafb9-2525-4381-ae87-daa996266d7b,"[""CMP-20240919-00858"",""CMP-20240925-01186"",""CMP-20241107-03345"",""CMP-20250125-07492"",""CMP-20250602-14593"",""CMP-20250711-16876""]",SBI,savings,Tamil Nadu,137000.00,6,True
046860e9-c8b9-47d7-a56b-d8af5ef40b0b,"[""CMP-20241110-03540"",""CMP-20241124-04287"",""CMP-20250319-10345"",""CMP-20250509-13207"",""CMP-20250603-14659"",""CMP-20250710-16853"",""CMP-20250814-18860""]",ICICI,savings,Maharashtra,347000.00,7,True
d4cf41ea-8b10-455c-a49f-7067278c89b8,"[""CMP-20240928-01316"",""CMP-20241010-01903"",""CMP-20241109-03462"",""CMP-20241219-05522"",""CMP-20250112-06776"",""CMP-20250307-09696"",""CMP-20250508-13159""]",Paytm Payments Bank,savings,Jharkhand,305800.00,7,True
691dd8ba-6335-4256-acde-bdac0d992c17,"[""CMP-20240918-00821"",""CMP-20240929-01374"",""CMP-20241102-03113"",""CMP-20250128-07680"",""CMP-20250331-11059"",""CMP-20250728-17881"",""CMP-20250803-18290""]",Canara Bank,savings,Uttar Pradesh,216900.00,7,False
b3773a3f-8063-4e7c-a05d-45d0a31b0e6c,"[""CMP-20240922-01009"",""CMP-20241221-05656"",""CMP-20250110-06711"",""CMP-20250317-10257"",""CMP-20250427-12582"",""CMP-20250603-14639"",""CMP-20250629-16197"",""CMP-20250729-17965"",""CMP-20250805-18407"",""CMP-20250812-18781""]",Paytm Payments Bank,wallet,Tamil Nadu,518300.00,10,True
676582c5-3736-4ffb-aeab-c1746d7a5b26,"[""CMP-20240919-00874"",""CMP-20240922-01034"",""CMP-20250102-06275"",""CMP-20250105-06451"",""CMP-20250419-12131"",""CMP-20250518-13739""]",Paytm Payments Bank,savings,Tamil Nadu,257600.00,6,True
4a0961ce-3f24-433e-ab68-dae2804c26c9,"[""CMP-20241211-05106"",""CMP-20250211-08433"",""CMP-20250221-08934"",""CMP-20250318-10309"",""CMP-20250405-11341"",""CMP-20250701-16315"",""CMP-20250705-16570""]",Bank of Baroda,savings,Tamil Nadu,368300.00,7,True
b359c00a-6c8e-484e-a8b0-b8e99811dd88,"[""CMP-20241005-01692"",""CMP-20241213-05190"",""CMP-20250213-08494"",""CMP-20250509-13238"",""CMP-20250606-14825"",""CMP-20250821-19262""]",ICICI,savings,Jharkhand,275900.00,6,False
ab9d9aea-4c0f-4089-a906-06e28550d290,"[""CMP-20241108-03429"",""CMP-20250615-15354"",""CMP-20250619-15591"",""CMP-20250716-17202"",""CMP-20250815-18901""]",Paytm Payments Bank,wallet,Jharkhand,287700.00,5,True
0887d1ec-cd48-4c1f-abfc-25253f9a358d,"[""CMP-20241021-02495"",""CMP-20241208-04975"",""CMP-20241230-06121"",""CMP-20250209-08336"",""CMP-20250215-08651"",""CMP-20250302-09400"",""CMP-20250412-11675"",""CMP-20250516-13615"",""CMP-20250523-13988"",""CMP-20250629-16152"",""CMP-20250723-17586"",""CMP-20250728-17906""]",ICICI,savings,Rajasthan,640100.00,12,True
1bf2dff4-35ab-4656-a9df-d0a1d7f51779,"[""CMP-20241010-01893"",""CMP-20241224-05798"",""CMP-20250116-06982"",""CMP-20250330-11009"",""CMP-20250716-17205"",""CMP-20250829-19836"",""CMP-20250831-19959""]",Axis Bank,savings,Tamil Nadu,266600.00,7,True
af7ad9a9-dbf0-4a85-a82d-2204f0b26324,"[""CMP-20240911-00501"",""CMP-20241006-01744"",""CMP-20241108-03425"",""CMP-20241110-03551"",""CMP-20241123-04161"",""CMP-20241213-05185"",""CMP-20241217-05448"",""CMP-20250125-07522"",""CMP-20250317-10234"",""CMP-20250415-11840"",""CMP-20250426-12525"",""CMP-20250801-18115"",""CMP-20250822-19323"",""CMP-20250830-19845""]",SBI,savings,Rajasthan,665400.00,14,True
6806289a-9caa-470e-a569-19bc3459ae03,"[""CMP-20241130-04611"",""CMP-20241204-04768"",""CMP-20241205-04795"",""CMP-20250205-08087"",""CMP-20250412-11693"",""CMP-20250629-16220""]",Canara Bank,savings,Karnataka,170300.00,6,True
6ea7b250-3364-4ed9-af37-145e929b2b99,"[""CMP-20241010-01937"",""CMP-20241114-03738"",""CMP-20241227-05935"",""CMP-20250128-07652"",""CMP-20250223-09072"",""CMP-20250415-11894"",""CMP-20250724-17621"",""CMP-20250726-17738""]",HDFC,savings,Rajasthan,333000.00,8,False
efdbda4b-c699-43e8-afce-4f633bcc0fa2,"[""CMP-20240903-00117"",""CMP-20241105-03277"",""CMP-20241225-05828"",""CMP-20250130-07751"",""CMP-20250211-08393"",""CMP-20250221-08916"",""CMP-20250410-11585"",""CMP-20250506-13069""]",Airtel Payments Bank,wallet,Jharkhand,347300.00,8,False
d558b60d-8422-45d3-a49e-c39fec39934c,"[""CMP-20240928-01299"",""CMP-20241021-02522"",""CMP-20250216-08683"",""CMP-20250228-09273"",""CMP-20250704-16440"",""CMP-20250801-18121"",""CMP-20250815-18929"",""CMP-20250815-18956"",""CMP-20250822-19343""]",Paytm Payments Bank,wallet,Uttar Pradesh,228000.00,9,False
affa23e1-1b93-44bb-aa1a-cd2dd223806d,"[""CMP-20241004-01618"",""CMP-20241102-03124"",""CMP-20241124-04281"",""CMP-20241129-04506"",""CMP-20250201-07899"",""CMP-20250810-18669""]",SBI,savings,West Bengal,284100.00,6,False
f78b8ed0-4cbf-43ce-a19a-6064f65aa4ed,"[""CMP-20250106-06497"",""CMP-20250314-10066"",""CMP-20250531-14496"",""CMP-20250715-17121""]",Indian Bank,savings,Jharkhand,142200.00,4,False
e96bf029-101b-40f6-ac47-659fe378fbcf,"[""CMP-20241224-05814"",""CMP-20250328-10887"",""CMP-20250414-11826"",""CMP-20250613-15248"",""CMP-20250620-15641"",""CMP-20250813-18813""]",HDFC,savings,Rajasthan,109300.00,6,False
88b789f7-d085-496d-ab8f-87acf602991b,"[""CMP-20241001-01491"",""CMP-20241027-02814"",""CMP-20241225-05834"",""CMP-20250306-09625"",""CMP-20250508-13126"",""CMP-20250715-17126"",""CMP-20250805-18369"",""CMP-20250829-19834""]",Paytm Payments Bank,wallet,Jharkhand,213800.00,8,False
995309be-ee86-46df-a661-a3f56fe4ffc3,"[""CMP-20241205-04772"",""CMP-20241206-04816"",""CMP-20250204-08047"",""CMP-20250215-08612"",""CMP-20250401-11113"",""CMP-20250524-14108"",""CMP-20250627-16052"",""CMP-20250816-19045""]",ICICI,savings,Uttar Pradesh,365200.00,8,False
187fb26b-c3e5-4c00-af6a-a92bd430535c,"[""CMP-20241110-03553"",""CMP-20250122-07364"",""CMP-20250218-08776"",""CMP-20250222-09023"",""CMP-20250512-13386""]",Bank of Baroda,savings,Maharashtra,126200.00,5,False
2bf2f2cb-aef8-4d94-add3-b8047ae1c8b4,"[""CMP-20241223-05765"",""CMP-20250205-08076"",""CMP-20250305-09582"",""CMP-20250315-10102""]",Axis Bank,savings,Rajasthan,147200.00,4,True
cb641509-8144-453d-a7ef-bdf9508be5ce,"[""CMP-20241025-02691"",""CMP-20250104-06392"",""CMP-20250108-06591"",""CMP-20250301-09382"",""CMP-20250506-13062"",""CMP-20250621-15729""]",Bank of Baroda,savings,Tamil Nadu,141100.00,6,False
2fbbd954-fc40-4cd1-a315-3c9aca2c24d4,"[""CMP-20241017-02291"",""CMP-20250127-07628"",""CMP-20250311-09942"",""CMP-20250427-12594"",""CMP-20250509-13175"",""CMP-20250628-16089"",""CMP-20250710-16836"",""CMP-20250728-17922"",""CMP-20250809-18631"",""CMP-20250813-18820""]",Airtel Payments Bank,wallet,Jharkhand,300900.00,10,False
751f505b-8805-486a-aca1-3f534187e1a2,"[""CMP-20241018-02351"",""CMP-20250118-07119"",""CMP-20250205-08094"",""CMP-20250314-10080"",""CMP-20250416-11932"",""CMP-20250427-12567"",""CMP-20250524-14086"",""CMP-20250610-15073"",""CMP-20250613-15198""]",Indian Bank,savings,Karnataka,383200.00,9,False
0ea787c9-7c08-4eac-aa30-71322e528ddb,"[""CMP-20240913-00588"",""CMP-20241127-04409"",""CMP-20250508-13128"",""CMP-20250512-13413"",""CMP-20250712-16985"",""CMP-20250714-17092""]",Bank of Baroda,savings,Tamil Nadu,434000.00,6,False
76a999b2-9d14-475e-a9bf-83a02ac37ee7,"[""CMP-20240922-01015"",""CMP-20250218-08789"",""CMP-20250219-08842"",""CMP-20250415-11901""]",Indian Bank,savings,Jharkhand,106300.00,4,False
726bd098-8a93-4ec2-ab6b-f0f73b3b4edc,"[""CMP-20240903-00125"",""CMP-20241024-02671"",""CMP-20250118-07107"",""CMP-20250228-09316"",""CMP-20250307-09674""]",Indian Bank,savings,Uttar Pradesh,349300.00,5,False
7d2f04ef-653e-400d-aac4-7268fecee62e,"[""CMP-20241029-02900"",""CMP-20241130-04568"",""CMP-20250201-07868""]",Bank of Baroda,savings,West Bengal,126300.00,3,False
de66146a-c3ea-4977-a30c-0b5f81a3826a,"[""CMP-20241005-01649"",""CMP-20241006-01751"",""CMP-20241130-04594"",""CMP-20250111-06732"",""CMP-20250217-08756"",""CMP-20250314-10088"",""CMP-20250528-14313"",""CMP-20250610-15083"",""CMP-20250811-18732""]",Bank of Baroda,savings,Uttar Pradesh,179100.00,9,False
e2d45f70-5942-4414-abb8-a553c9a47d9c,"[""CMP-20241104-03193"",""CMP-20250117-07083"",""CMP-20250209-08312"",""CMP-20250224-09116"",""CMP-20250406-11406"",""CMP-20250620-15599""]",ICICI,savings,Uttar Pradesh,362400.00,6,False
782d5758-4bcf-4a1d-a2e9-a35785d633b6,"[""CMP-20241122-04117"",""CMP-20250304-09512"",""CMP-20250430-12737"",""CMP-20250529-14326"",""CMP-20250608-14959"",""CMP-20250620-15623"",""CMP-20250731-18096""]",Canara Bank,savings,Maharashtra,453300.00,7,False
05a83f77-89cb-475a-a33e-095681f45417,"[""CMP-20241123-04185"",""CMP-20250218-08813"",""CMP-20250314-10065"",""CMP-20250409-11549"",""CMP-20250601-14529"",""CMP-20250617-15499""]",Airtel Payments Bank,savings,Rajasthan,352700.00,6,False
4d090d2a-00bc-4f75-afbe-164e9439b419,"[""CMP-20241102-03084"",""CMP-20241206-04866"",""CMP-20250202-07929"",""CMP-20250327-10784"",""CMP-20250620-15610"",""CMP-20250628-16103""]",Indian Bank,savings,Uttar Pradesh,255700.00,6,False
2bdb8aa2-199b-4f03-ac3b-12ce0dfa9c06,"[""CMP-20240906-00246"",""CMP-20241227-05961"",""CMP-20250412-11712"",""CMP-20250518-13759""]",HDFC,savings,Jharkhand,533500.00,4,True
6dfb65a1-79ad-4fa5-aecb-9fe998961d46,"[""CMP-20241011-01989"",""CMP-20241019-02381"",""CMP-20250710-16851"",""CMP-20250808-18568""]",ICICI,savings,Uttar Pradesh,199400.00,4,False
a6f54e8b-a61d-4f08-a2a7-a886df3b05d2,"[""CMP-20241001-01494"",""CMP-20241017-02297"",""CMP-20241219-05504"",""CMP-20250127-07604"",""CMP-20250214-08569"",""CMP-20250626-15968""]",Paytm Payments Bank,savings,Rajasthan,227900.00,6,False
8a596f7e-6e50-4079-ac6e-a2e4aa91a7d3,"[""CMP-20250604-14708""]",Indian Bank,savings,Tamil Nadu,21200.00,1,False
580d2f43-5774-4042-aac0-3aca71950398,"[""CMP-20241115-03804"",""CMP-20250510-13252"",""CMP-20250701-16289"",""CMP-20250814-18874""]",SBI,savings,Jharkhand,91900.00,4,False
63d10bfd-0253-48aa-a95b-fefbe58f711a,"[""CMP-20241017-02289"",""CMP-20241021-02494"",""CMP-20241024-02660"",""CMP-20241117-03902"",""CMP-20250311-09941"",""CMP-20250412-11714"",""CMP-20250523-14002""]",Airtel Payments Bank,wallet,Jharkhand,157400.00,7,True
5a07c0fa-8e5e-48b8-afe1-ec9dc635486d,"[""CMP-20240922-01019"",""CMP-20241109-03450"",""CMP-20241228-06045"",""CMP-20250316-10198"",""CMP-20250503-12872"",""CMP-20250726-17798"",""CMP-20250729-17947"",""CMP-20250803-18308"",""CMP-20250825-19566""]",Paytm Payments Bank,savings,Karnataka,497400.00,9,False
de8728d5-b401-4350-aefa-93caf3378ecd,"[""CMP-20241119-03986"",""CMP-20250606-14838"",""CMP-20250702-16377"",""CMP-20250819-19189""]",SBI,savings,Karnataka,200300.00,4,False
aca1e025-3cd8-41ef-a5d6-48576d515ecc,"[""CMP-20240919-00872"",""CMP-20240920-00932"",""CMP-20241012-02044"",""CMP-20241207-04921"",""CMP-20250629-16208"",""CMP-20250815-18971"",""CMP-20250822-19358""]",ICICI,savings,Rajasthan,277700.00,7,False
c0c4df0d-5d60-43cc-a81d-56f89665626d,"[""CMP-20240906-00237"",""CMP-20241116-03845"",""CMP-20250722-17560""]",Paytm Payments Bank,wallet,Rajasthan,85500.00,3,True
02afa319-4dfc-481b-ae7c-561f2be6396f,"[""CMP-20240903-00100"",""CMP-20250119-07234"",""CMP-20250203-07974"",""CMP-20250411-11644"",""CMP-20250427-12580"",""CMP-20250623-15830"",""CMP-20250720-17416""]",SBI,savings,Jharkhand,171100.00,7,False
ff52f63a-736e-49fd-a5a9-671789f8c78d,"[""CMP-20241019-02411"",""CMP-20241128-04445"",""CMP-20241128-04447"",""CMP-20250108-06593"",""CMP-20250217-08746"",""CMP-20250412-11731"",""CMP-20250419-12125"",""CMP-20250527-14243"",""CMP-20250720-17422"",""CMP-20250731-18081"",""CMP-20250804-18352"",""CMP-20250818-19144""]",Bank of Baroda,savings,West Bengal,924200.00,12,True
a0f69389-f608-4cb3-a91a-500a30b9d79b,"[""CMP-20241014-02135"",""CMP-20241106-03311"",""CMP-20250207-08149"",""CMP-20250525-14180"",""CMP-20250708-16736"",""CMP-20250821-19300"",""CMP-20250825-19542""]",Paytm Payments Bank,savings,Uttar Pradesh,352900.00,7,True
9a993b17-bbed-4a84-a277-689439cf61cf,"[""CMP-20250117-07097"",""CMP-20250206-08116"",""CMP-20250531-14456"",""CMP-20250720-17446""]",Airtel Payments Bank,wallet,Uttar Pradesh,171700.00,4,False
dcd8e01e-5ae8-40aa-a16d-e2752043bee7,"[""CMP-20240907-00312"",""CMP-20241222-05708"",""CMP-20250222-08981"",""CMP-20250429-12661"",""CMP-20250527-14259""]",Paytm Payments Bank,wallet,Maharashtra,90000.00,5,False
6554b945-4ab5-43d9-a361-fc956cbf83f6,"[""CMP-20241111-03599"",""CMP-20241205-04787"",""CMP-20241208-04965"",""CMP-20241231-06174"",""CMP-20250120-07268"",""CMP-20250126-07548"",""CMP-20250215-08641"",""CMP-20250606-14842"",""CMP-20250814-18866"",""CMP-20250825-19582""]",SBI,savings,Rajasthan,292600.00,10,False
a5919686-adfb-487a-a226-1262cc025d3a,"[""CMP-20241216-05413"",""CMP-20250415-11849"",""CMP-20250420-12199"",""CMP-20250502-12800"",""CMP-20250602-14612"",""CMP-20250621-15709"",""CMP-20250715-17137""]",HDFC,savings,Karnataka,270100.00,7,True
7d301b84-3075-4525-ade9-f1ebe4b315b7,"[""CMP-20240913-00586"",""CMP-20240919-00866"",""CMP-20241115-03760"",""CMP-20241117-03868"",""CMP-20241214-05237"",""CMP-20250102-06252"",""CMP-20250401-11100"",""CMP-20250605-14787"",""CMP-20250801-18141""]",Paytm Payments Bank,wallet,Rajasthan,496800.00,9,False
2a5eaa31-2a34-4f84-af27-037936a7b92d,"[""CMP-20241211-05102"",""CMP-20250329-10929"",""CMP-20250523-14010"",""CMP-20250610-15072"",""CMP-20250717-17224""]",Paytm Payments Bank,savings,Uttar Pradesh,149800.00,5,False
046bf9b7-1757-4265-a60f-131147e4448c,"[""CMP-20241006-01765"",""CMP-20241204-04738"",""CMP-20241210-05062"",""CMP-20250104-06385"",""CMP-20250224-09098"",""CMP-20250226-09217"",""CMP-20250316-10169"",""CMP-20250322-10537"",""CMP-20250808-18523""]",Bank of Baroda,savings,Rajasthan,249900.00,9,False
08f12858-4b79-4594-a173-1e2525f1794e,"[""CMP-20241202-04695"",""CMP-20241213-05168"",""CMP-20250107-06559"",""CMP-20250329-10905"",""CMP-20250412-11704"",""CMP-20250525-14170"",""CMP-20250612-15157"",""CMP-20250710-16819"",""CMP-20250805-18373"",""CMP-20250820-19248""]",Canara Bank,savings,Jharkhand,344000.00,10,False
6f2d40e7-ca39-4e66-a53a-d84d8dca5d4c,"[""CMP-20241108-03398"",""CMP-20241215-05310"",""CMP-20250224-09133"",""CMP-20250530-14431"",""CMP-20250612-15173""]",Paytm Payments Bank,savings,Tamil Nadu,234900.00,5,False
3e5841d3-48f5-4e5f-ae1f-bec16517c2cd,"[""CMP-20240911-00466"",""CMP-20241020-02449"",""CMP-20241104-03215"",""CMP-20241108-03391"",""CMP-20241208-04935"",""CMP-20241211-05118""]",Paytm Payments Bank,wallet,Maharashtra,219800.00,6,False
83721aea-318a-4ca5-aacd-4c6863d56f55,"[""CMP-20241227-05930"",""CMP-20250124-07443"",""CMP-20250309-09817"",""CMP-20250317-10266""]",Paytm Payments Bank,wallet,Jharkhand,446200.00,4,False
306d42d9-70a3-4322-a094-0120094139e6,"[""CMP-20241101-03052"",""CMP-20241111-03601"",""CMP-20241206-04824"",""CMP-20241209-05004"",""CMP-20241213-05174"",""CMP-20250222-09014"",""CMP-20250319-10332"",""CMP-20250325-10701"",""CMP-20250412-11702"",""CMP-20250508-13145"",""CMP-20250726-17787"",""CMP-20250819-19208""]",Indian Bank,savings,Uttar Pradesh,334400.00,12,True
8d57d2e0-dc6f-4bd4-a649-0143dd879861,"[""CMP-20240911-00502"",""CMP-20240929-01368"",""CMP-20241017-02290"",""CMP-20241107-03353"",""CMP-20241222-05670"",""CMP-20250105-06465"",""CMP-20250128-07646"",""CMP-20250304-09516"",""CMP-20250426-12541"",""CMP-20250709-16781""]",SBI,savings,Maharashtra,440600.00,10,True
eb3fa86f-9085-424d-a69d-b9e722f749de,"[""CMP-20240921-00942"",""CMP-20240930-01444"",""CMP-20241012-02066"",""CMP-20241023-02586"",""CMP-20241117-03899"",""CMP-20250101-06213"",""CMP-20250104-06388"",""CMP-20250117-07046"",""CMP-20250529-14342""]",Paytm Payments Bank,savings,Jharkhand,249300.00,9,False
8a2cd444-421d-4568-a54c-3d5c215bf3ba,"[""CMP-20250101-06223"",""CMP-20250110-06648"",""CMP-20250114-06931"",""CMP-20250206-08133"",""CMP-20250212-08449"",""CMP-20250305-09602"",""CMP-20250512-13382""]",Axis Bank,savings,Tamil Nadu,177300.00,7,False
1c553229-1824-4724-afbe-17de65379e47,"[""CMP-20240911-00508"",""CMP-20241124-04306"",""CMP-20241128-04470"",""CMP-20241226-05907"",""CMP-20250105-06459"",""CMP-20250513-13448"",""CMP-20250526-14224"",""CMP-20250531-14493"",""CMP-20250610-15076"",""CMP-20250620-15626"",""CMP-20250827-19686""]",ICICI,savings,Rajasthan,248400.00,11,True
24c015ca-5ad4-4d87-acaa-1c10aac94465,"[""CMP-20241116-03817"",""CMP-20250129-07718"",""CMP-20250223-09091"",""CMP-20250708-16748""]",Paytm Payments Bank,savings,Uttar Pradesh,448400.00,4,True
c41fe073-b81e-47e8-a4a9-c859d76d34e1,"[""CMP-20250214-08527"",""CMP-20250415-11889"",""CMP-20250419-12086"",""CMP-20250604-14732"",""CMP-20250630-16261""]",HDFC,savings,Rajasthan,103900.00,5,True
e3b4c42f-0267-498a-a9fa-62078b7fc772,"[""CMP-20240925-01152"",""CMP-20241102-03093"",""CMP-20241213-05224"",""CMP-20250204-08018"",""CMP-20250525-14137"",""CMP-20250604-14728"",""CMP-20250705-16515"",""CMP-20250716-17201""]",HDFC,savings,Uttar Pradesh,449600.00,8,False
19e0e094-b277-416f-a38e-bf52ee7b4203,"[""CMP-20241025-02693"",""CMP-20241107-03346"",""CMP-20241115-03771"",""CMP-20250305-09601"",""CMP-20250327-10805"",""CMP-20250402-11150"",""CMP-20250826-19630""]",Airtel Payments Bank,savings,Karnataka,261600.00,7,False
e3cea805-d2ce-4644-a175-0941f9b4ee1f,"[""CMP-20241112-03642"",""CMP-20250507-13091"",""CMP-20250612-15180"",""CMP-20250711-16882"",""CMP-20250730-18034""]",SBI,savings,Uttar Pradesh,210100.00,5,False
60121d77-84f0-4728-afd5-29a420f26cfb,"[""CMP-20240906-00254"",""CMP-20250109-06627"",""CMP-20250209-08293"",""CMP-20250413-11752"",""CMP-20250419-12091"",""CMP-20250613-15249"",""CMP-20250708-16717""]",Paytm Payments Bank,wallet,Uttar Pradesh,266600.00,7,False
1aa3c4f7-0b6c-4979-a7e4-929e6c5e8b18,"[""CMP-20240912-00512"",""CMP-20240914-00629"",""CMP-20240929-01372"",""CMP-20241201-04653"",""CMP-20250813-18826"",""CMP-20250815-18907"",""CMP-20250830-19859""]",Canara Bank,savings,Tamil Nadu,224900.00,7,False
78175748-3da7-4586-a9bd-72688f59a5d7,"[""CMP-20241016-02233"",""CMP-20241116-03862"",""CMP-20250525-14126"",""CMP-20250622-15796"",""CMP-20250814-18871"",""CMP-20250818-19146"",""CMP-20250827-19670""]",Paytm Payments Bank,savings,Rajasthan,259000.00,7,True
b7c883ac-b17e-401b-afec-8c7e6a014a28,"[""CMP-20240913-00556"",""CMP-20241031-03010"",""CMP-20241122-04112"",""CMP-20250311-09917"",""CMP-20250420-12195""]",SBI,savings,West Bengal,100200.00,5,True
032dbb83-c18d-4d7a-afb6-b5111ec17fa8,"[""CMP-20240911-00486"",""CMP-20240925-01142"",""CMP-20240929-01391"",""CMP-20250208-08243"",""CMP-20250313-10000"",""CMP-20250419-12110"",""CMP-20250813-18831""]",Axis Bank,savings,West Bengal,192500.00,7,True
5808a136-ab88-48a5-acd8-335a0cd1d6d6,"[""CMP-20241002-01504"",""CMP-20241206-04832"",""CMP-20241226-05875"",""CMP-20250211-08415"",""CMP-20250521-13917"",""CMP-20250605-14777"",""CMP-20250608-14970"",""CMP-20250823-19425""]",Canara Bank,savings,West Bengal,288000.00,8,False
8120e9b8-16bb-4695-a480-206c07315318,"[""CMP-20240920-00917"",""CMP-20241122-04134"",""CMP-20241201-04626"",""CMP-20241222-05683"",""CMP-20250413-11788"",""CMP-20250514-13481"",""CMP-20250616-15425""]",Paytm Payments Bank,savings,Jharkhand,411900.00,7,True
4209da02-8f85-4561-a604-0f711cb88a17,"[""CMP-20240926-01211"",""CMP-20241018-02362"",""CMP-20241219-05524"",""CMP-20250214-08537"",""CMP-20250219-08858"",""CMP-20250406-11404"",""CMP-20250515-13520"",""CMP-20250530-14394"",""CMP-20250724-17624"",""CMP-20250724-17644""]",Bank of Baroda,savings,Uttar Pradesh,187100.00,10,True
5d10448a-1ab7-4408-a2e7-7c13bf8288c3,"[""CMP-20241227-05960"",""CMP-20250114-06887"",""CMP-20250607-14864"",""CMP-20250608-14981""]",SBI,savings,Rajasthan,228300.00,4,False
00594caf-811e-401c-a3d3-14359276f805,"[""CMP-20241002-01506"",""CMP-20241018-02319"",""CMP-20250114-06899"",""CMP-20250224-09128"",""CMP-20250713-17059""]",HDFC,savings,Uttar Pradesh,140000.00,5,False
b7f4f343-919a-4cc8-a2f6-14e069d6a1f5,"[""CMP-20240901-00005"",""CMP-20250227-09233"",""CMP-20250316-10203"",""CMP-20250613-15230"",""CMP-20250710-16868"",""CMP-20250828-19711"",""CMP-20250831-19974""]",Paytm Payments Bank,wallet,Tamil Nadu,207400.00,7,False
ca23e3b9-1892-4bbc-a775-d2b564ad1bbb,"[""CMP-20241113-03668"",""CMP-20241116-03837"",""CMP-20241123-04190"",""CMP-20250106-06517"",""CMP-20250323-10607""]",Airtel Payments Bank,savings,Tamil Nadu,188000.00,5,False
09ab3d8d-2f4d-46cf-a134-3fa99dff7ca9,"[""CMP-20240924-01114"",""CMP-20241213-05231"",""CMP-20250206-08137"",""CMP-20250420-12227"",""CMP-20250530-14438"",""CMP-20250609-15025"",""CMP-20250629-16196"",""CMP-20250718-17324"",""CMP-20250720-17425"",""CMP-20250807-18492"",""CMP-20250825-19541""]",ICICI,savings,West Bengal,320900.00,11,False
2137da4e-8ef9-4688-a491-25ce8db34f97,"[""CMP-20241113-03661"",""CMP-20241208-04939"",""CMP-20241220-05564"",""CMP-20250117-07092"",""CMP-20250211-08407"",""CMP-20250520-13891"",""CMP-20250529-14329"",""CMP-20250713-17038"",""CMP-20250731-18076"",""CMP-20250814-18863""]",Axis Bank,savings,Uttar Pradesh,277000.00,10,True
6d3cc19e-14cc-4a8a-a987-9ede3849beb9,"[""CMP-20241030-02953"",""CMP-20250118-07132"",""CMP-20250309-09822"",""CMP-20250320-10368"",""CMP-20250627-16059""]",Airtel Payments Bank,wallet,Rajasthan,217200.00,5,False
89eebec9-cf18-44f7-a12e-2af7653e62e8,"[""CMP-20241022-02539"",""CMP-20241130-04566"",""CMP-20241219-05498"",""CMP-20250407-11442"",""CMP-20250502-12820"",""CMP-20250515-13515"",""CMP-20250725-17729"",""CMP-20250802-18181"",""CMP-20250812-18796""]",HDFC,savings,Maharashtra,581200.00,9,True
5d02e4f1-6252-4a79-a560-61233d80efdd,"[""CMP-20241029-02898"",""CMP-20241203-04718"",""CMP-20241214-05263"",""CMP-20250213-08490"",""CMP-20250713-17024""]",Paytm Payments Bank,wallet,Tamil Nadu,122800.00,5,False
014e4d6d-dd98-407a-a422-24a7529cb72f,"[""CMP-20241023-02579"",""CMP-20241126-04356"",""CMP-20250420-12232"",""CMP-20250601-14544"",""CMP-20250705-16574"",""CMP-20250819-19204""]",Bank of Baroda,savings,Jharkhand,137500.00,6,True
9928cf48-2113-44d7-a2ef-8d6b59659578,"[""CMP-20241220-05583"",""CMP-20250331-11085"",""CMP-20250504-12991"",""CMP-20250511-13368"",""CMP-20250512-13419"",""CMP-20250613-15220"",""CMP-20250723-17598"",""CMP-20250809-18627"",""CMP-20250822-19336"",""CMP-20250823-19430""]",Bank of Baroda,savings,Jharkhand,617600.00,10,True
d342b7fe-a6ee-46fe-a523-7f7ab651b880,"[""CMP-20241009-01888"",""CMP-20241012-02022"",""CMP-20241128-04476"",""CMP-20250213-08506"",""CMP-20250221-08944"",""CMP-20250401-11122"",""CMP-20250420-12206"",""CMP-20250517-13712"",""CMP-20250818-19165""]",SBI,savings,Rajasthan,274400.00,9,False
270786f3-8f81-4e3a-a3e7-4dd67f5db844,"[""CMP-20241225-05857"",""CMP-20250209-08316"",""CMP-20250223-09036"",""CMP-20250607-14861"",""CMP-20250720-17433""]",SBI,savings,Tamil Nadu,168500.00,5,False
79f17efc-0859-4ce2-acf1-9c2f9b0d2d1c,"[""CMP-20240927-01286"",""CMP-20241110-03530"",""CMP-20241130-04576"",""CMP-20250215-08595"",""CMP-20250324-10685"",""CMP-20250721-17532"",""CMP-20250726-17743"",""CMP-20250803-18299"",""CMP-20250816-18989""]",Airtel Payments Bank,wallet,West Bengal,929000.00,9,True
2bb69a23-bdf9-4c06-a72c-37f5ea5affdd,"[""CMP-20240904-00138"",""CMP-20241022-02551"",""CMP-20241218-05487"",""CMP-20250224-09105"",""CMP-20250409-11536"",""CMP-20250706-16650"",""CMP-20250728-17902"",""CMP-20250814-18885""]",Indian Bank,savings,Rajasthan,271400.00,8,True
15902f71-ef5f-4985-ac2b-1d61c0a3d708,"[""CMP-20241122-04105"",""CMP-20241209-05042"",""CMP-20250412-11735"",""CMP-20250709-16786"",""CMP-20250720-17449""]",ICICI,savings,Jharkhand,180700.00,5,False
388f9c74-ed3d-4dc4-ac1a-353362e317f1,"[""CMP-20241219-05531"",""CMP-20250210-08351"",""CMP-20250316-10201"",""CMP-20250324-10666"",""CMP-20250410-11567"",""CMP-20250416-11910"",""CMP-20250425-12457"",""CMP-20250825-19586""]",HDFC,savings,Uttar Pradesh,254900.00,8,True
c4753678-1891-4224-a4a7-482ef2edc4d0,"[""CMP-20241015-02188"",""CMP-20241226-05912"",""CMP-20250614-15329"",""CMP-20250709-16764""]",ICICI,savings,Tamil Nadu,174900.00,4,True
a3d4ea4e-7730-48cb-a481-c696c4d909ae,"[""CMP-20241013-02125"",""CMP-20250125-07542"",""CMP-20250217-08737"",""CMP-20250303-09490"",""CMP-20250523-14030"",""CMP-20250726-17773""]",HDFC,savings,West Bengal,288800.00,6,True
60c4ef04-065d-40f9-aa50-5b26881e7955,"[""CMP-20240928-01332"",""CMP-20241225-05868"",""CMP-20250311-09943"",""CMP-20250313-10017"",""CMP-20250323-10648"",""CMP-20250504-12958"",""CMP-20250611-15106"",""CMP-20250716-17179"",""CMP-20250815-18926""]",Bank of Baroda,savings,Jharkhand,155400.00,9,False
ee47013c-dcda-4b8a-a6b7-749c65ce086c,"[""CMP-20241016-02248"",""CMP-20241110-03539"",""CMP-20241130-04586"",""CMP-20250321-10489"",""CMP-20250426-12534"",""CMP-20250608-14982""]",Indian Bank,savings,Maharashtra,333200.00,6,True
a66e6e39-5f29-4d98-a0fe-160a6463bb53,"[""CMP-20250103-06305"",""CMP-20250403-11209"",""CMP-20250519-13840"",""CMP-20250704-16492"",""CMP-20250831-19947""]",Indian Bank,savings,Karnataka,168800.00,5,False
f62befd8-c80a-4ad8-aa20-15172bdf9e8d,"[""CMP-20241031-02991"",""CMP-20241220-05540"",""CMP-20250430-12743"",""CMP-20250619-15587"",""CMP-20250820-19247""]",Indian Bank,savings,Jharkhand,121700.00,5,False
a23debc4-6e0b-423c-a7ff-e482e68e8055,"[""CMP-20240922-01044"",""CMP-20241012-02045"",""CMP-20241105-03233"",""CMP-20241216-05377"",""CMP-20250213-08496"",""CMP-20250626-15960""]",Indian Bank,savings,Jharkhand,198300.00,6,True
799451ac-474c-435c-a7ce-c6bf02fd74a4,"[""CMP-20240902-00075"",""CMP-20241023-02611"",""CMP-20241124-04239"",""CMP-20250302-09411"",""CMP-20250327-10817"",""CMP-20250405-11322"",""CMP-20250503-12865"",""CMP-20250511-13322"",""CMP-20250727-17814"",""CMP-20250730-18016""]",SBI,savings,Tamil Nadu,320200.00,10,False
c3f51c60-bc4f-4432-a7ce-92e2795ffaea,"[""CMP-20240908-00359"",""CMP-20240920-00900"",""CMP-20250122-07331"",""CMP-20250216-08708"",""CMP-20250301-09369"",""CMP-20250512-13403"",""CMP-20250516-13644"",""CMP-20250621-15690"",""CMP-20250622-15805"",""CMP-20250712-16982"",""CMP-20250828-19724"",""CMP-20250830-19881""]",Canara Bank,savings,Jharkhand,426900.00,12,True
f2523a47-76fb-4d6f-abd1-517dafaac633,"[""CMP-20250307-09682"",""CMP-20250325-10739"",""CMP-20250415-11861"",""CMP-20250504-12977"",""CMP-20250605-14748"",""CMP-20250805-18409""]",HDFC,savings,Rajasthan,206300.00,6,False
6c9e2bda-fa28-4f5a-a834-fd9e45c2df29,"[""CMP-20240930-01425"",""CMP-20250101-06205"",""CMP-20250203-07966"",""CMP-20250221-08937"",""CMP-20250325-10710"",""CMP-20250325-10718"",""CMP-20250329-10931"",""CMP-20250419-12139"",""CMP-20250622-15760"",""CMP-20250807-18476""]",Airtel Payments Bank,savings,Jharkhand,471700.00,10,False
6489a06c-0cfe-47f4-afb4-a0c18488534a,"[""CMP-20241101-03014"",""CMP-20250127-07634"",""CMP-20250216-08718"",""CMP-20250309-09805"",""CMP-20250525-14187"",""CMP-20250620-15645"",""CMP-20250828-19747""]",Bank of Baroda,savings,Uttar Pradesh,235800.00,7,False
ee15276e-c8cc-42e1-aefb-e394a7f30e86,"[""CMP-20240903-00101"",""CMP-20241003-01568"",""CMP-20241211-05088"",""CMP-20241227-05965"",""CMP-20250105-06456"",""CMP-20250127-07607"",""CMP-20250513-13433"",""CMP-20250527-14247"",""CMP-20250713-17032""]",Bank of Baroda,savings,Tamil Nadu,341200.00,9,False
4ea137ef-713a-422c-af44-d9037dd29919,"[""CMP-20250320-10380"",""CMP-20250415-11841"",""CMP-20250418-12054"",""CMP-20250521-13906"",""CMP-20250603-14667"",""CMP-20250612-15195"",""CMP-20250723-17613"",""CMP-20250724-17629""]",Airtel Payments Bank,savings,Rajasthan,356300.00,8,False
4259696d-6246-422f-a38c-ae9a029ccf59,"[""CMP-20241222-05714"",""CMP-20250509-13196"",""CMP-20250625-15945"",""CMP-20250706-16588""]",HDFC,savings,Tamil Nadu,28100.00,4,False
12cb369a-fa9a-4133-a9b4-282343173420,"[""CMP-20240914-00655"",""CMP-20240918-00824"",""CMP-20250109-06607"",""CMP-20250110-06660"",""CMP-20250117-07064"",""CMP-20250228-09320"",""CMP-20250309-09811"",""CMP-20250701-16312"",""CMP-20250705-16586""]",Airtel Payments Bank,savings,Maharashtra,325200.00,9,False
f22ee66f-8eaa-47c4-a344-0871261d053a,"[""CMP-20241101-03032"",""CMP-20250406-11395"",""CMP-20250408-11481"",""CMP-20250706-16620""]",Airtel Payments Bank,wallet,Jharkhand,260600.00,4,False
66fdf93d-85fc-4dda-a3b3-93772c02feb2,"[""CMP-20241011-01996"",""CMP-20250418-12047"",""CMP-20250615-15357""]",SBI,savings,Uttar Pradesh,218000.00,3,False
72cee31a-3af6-4bef-a530-a4bc8785c740,"[""CMP-20241022-02553"",""CMP-20241229-06090"",""CMP-20250205-08057"",""CMP-20250214-08570"",""CMP-20250307-09691"",""CMP-20250321-10428"",""CMP-20250420-12153"",""CMP-20250528-14310"",""CMP-20250711-16904"",""CMP-20250803-18280"",""CMP-20250823-19436""]",Canara Bank,savings,Rajasthan,539200.00,11,True
7b1295c4-7a44-4132-a6dc-4e9a6a9d7c39,"[""CMP-20241204-04743"",""CMP-20250119-07220"",""CMP-20250408-11511"",""CMP-20250421-12288"",""CMP-20250614-15311"",""CMP-20250815-18985""]",Bank of Baroda,savings,Rajasthan,389500.00,6,False
8f10ce59-0151-4d26-a91a-5cb7671d7e96,"[""CMP-20241027-02835"",""CMP-20241101-03019"",""CMP-20250203-07986"",""CMP-20250322-10564"",""CMP-20250326-10777"",""CMP-20250407-11448"",""CMP-20250604-14701"",""CMP-20250626-15964"",""CMP-20250802-18206"",""CMP-20250830-19921""]",HDFC,savings,Tamil Nadu,481000.00,10,False
0639e9e2-8064-46b3-a308-609858d86fb4,"[""CMP-20241201-04652"",""CMP-20250104-06404"",""CMP-20250124-07422"",""CMP-20250408-11505"",""CMP-20250819-19217"",""CMP-20250822-19337""]",Bank of Baroda,savings,Jharkhand,280600.00,6,False
9449cfc2-b350-4115-a0e9-a8164ec7fd04,"[""CMP-20241024-02667"",""CMP-20241025-02723"",""CMP-20250330-11012"",""CMP-20250501-12760"",""CMP-20250726-17763""]",HDFC,savings,Karnataka,135400.00,5,False
bc6ab18c-46bb-4df6-a43f-38a066b9cb65,"[""CMP-20241112-03643"",""CMP-20250525-14123"",""CMP-20250528-14294"",""CMP-20250612-15158"",""CMP-20250626-15993"",""CMP-20250823-19458""]",HDFC,savings,Jharkhand,206800.00,6,False
58cc32f5-f358-4371-a13f-6be612814131,"[""CMP-20241203-04729"",""CMP-20250217-08730"",""CMP-20250329-10891"",""CMP-20250415-11854"",""CMP-20250524-14081"",""CMP-20250528-14300"",""CMP-20250529-14331"",""CMP-20250608-15002"",""CMP-20250716-17170"",""CMP-20250726-17804""]",Canara Bank,savings,Jharkhand,442100.00,10,True
faf72196-45ce-42b2-af79-622dac3b005d,"[""CMP-20241118-03977"",""CMP-20250117-07059"",""CMP-20250125-07502"",""CMP-20250407-11467"",""CMP-20250519-13846"",""CMP-20250627-16057"",""CMP-20250718-17272""]",Bank of Baroda,savings,Karnataka,196400.00,7,True
9978b7d7-b5f7-46d6-afdf-b60fd67c4cbb,"[""CMP-20241018-02314"",""CMP-20241109-03449"",""CMP-20241209-05038"",""CMP-20250131-07832"",""CMP-20250213-08485"",""CMP-20250326-10756"",""CMP-20250419-12133"",""CMP-20250425-12438"",""CMP-20250706-16649""]",Canara Bank,savings,Maharashtra,221500.00,9,True
229fc444-f122-4761-a8a1-55f51a25a8e2,"[""CMP-20241106-03290"",""CMP-20250223-09051"",""CMP-20250602-14607"",""CMP-20250711-16899"",""CMP-20250731-18074""]",Axis Bank,savings,Maharashtra,414900.00,5,True
7a343e04-8a80-44b7-a643-cb359abda26f,"[""CMP-20241108-03380"",""CMP-20241229-06104"",""CMP-20250129-07696"",""CMP-20250309-09791"",""CMP-20250703-16388""]",Indian Bank,savings,West Bengal,254500.00,5,False
745aaa47-3fec-4897-aee6-94537404eee2,"[""CMP-20240912-00526"",""CMP-20241018-02366"",""CMP-20250208-08271"",""CMP-20250609-15021"",""CMP-20250713-17043""]",Axis Bank,savings,Jharkhand,348700.00,5,False
cb78f82e-a57a-4935-a83a-2aaa97b13670,"[""CMP-20241013-02107"",""CMP-20241105-03261"",""CMP-20241225-05835"",""CMP-20250511-13366"",""CMP-20250517-13655"",""CMP-20250520-13851"",""CMP-20250629-16216"",""CMP-20250727-17830""]",Canara Bank,savings,Tamil Nadu,408400.00,8,True
d8bccdfa-c259-4f7b-a925-49c1d1bce735,"[""CMP-20250328-10852"",""CMP-20250405-11373"",""CMP-20250408-11515"",""CMP-20250823-19422"",""CMP-20250830-19923""]",Bank of Baroda,savings,Uttar Pradesh,165800.00,5,False
bf28b2c5-ab26-4f3e-ad28-d1c970598745,"[""CMP-20240912-00532"",""CMP-20241125-04323"",""CMP-20241227-05979"",""CMP-20250117-07087"",""CMP-20250127-07624"",""CMP-20250212-08459"",""CMP-20250307-09695"",""CMP-20250318-10275"",""CMP-20250611-15118"",""CMP-20250809-18621"",""CMP-20250809-18650""]",Airtel Payments Bank,wallet,Jharkhand,667900.00,11,True
2b64990e-91ab-46bb-acab-56643d8a82f3,"[""CMP-20250117-07063"",""CMP-20250225-09152"",""CMP-20250307-09659"",""CMP-20250607-14927"",""CMP-20250608-14979"",""CMP-20250712-16959""]",Bank of Baroda,savings,Jharkhand,253100.00,6,False
09bdc35a-980c-4471-aff1-c7652bd22347,"[""CMP-20241014-02137"",""CMP-20241109-03458"",""CMP-20250128-07669"",""CMP-20250424-12391"",""CMP-20250606-14823""]",Canara Bank,savings,Jharkhand,186200.00,5,False
36d5d699-1b1c-47ad-a71e-86274379720d,"[""CMP-20241118-03950"",""CMP-20241221-05624"",""CMP-20250129-07717"",""CMP-20250328-10873""]",Canara Bank,savings,Jharkhand,304300.00,4,False
5e0c6e49-c79f-4402-a9b3-bffc37bfe115,"[""CMP-20241019-02399"",""CMP-20241030-02923"",""CMP-20241121-04092"",""CMP-20250123-07387"",""CMP-20250127-07623"",""CMP-20250202-07956"",""CMP-20250222-08966"",""CMP-20250327-10809"",""CMP-20250528-14304"",""CMP-20250605-14786"",""CMP-20250705-16522"",""CMP-20250827-19695""]",HDFC,savings,Rajasthan,1012800.00,12,True
9e582bf7-ac71-4f17-a248-c29d05175927,"[""CMP-20240924-01125"",""CMP-20240924-01139"",""CMP-20241113-03698"",""CMP-20250321-10466"",""CMP-20250717-17242"",""CMP-20250820-19251""]",ICICI,savings,Karnataka,171200.00,6,False
b67a08a2-9f48-48c8-a3d2-3b0fab22a4ee,"[""CMP-20240913-00566"",""CMP-20240928-01347"",""CMP-20240929-01406"",""CMP-20241119-04003"",""CMP-20241123-04220"",""CMP-20250110-06663"",""CMP-20250205-08101"",""CMP-20250206-08136"",""CMP-20250315-10131"",""CMP-20250419-12112""]",SBI,savings,Jharkhand,581700.00,10,True
1c028372-a6c6-4b5a-ad80-5a580215fb3c,"[""CMP-20241123-04193"",""CMP-20250324-10671"",""CMP-20250406-11418"",""CMP-20250513-13451"",""CMP-20250611-15124""]",Airtel Payments Bank,savings,Tamil Nadu,203500.00,5,False
d7bdb5ab-0390-4687-a55a-df7f94dbe930,"[""CMP-20241025-02701"",""CMP-20241108-03387"",""CMP-20250113-06875"",""CMP-20250404-11254"",""CMP-20250506-13074"",""CMP-20250516-13588"",""CMP-20250603-14681"",""CMP-20250621-15740"",""CMP-20250723-17611""]",Paytm Payments Bank,wallet,Uttar Pradesh,535900.00,9,True
cf477383-3ced-4a51-a7c5-325f781d7978,"[""CMP-20241130-04569"",""CMP-20241206-04842"",""CMP-20250617-15469"",""CMP-20250715-17119""]",Bank of Baroda,savings,Tamil Nadu,397400.00,4,False
8bad7997-851c-42b5-abda-bcae544960b0,"[""CMP-20241015-02199"",""CMP-20241128-04473"",""CMP-20250103-06330"",""CMP-20250112-06805"",""CMP-20250331-11089"",""CMP-20250422-12299"",""CMP-20250616-15412""]",Indian Bank,savings,Jharkhand,282300.00,7,False
f6f696fd-b8c7-45f2-a04b-4eabc9cea326,"[""CMP-20241105-03263"",""CMP-20241122-04153"",""CMP-20250627-16021"",""CMP-20250714-17105""]",Axis Bank,savings,West Bengal,900400.00,4,True
6f1fb3ca-27c6-4410-a667-36ee1d2531c9,"[""CMP-20240906-00264"",""CMP-20241011-01970"",""CMP-20241019-02391"",""CMP-20250124-07463"",""CMP-20250129-07725"",""CMP-20250301-09396"",""CMP-20250415-11896"",""CMP-20250528-14316"",""CMP-20250614-15301"",""CMP-20250814-18891""]",Indian Bank,savings,Uttar Pradesh,377500.00,10,True
024e0656-e88e-472e-ac52-fa6b71269098,"[""CMP-20240929-01369"",""CMP-20241201-04649"",""CMP-20250131-07820"",""CMP-20250201-07896"",""CMP-20250220-08894"",""CMP-20250423-12366"",""CMP-20250624-15868"",""CMP-20250715-17131"",""CMP-20250728-17931""]",SBI,savings,Uttar Pradesh,155100.00,9,True
e47ba1a2-0644-4923-a8dc-e32cbd6c2b7a,"[""CMP-20250117-07035"",""CMP-20250203-07981"",""CMP-20250602-14618"",""CMP-20250607-14917"",""CMP-20250713-17054"",""CMP-20250719-17356""]",HDFC,savings,Tamil Nadu,102700.00,6,False
3802aabf-a50c-45b4-a2ac-8236f9644730,"[""CMP-20241209-05031"",""CMP-20250122-07338"",""CMP-20250227-09244"",""CMP-20250419-12093"",""CMP-20250525-14144"",""CMP-20250706-16636""]",HDFC,savings,Maharashtra,190500.00,6,False
fe0a793d-9198-481c-a377-a1e9851ad6cd,"[""CMP-20250114-06896"",""CMP-20250420-12221""]",SBI,savings,Uttar Pradesh,34800.00,2,False
79228b5f-3695-4ba8-a662-8594c07dcd7c,"[""CMP-20240901-00058"",""CMP-20241008-01821"",""CMP-20250330-11004"",""CMP-20250416-11906"",""CMP-20250509-13170"",""CMP-20250509-13199"",""CMP-20250719-17387"",""CMP-20250727-17813""]",Bank of Baroda,savings,Jharkhand,769200.00,8,True
d5d9fe21-86a1-41a4-a7d5-baffc81613c6,"[""CMP-20240904-00144"",""CMP-20240908-00338"",""CMP-20241031-03004"",""CMP-20241123-04207"",""CMP-20241211-05117"",""CMP-20250513-13447"",""CMP-20250527-14264"",""CMP-20250629-16226"",""CMP-20250711-16895"",""CMP-20250809-18584""]",ICICI,savings,Rajasthan,950200.00,10,True
3436e027-6fe0-4919-a38e-06ac3b9b7e43,"[""CMP-20240929-01357"",""CMP-20241202-04681"",""CMP-20250112-06788"",""CMP-20250117-07070"",""CMP-20250313-10034"",""CMP-20250329-10959"",""CMP-20250422-12297"",""CMP-20250510-13294"",""CMP-20250618-15533""]",Bank of Baroda,savings,Tamil Nadu,458200.00,9,False
8176475d-e1cb-48ab-ae0b-5fb0a4972279,"[""CMP-20241008-01840"",""CMP-20241031-02979"",""CMP-20250201-07872"",""CMP-20250617-15475"",""CMP-20250626-15972"",""CMP-20250812-18795""]",Paytm Payments Bank,savings,Uttar Pradesh,120600.00,6,False
66204a11-1d29-4afe-a8a9-59536e67cb4a,"[""CMP-20241020-02467"",""CMP-20250621-15717"",""CMP-20250804-18350""]",ICICI,savings,Rajasthan,236300.00,3,False
4f0d9890-296c-41af-a8d7-cecc1c8039e6,"[""CMP-20240916-00762"",""CMP-20241003-01569"",""CMP-20250124-07447"",""CMP-20250126-07556"",""CMP-20250624-15903"",""CMP-20250709-16760""]",ICICI,savings,Karnataka,366700.00,6,True
b0dc72c8-44c2-44cb-a24c-5fef58fe72e3,"[""CMP-20250520-13876"",""CMP-20250708-16747""]",SBI,savings,Rajasthan,46900.00,2,True
8e5f8825-ad86-4f4c-a4af-0fccd68fb31c,"[""CMP-20250210-08357"",""CMP-20250503-12920"",""CMP-20250604-14705"",""CMP-20250713-17050"",""CMP-20250719-17384""]",Indian Bank,savings,Uttar Pradesh,415600.00,5,False
992a2089-70e0-465d-ab0e-1540196e3b46,"[""CMP-20241012-02056"",""CMP-20241018-02332"",""CMP-20241106-03307"",""CMP-20250216-08720"",""CMP-20250823-19397""]",Indian Bank,savings,Uttar Pradesh,105400.00,5,False
764a265d-e56b-4dbc-a6b3-e6ddaf5bd8cc,"[""CMP-20241229-06064"",""CMP-20250305-09596""]",Paytm Payments Bank,savings,Jharkhand,30700.00,2,False
81b1c339-1920-4f7a-a225-6e2f8ee294a8,"[""CMP-20240907-00307"",""CMP-20240914-00654"",""CMP-20241206-04847"",""CMP-20250104-06375"",""CMP-20250125-07526"",""CMP-20250201-07874"",""CMP-20250305-09571"",""CMP-20250515-13553"",""CMP-20250531-14505"",""CMP-20250704-16480""]",Indian Bank,savings,Maharashtra,334700.00,10,True
4ae55fd5-d876-4d87-a874-f5321bf2ecee,"[""CMP-20250423-12363"",""CMP-20250517-13723"",""CMP-20250611-15153"",""CMP-20250802-18201""]",SBI,savings,Tamil Nadu,152200.00,4,False
2b5e546a-facf-43f5-a996-946ec7e204bb,"[""CMP-20241003-01581"",""CMP-20241207-04894"",""CMP-20250329-10944"",""CMP-20250710-16857"",""CMP-20250824-19523""]",Indian Bank,savings,Karnataka,138100.00,5,False
5eb4b2e7-02da-43e7-aa2c-a9481f3521ad,"[""CMP-20240926-01217"",""CMP-20241031-03003"",""CMP-20250108-06573"",""CMP-20250111-06755"",""CMP-20250308-09746"",""CMP-20250720-17419"",""CMP-20250803-18278""]",Canara Bank,savings,Jharkhand,441800.00,7,False
d876044e-5f01-44af-a30f-bb8f4ce14327,"[""CMP-20240922-01056"",""CMP-20241128-04457"",""CMP-20250310-09855"",""CMP-20250316-10225"",""CMP-20250427-12550"",""CMP-20250609-15017""]",Airtel Payments Bank,wallet,Jharkhand,192800.00,6,False
ef85defb-5b55-4fd4-a6d3-69b3ad1ba0eb,"[""CMP-20241015-02185"",""CMP-20241228-05987"",""CMP-20250111-06769"",""CMP-20250222-08994"",""CMP-20250223-09049"",""CMP-20250311-09947"",""CMP-20250423-12368"",""CMP-20250707-16668"",""CMP-20250708-16730"",""CMP-20250724-17626""]",ICICI,savings,Rajasthan,269900.00,10,False
6ae59b91-06eb-4068-a268-c8b24d7c0ca0,"[""CMP-20240912-00551"",""CMP-20241030-02946"",""CMP-20241212-05149"",""CMP-20250203-07971"",""CMP-20250228-09293"",""CMP-20250818-19160""]",HDFC,savings,Tamil Nadu,224800.00,6,False
7e2f567d-826d-420d-a0a6-b3a367796e85,"[""CMP-20241008-01843"",""CMP-20241127-04401"",""CMP-20241203-04699"",""CMP-20250222-09018"",""CMP-20250307-09704"",""CMP-20250625-15948""]",Indian Bank,savings,Uttar Pradesh,147300.00,6,False
5471ef0d-f48a-4fa3-a64a-fc9a0a228f73,"[""CMP-20240901-00049"",""CMP-20241006-01733"",""CMP-20241019-02409"",""CMP-20241027-02797"",""CMP-20241109-03451"",""CMP-20241228-06008"",""CMP-20250116-07001"",""CMP-20250131-07793""]",Canara Bank,savings,Rajasthan,345800.00,8,False
345dd4f0-0df5-4742-a525-c430099b587e,"[""CMP-20241128-04454"",""CMP-20241223-05730"",""CMP-20241225-05845"",""CMP-20241230-06144"",""CMP-20250130-07755"",""CMP-20250428-12624"",""CMP-20250517-13686"",""CMP-20250712-16947""]",ICICI,savings,Uttar Pradesh,432900.00,8,False
6b70bb80-cfcf-49a7-ae90-dc5ee4c40cb3,"[""CMP-20241229-06054"",""CMP-20250226-09208"",""CMP-20250303-09500"",""CMP-20250306-09624"",""CMP-20250417-11996"",""CMP-20250509-13212"",""CMP-20250605-14780"",""CMP-20250617-15505"",""CMP-20250629-16183"",""CMP-20250710-16837"",""CMP-20250725-17710"",""CMP-20250830-19919""]",Indian Bank,savings,Jharkhand,360200.00,12,True
f3fc20dd-185c-476f-ad15-60235b337455,"[""CMP-20240908-00340"",""CMP-20240928-01307"",""CMP-20241213-05219"",""CMP-20241216-05380"",""CMP-20241220-05560"",""CMP-20250214-08549"",""CMP-20250329-10916"",""CMP-20250814-18852""]",Indian Bank,savings,Rajasthan,357700.00,8,False
37101d63-c713-4068-a105-8d69e1a39999,"[""CMP-20241121-04057"",""CMP-20241206-04859"",""CMP-20241211-05086"",""CMP-20250113-06864"",""CMP-20250301-09386"",""CMP-20250331-11070"",""CMP-20250406-11382"",""CMP-20250504-12944"",""CMP-20250511-13375""]",HDFC,savings,Maharashtra,353600.00,9,False
a595699a-6693-46d7-a3fe-eedbf46dd8d2,"[""CMP-20241106-03296"",""CMP-20250416-11946"",""CMP-20250522-13951""]",SBI,savings,Rajasthan,187900.00,3,True
f49d4b27-53f0-45a2-acb2-bd2f3f241c01,"[""CMP-20241009-01854"",""CMP-20241101-03051"",""CMP-20250315-10122"",""CMP-20250408-11485"",""CMP-20250826-19654""]",Canara Bank,savings,Tamil Nadu,150500.00,5,False
82913325-bce9-4db4-a88a-adc24f5b35a1,"[""CMP-20241112-03626"",""CMP-20241130-04584"",""CMP-20250220-08873""]",Axis Bank,savings,Jharkhand,265700.00,3,True
84d2950e-4598-433f-a1f4-d5308189e718,"[""CMP-20240904-00150"",""CMP-20240914-00617"",""CMP-20250119-07177"",""CMP-20250423-12372"",""CMP-20250425-12436"",""CMP-20250502-12815"",""CMP-20250811-18731""]",Paytm Payments Bank,wallet,Rajasthan,196200.00,7,True
05a33efd-0b11-4fc4-a301-7121fba2ec74,"[""CMP-20241118-03969"",""CMP-20250327-10803"",""CMP-20250730-18036""]",Axis Bank,savings,Jharkhand,48900.00,3,False
2c11a706-73fa-4569-afe7-e6dde1bc96fe,"[""CMP-20241013-02114"",""CMP-20241019-02410"",""CMP-20241209-05036"",""CMP-20241215-05367"",""CMP-20250106-06472"",""CMP-20250208-08218"",""CMP-20250329-10951"",""CMP-20250626-15979"",""CMP-20250807-18483"",""CMP-20250823-19375""]",Bank of Baroda,savings,Jharkhand,553900.00,10,True
73f86a99-4c62-4264-a538-bf3a2bd0bda9,"[""CMP-20241001-01465"",""CMP-20241216-05402"",""CMP-20241230-06141"",""CMP-20250615-15367"",""CMP-20250616-15458"",""CMP-20250714-17085"",""CMP-20250729-17973"",""CMP-20250802-18172""]",Canara Bank,savings,Rajasthan,496300.00,8,False
6f578d69-db79-422b-a9ca-43942ebaa240,"[""CMP-20240911-00478"",""CMP-20241125-04325"",""CMP-20250311-09933"",""CMP-20250317-10241"",""CMP-20250420-12219"",""CMP-20250613-15237""]",Airtel Payments Bank,savings,Karnataka,128000.00,6,False
3e682459-b843-455a-a576-664827335397,"[""CMP-20240901-00052"",""CMP-20240909-00395"",""CMP-20240916-00715"",""CMP-20241229-06055"",""CMP-20250311-09904"",""CMP-20250330-10998"",""CMP-20250412-11728"",""CMP-20250511-13358"",""CMP-20250808-18509""]",Airtel Payments Bank,wallet,Jharkhand,572000.00,9,True
497ab5b3-b19f-4c17-a74e-4500be94d0fc,"[""CMP-20250130-07767"",""CMP-20250212-08473"",""CMP-20250216-08697"",""CMP-20250301-09380"",""CMP-20250401-11116"",""CMP-20250808-18537""]",SBI,savings,Rajasthan,246400.00,6,True
4a2afa49-5e4e-441f-ac82-17f25afe30bf,"[""CMP-20241126-04358"",""CMP-20241208-04998"",""CMP-20241223-05747"",""CMP-20250807-18470""]",ICICI,savings,Uttar Pradesh,324500.00,4,False
48f93e1b-d52d-40e0-a106-f24ae46b4b48,"[""CMP-20241121-04072"",""CMP-20250106-06477"",""CMP-20250204-08039"",""CMP-20250208-08261"",""CMP-20250329-10898"",""CMP-20250605-14788"",""CMP-20250618-15534"",""CMP-20250727-17863""]",ICICI,savings,Rajasthan,373300.00,8,True
2f876070-dcbe-4a99-af37-9aa991e18483,"[""CMP-20250205-08051"",""CMP-20250303-09498"",""CMP-20250324-10664"",""CMP-20250426-12482"",""CMP-20250428-12618"",""CMP-20250522-13958"",""CMP-20250527-14263"",""CMP-20250607-14928"",""CMP-20250614-15321"",""CMP-20250710-16831"",""CMP-20250807-18494""]",Bank of Baroda,savings,Jharkhand,643500.00,11,True
662a9420-6a3f-4442-a786-0b5e54caf938,"[""CMP-20240907-00300"",""CMP-20250312-09956"",""CMP-20250608-14934"",""CMP-20250830-19873""]",ICICI,savings,Karnataka,118100.00,4,False
fd4bb76a-ba18-4428-ad27-6fb7aa38f209,"[""CMP-20241205-04813"",""CMP-20250527-14241"",""CMP-20250629-16187"",""CMP-20250713-17015"",""CMP-20250725-17692"",""CMP-20250725-17718""]",HDFC,savings,Jharkhand,142500.00,6,False
6d0dfac1-0676-442e-a2e7-22f020b6b2b4,"[""CMP-20241001-01464"",""CMP-20241213-05227"",""CMP-20241215-05363"",""CMP-20250204-08028""]",Axis Bank,savings,Rajasthan,241200.00,4,False
f79f6442-dee2-4af1-af15-e2d6d88c4d07,"[""CMP-20241001-01483"",""CMP-20250425-12463"",""CMP-20250730-18044"",""CMP-20250820-19226""]",Canara Bank,savings,Jharkhand,135300.00,4,True
f2b473eb-9115-4136-a3dd-61ec543623ed,"[""CMP-20240910-00456"",""CMP-20240927-01293"",""CMP-20241213-05213"",""CMP-20250117-07086"",""CMP-20250131-07804"",""CMP-20250423-12367"",""CMP-20250428-12644"",""CMP-20250521-13904"",""CMP-20250808-18533""]",ICICI,savings,Rajasthan,467900.00,9,False
890dc535-2db2-4f22-a677-c3789c334a52,"[""CMP-20250102-06257"",""CMP-20250404-11279"",""CMP-20250415-11893"",""CMP-20250802-18207""]",Canara Bank,savings,Uttar Pradesh,131100.00,4,False
9379421c-2985-44ff-ab92-9dff44e0f88a,"[""CMP-20240922-01054"",""CMP-20241215-05372"",""CMP-20250217-08731"",""CMP-20250222-09017"",""CMP-20250720-17479""]",Axis Bank,savings,Jharkhand,201700.00,5,False
44f83ef8-67dd-42a1-aa65-4b0f39179682,"[""CMP-20241029-02882"",""CMP-20241216-05410"",""CMP-20241226-05902"",""CMP-20250107-06562"",""CMP-20250228-09305"",""CMP-20250410-11570"",""CMP-20250818-19157""]",HDFC,savings,Rajasthan,286600.00,7,True
e2d28c09-1e60-4862-a637-c870fa847c11,"[""CMP-20241021-02515"",""CMP-20241030-02942"",""CMP-20250207-08207"",""CMP-20250406-11424"",""CMP-20250629-16166"",""CMP-20250707-16671"",""CMP-20250814-18862""]",Paytm Payments Bank,savings,Uttar Pradesh,402200.00,7,False
1cffa4b1-7c3b-4092-a78f-fb32683216b7,"[""CMP-20240902-00094"",""CMP-20241109-03456"",""CMP-20250201-07852"",""CMP-20250303-09459"",""CMP-20250427-12556"",""CMP-20250620-15612""]",Airtel Payments Bank,savings,Rajasthan,515000.00,6,True
e7ea7bdf-5aff-4048-a9c3-09d91ca69fda,"[""CMP-20250504-12957"",""CMP-20250513-13452"",""CMP-20250522-13971"",""CMP-20250628-16063"",""CMP-20250726-17740""]",Airtel Payments Bank,wallet,Jharkhand,290600.00,5,False
acf38344-c470-4aa1-aac2-4eb9b880046e,"[""CMP-20241024-02633"",""CMP-20250129-07699"",""CMP-20250220-08883"",""CMP-20250822-19325""]",Canara Bank,savings,West Bengal,81300.00,4,True
cdc9e97e-f0b9-4902-a89c-ede0c6701bd3,"[""CMP-20241006-01759"",""CMP-20250115-06950"",""CMP-20250127-07612"",""CMP-20250430-12703"",""CMP-20250725-17705""]",ICICI,savings,Maharashtra,323000.00,5,False
5b7b2d6b-e6a1-4a37-a3b1-ef2fdce4bbb5,"[""CMP-20241110-03564"",""CMP-20250110-06682"",""CMP-20250325-10717"",""CMP-20250330-10990"",""CMP-20250612-15184"",""CMP-20250726-17781""]",HDFC,savings,Jharkhand,165900.00,6,False
5ec9b745-8438-4940-aca1-18065847ecce,"[""CMP-20240901-00041"",""CMP-20241104-03229"",""CMP-20241118-03957"",""CMP-20241213-05220"",""CMP-20250313-10036"",""CMP-20250501-12749"",""CMP-20250514-13502"",""CMP-20250627-16050""]",Airtel Payments Bank,wallet,Tamil Nadu,522700.00,8,True
0a048100-9b62-4986-a0b5-b2f21be75b3b,"[""CMP-20240922-01023"",""CMP-20241110-03535"",""CMP-20241204-04765"",""CMP-20250113-06881"",""CMP-20250128-07665"",""CMP-20250204-08014"",""CMP-20250215-08621"",""CMP-20250505-13041"",""CMP-20250602-14615"",""CMP-20250703-16393"",""CMP-20250714-17114""]",Canara Bank,savings,Uttar Pradesh,239800.00,11,True
2f24afea-03d7-4cfe-a663-b175bf483046,"[""CMP-20241031-02997"",""CMP-20250111-06749"",""CMP-20250602-14632"",""CMP-20250721-17509"",""CMP-20250814-18879""]",Airtel Payments Bank,savings,Uttar Pradesh,161800.00,5,True
4a0e20f9-75b6-4a7f-adbe-db2e4baaa227,"[""CMP-20240919-00861"",""CMP-20250530-14386"",""CMP-20250619-15567"",""CMP-20250704-16449""]",HDFC,savings,Maharashtra,82200.00,4,False
fd4e6a7e-c04d-4c17-a773-c1a7d2b0f5e8,"[""CMP-20241120-04046"",""CMP-20250418-12026"",""CMP-20250519-13835"",""CMP-20250623-15817"",""CMP-20250721-17535"",""CMP-20250810-18660""]",Paytm Payments Bank,savings,Uttar Pradesh,447700.00,6,True
938a8666-42cf-4b59-a9b6-156fe7716782,"[""CMP-20241228-06014"",""CMP-20250430-12734"",""CMP-20250506-13072"",""CMP-20250703-16396"",""CMP-20250810-18701"",""CMP-20250826-19646""]",Axis Bank,savings,Jharkhand,556400.00,6,True
0e9a3150-6c73-4f12-a56f-c924ea56e789,"[""CMP-20240904-00173"",""CMP-20241028-02843"",""CMP-20241119-03985"",""CMP-20250315-10104"",""CMP-20250413-11742"",""CMP-20250625-15935"",""CMP-20250705-16534"",""CMP-20250823-19414""]",Canara Bank,savings,West Bengal,347300.00,8,True
0d7a0c59-1b79-4f73-ad36-8bbc27d28e21,"[""CMP-20241005-01683"",""CMP-20250215-08660"",""CMP-20250220-08888"",""CMP-20250822-19346""]",Indian Bank,savings,Rajasthan,87600.00,4,False
e4ce914d-76cd-4206-ae73-7d8cebf999ed,"[""CMP-20241002-01531"",""CMP-20241103-03136"",""CMP-20250418-12069"",""CMP-20250712-16961""]",HDFC,savings,Rajasthan,62100.00,4,False
ae192972-fdba-4b15-af6b-3710c0b97ddf,"[""CMP-20240924-01126"",""CMP-20241122-04114"",""CMP-20241128-04479"",""CMP-20241205-04778"",""CMP-20250127-07641"",""CMP-20250324-10683"",""CMP-20250426-12493"",""CMP-20250510-13265"",""CMP-20250804-18317""]",SBI,savings,Maharashtra,229800.00,9,True
a6d04d0d-8e40-4b09-aebd-c931a4409b1a,"[""CMP-20241117-03916"",""CMP-20241223-05733"",""CMP-20250521-13902"",""CMP-20250617-15474""]",Airtel Payments Bank,wallet,Maharashtra,148900.00,4,True
8cef1d23-a680-4d17-a47b-a9ccc268aaa0,"[""CMP-20241117-03921"",""CMP-20241201-04619"",""CMP-20241231-06178"",""CMP-20250419-12099"",""CMP-20250805-18363""]",Airtel Payments Bank,wallet,Rajasthan,166200.00,5,False
b9a67860-317e-4048-a9d6-7bcac71dbfb7,"[""CMP-20241009-01855"",""CMP-20250105-06426"",""CMP-20250120-07264"",""CMP-20250123-07398"",""CMP-20250201-07873"",""CMP-20250402-11198"",""CMP-20250405-11315""]",Bank of Baroda,savings,Karnataka,195700.00,7,True
ded0736f-f0d3-4593-ab31-cfd80637d55d,"[""CMP-20240901-00001"",""CMP-20241104-03194"",""CMP-20250515-13527"",""CMP-20250601-14550"",""CMP-20250610-15084"",""CMP-20250818-19141"",""CMP-20250818-19151""]",HDFC,savings,Rajasthan,338900.00,7,True
2137077c-243f-42a7-ad0e-f020934769a9,"[""CMP-20240909-00387"",""CMP-20241019-02378"",""CMP-20250315-10107"",""CMP-20250324-10667"",""CMP-20250421-12282"",""CMP-20250627-16015"",""CMP-20250703-16410""]",Paytm Payments Bank,wallet,Jharkhand,236800.00,7,True
da278ac6-5d12-4e22-acf8-95c643b471e8,"[""CMP-20240906-00219"",""CMP-20241221-05634"",""CMP-20250111-06729"",""CMP-20250322-10516"",""CMP-20250603-14686"",""CMP-20250607-14874"",""CMP-20250617-15468"",""CMP-20250621-15715"",""CMP-20250802-18210"",""CMP-20250804-18358""]",Axis Bank,savings,Rajasthan,613300.00,10,True
14598f08-f7c9-4e3a-a02c-28169c1317c3,"[""CMP-20241016-02240"",""CMP-20241107-03360"",""CMP-20250209-08340"",""CMP-20250224-09134"",""CMP-20250526-14226""]",ICICI,savings,Uttar Pradesh,247000.00,5,False
624fc8b3-0640-43fa-a67d-0dd867f522b6,"[""CMP-20240913-00584"",""CMP-20241109-03446"",""CMP-20241110-03555"",""CMP-20241227-05963"",""CMP-20250126-07562"",""CMP-20250422-12316"",""CMP-20250503-12917"",""CMP-20250713-17061"",""CMP-20250825-19558""]",Axis Bank,savings,Maharashtra,377500.00,9,False
77d81a21-ee72-4817-ac49-1dad65332024,"[""CMP-20240912-00523"",""CMP-20241124-04280"",""CMP-20250321-10465"",""CMP-20250516-13587"",""CMP-20250628-16066"",""CMP-20250723-17617""]",Canara Bank,savings,Rajasthan,118500.00,6,False
49003f45-bbbc-4e9c-a745-279668abbd4a,"[""CMP-20240912-00547"",""CMP-20241014-02159"",""CMP-20241130-04570"",""CMP-20250510-13303"",""CMP-20250513-13442"",""CMP-20250801-18127""]",Airtel Payments Bank,savings,Uttar Pradesh,204200.00,6,False
f05a90d0-f74d-4652-aef4-b7c576aba3b7,"[""CMP-20241114-03730"",""CMP-20241123-04206"",""CMP-20250205-08095"",""CMP-20250519-13820"",""CMP-20250627-16055"",""CMP-20250802-18182""]",Paytm Payments Bank,savings,Uttar Pradesh,218000.00,6,False
65292298-b252-4242-a506-63ca1f53357b,"[""CMP-20241103-03146"",""CMP-20241231-06165"",""CMP-20250412-11697"",""CMP-20250421-12243"",""CMP-20250502-12827"",""CMP-20250601-14535"",""CMP-20250618-15548"",""CMP-20250719-17349"",""CMP-20250831-19963""]",ICICI,savings,Rajasthan,217500.00,9,False
056e5b25-a160-46f9-a711-89c8660d519c,"[""CMP-20240915-00712"",""CMP-20241121-04083"",""CMP-20241210-05065"",""CMP-20241222-05717"",""CMP-20250321-10461"",""CMP-20250329-10896"",""CMP-20250506-13042"",""CMP-20250508-13151""]",Canara Bank,savings,Tamil Nadu,239700.00,8,False
07e90586-a61f-4771-a52a-b790f2771d84,"[""CMP-20241016-02255"",""CMP-20241117-03908"",""CMP-20250226-09214"",""CMP-20250613-15215"",""CMP-20250702-16349"",""CMP-20250803-18233"",""CMP-20250817-19066""]",Bank of Baroda,savings,Rajasthan,312800.00,7,False
164af2e7-ec8d-4139-a27c-eb5136b8e27d,"[""CMP-20241101-03045"",""CMP-20250205-08060"",""CMP-20250320-10364"",""CMP-20250502-12842"",""CMP-20250823-19440""]",Indian Bank,savings,Maharashtra,92400.00,5,False
6262d59d-5176-4c0d-a3d2-027001613917,"[""CMP-20241125-04335"",""CMP-20250729-17943""]",ICICI,savings,Uttar Pradesh,34200.00,2,False
64e43881-7f8d-48a2-a966-029259762895,"[""CMP-20241003-01576"",""CMP-20241109-03443"",""CMP-20241124-04252"",""CMP-20250413-11772"",""CMP-20250416-11908"",""CMP-20250524-14061""]",Indian Bank,savings,Jharkhand,114700.00,6,False
1c364d20-76b5-4028-ac56-35bfe706629c,"[""CMP-20241025-02686"",""CMP-20250116-07016""]",Axis Bank,savings,Uttar Pradesh,32100.00,2,False
40dc6b0f-78ca-4891-af46-d95f0d9cee27,"[""CMP-20240908-00327"",""CMP-20241011-02009"",""CMP-20241020-02487"",""CMP-20250209-08327"",""CMP-20250223-09045"",""CMP-20250321-10483"",""CMP-20250328-10866"",""CMP-20250525-14173""]",Paytm Payments Bank,savings,Jharkhand,318400.00,8,False
d8e749a1-eea9-4079-a21f-cbf6050cbc29,"[""CMP-20241015-02200"",""CMP-20241104-03213"",""CMP-20250104-06355"",""CMP-20250205-08082"",""CMP-20250207-08187"",""CMP-20250319-10312"",""CMP-20250629-16174"",""CMP-20250630-16264"",""CMP-20250703-16386"",""CMP-20250816-18991""]",Paytm Payments Bank,wallet,Jharkhand,334200.00,10,False
a15bf383-68e0-412e-a524-00aff414464e,"[""CMP-20241128-04433"",""CMP-20250115-06969"",""CMP-20250329-10958"",""CMP-20250614-15337"",""CMP-20250729-17984""]",ICICI,savings,Jharkhand,189900.00,5,True
a979935e-c7b4-4145-a7f0-ab208b114ea2,"[""CMP-20241114-03714"",""CMP-20250301-09378"",""CMP-20250804-18355""]",Canara Bank,savings,Rajasthan,66200.00,3,True
87609ba6-21e6-4db0-a607-ad0245122499,"[""CMP-20240904-00169"",""CMP-20250131-07825"",""CMP-20250608-14945"",""CMP-20250613-15212"",""CMP-20250729-17972""]",SBI,savings,West Bengal,184400.00,5,False
dd3a26f4-5596-4a6d-a333-8a5e966f9e68,"[""CMP-20241211-05120"",""CMP-20250105-06408"",""CMP-20250326-10780"",""CMP-20250613-15241"",""CMP-20250616-15424"",""CMP-20250619-15583"",""CMP-20250704-16472"",""CMP-20250726-17751""]",Paytm Payments Bank,savings,Uttar Pradesh,251300.00,8,True
3c208ed6-1452-4cd4-a5a4-9e4c01517061,"[""CMP-20241108-03408"",""CMP-20250508-13131"",""CMP-20250519-13809""]",HDFC,savings,Jharkhand,74300.00,3,False
3adc85ac-55c5-4251-a73f-0ed5c0802ca6,"[""CMP-20240918-00809"",""CMP-20241209-05043"",""CMP-20241228-06041"",""CMP-20250412-11686"",""CMP-20250712-16986"",""CMP-20250801-18136""]",Paytm Payments Bank,savings,Jharkhand,278700.00,6,True
48e85c4c-e928-43e7-ad6d-06cbd3a6536d,"[""CMP-20241107-03357"",""CMP-20241110-03521"",""CMP-20250208-08258"",""CMP-20250309-09795"",""CMP-20250523-13999"",""CMP-20250529-14323"",""CMP-20250808-18547""]",Airtel Payments Bank,wallet,Uttar Pradesh,386400.00,7,False
a303d735-7d54-4f7c-acfd-3996560eaf49,"[""CMP-20240901-00056"",""CMP-20240922-01021"",""CMP-20250202-07932"",""CMP-20250508-13138"",""CMP-20250705-16573"",""CMP-20250710-16828""]",Airtel Payments Bank,wallet,Rajasthan,236400.00,6,False
14297792-ebf1-49aa-ad1b-3cd828fbdc38,"[""CMP-20240912-00538"",""CMP-20250331-11092"",""CMP-20250419-12124"",""CMP-20250425-12465"",""CMP-20250711-16874""]",Indian Bank,savings,Jharkhand,176500.00,5,False
d1a08a1e-e047-48d4-ab8a-830e4c9d0e44,"[""CMP-20240902-00062"",""CMP-20241022-02572"",""CMP-20241103-03174"",""CMP-20250104-06369"",""CMP-20250303-09488"",""CMP-20250310-09874"",""CMP-20250416-11949"",""CMP-20250609-15013""]",SBI,savings,Karnataka,355100.00,8,False
84c29cb2-a34d-4e8d-a9a4-4355e351c79f,"[""CMP-20240907-00270"",""CMP-20241019-02415"",""CMP-20241113-03675"",""CMP-20241122-04098"",""CMP-20241208-04971"",""CMP-20241224-05822"",""CMP-20250109-06637"",""CMP-20250221-08947"",""CMP-20250310-09858"",""CMP-20250318-10308"",""CMP-20250504-12971""]",SBI,savings,Karnataka,317900.00,11,True
1a213108-31b1-4440-ac72-29780fe124fa,"[""CMP-20241030-02924"",""CMP-20250310-09871"",""CMP-20250725-17716""]",Axis Bank,savings,Jharkhand,75000.00,3,True
dd6223b2-3f6d-4623-a6a4-9da7ce68e094,"[""CMP-20240907-00279"",""CMP-20240907-00290"",""CMP-20241103-03149"",""CMP-20250116-06992"",""CMP-20250316-10220"",""CMP-20250411-11642"",""CMP-20250607-14924"",""CMP-20250613-15219"",""CMP-20250731-18093""]",Paytm Payments Bank,wallet,Uttar Pradesh,377100.00,9,False
bb0a9bd6-2036-4050-a975-efe2ed3c6827,"[""CMP-20240923-01082"",""CMP-20241108-03420"",""CMP-20241210-05051"",""CMP-20241220-05599"",""CMP-20250519-13842""]",Paytm Payments Bank,wallet,West Bengal,270700.00,5,False
47ea3f33-d1c1-4bd6-add6-24758b90ed06,"[""CMP-20240917-00778"",""CMP-20241017-02282"",""CMP-20241110-03511"",""CMP-20250711-16891"",""CMP-20250803-18273"",""CMP-20250803-18311""]",Bank of Baroda,savings,Jharkhand,257100.00,6,False
ab0987ed-fe2c-4b32-abdd-c62250f10454,"[""CMP-20241224-05799"",""CMP-20250116-06985"",""CMP-20250423-12337"",""CMP-20250510-13295"",""CMP-20250730-17991"",""CMP-20250803-18246""]",ICICI,savings,West Bengal,296000.00,6,False
e58c00b3-d9de-427b-ae28-93317a65f1d0,"[""CMP-20241003-01546"",""CMP-20241011-01962"",""CMP-20250116-07003"",""CMP-20250523-14015"",""CMP-20250630-16232"",""CMP-20250816-18990""]",HDFC,savings,Tamil Nadu,108900.00,6,False
7701df4f-bb74-4ae0-a2f2-db721f14c3c4,"[""CMP-20241007-01781"",""CMP-20241109-03500"",""CMP-20241115-03757"",""CMP-20250213-08498""]",Airtel Payments Bank,savings,Jharkhand,207200.00,4,False
b6c6723d-6520-4687-ad0e-eeadae7ba022,"[""CMP-20241009-01874"",""CMP-20250118-07131"",""CMP-20250415-11842"",""CMP-20250513-13446"",""CMP-20250602-14608"",""CMP-20250814-18875""]",Paytm Payments Bank,savings,Uttar Pradesh,301400.00,6,False
3d9cef70-6a8b-437d-a444-99aed864167c,"[""CMP-20241130-04557"",""CMP-20250111-06738"",""CMP-20250512-13404"",""CMP-20250726-17755""]",Indian Bank,savings,Uttar Pradesh,160400.00,4,True
8d44a15d-72ae-449c-a2de-09041d4d7910,"[""CMP-20241113-03696"",""CMP-20241129-04524"",""CMP-20241222-05688"",""CMP-20250319-10348"",""CMP-20250405-11366"",""CMP-20250531-14516""]",Indian Bank,savings,Tamil Nadu,422900.00,6,False
d910d680-2c07-4e63-ab5f-bc6f0d4c3963,"[""CMP-20240907-00269"",""CMP-20241014-02148"",""CMP-20241117-03901"",""CMP-20250312-09980"",""CMP-20250420-12177"",""CMP-20250628-16092"",""CMP-20250729-17956"",""CMP-20250831-19990""]",Axis Bank,savings,Uttar Pradesh,204800.00,8,False
8e2577d3-ee04-41a2-a965-427a467d7352,"[""CMP-20241220-05589"",""CMP-20250131-07810"",""CMP-20250228-09295"",""CMP-20250321-10432"",""CMP-20250807-18471""]",SBI,savings,Maharashtra,373100.00,5,False
e38edf44-2864-40f7-a162-d51028350071,"[""CMP-20241027-02815"",""CMP-20241213-05176"",""CMP-20250121-07283"",""CMP-20250303-09487""]",HDFC,savings,Rajasthan,199100.00,4,False
5d4e5905-ef26-450f-ab36-1ed6b7c23971,"[""CMP-20250114-06914"",""CMP-20250216-08710"",""CMP-20250408-11474"",""CMP-20250428-12612"",""CMP-20250515-13558"",""CMP-20250521-13911"",""CMP-20250703-16399""]",Canara Bank,savings,Jharkhand,197900.00,7,False
1f48a0f0-d8ab-42cb-a281-68824cfc93af,"[""CMP-20240907-00295"",""CMP-20240916-00750"",""CMP-20250223-09056"",""CMP-20250722-17553""]",Axis Bank,savings,Jharkhand,227400.00,4,False
672595e6-f159-4426-a223-019344221b0d,"[""CMP-20240910-00445"",""CMP-20250422-12291""]",Paytm Payments Bank,savings,Rajasthan,89500.00,2,False
0324efc3-1152-4afb-a9c9-add4e821e8e5,"[""CMP-20240907-00298"",""CMP-20240909-00393"",""CMP-20240926-01215"",""CMP-20250201-07864"",""CMP-20250405-11320"",""CMP-20250428-12622""]",Airtel Payments Bank,savings,Maharashtra,204800.00,6,False
03f698be-ae26-4ff4-aaed-83b0cbad5ee8,"[""CMP-20240918-00802"",""CMP-20241020-02436"",""CMP-20241209-05019"",""CMP-20250207-08147"",""CMP-20250317-10264"",""CMP-20250725-17706"",""CMP-20250803-18261""]",Bank of Baroda,savings,Uttar Pradesh,599600.00,7,True
55bd1982-1eb3-480a-a76d-e102538b2324,"[""CMP-20240916-00731"",""CMP-20241230-06136"",""CMP-20250228-09287"",""CMP-20250601-14530""]",Axis Bank,savings,Karnataka,131300.00,4,False
fd5e73ab-ae94-4278-ad5d-6de87446a7e3,"[""CMP-20250202-07917"",""CMP-20250309-09832"",""CMP-20250402-11164"",""CMP-20250606-14849"",""CMP-20250623-15821""]",Bank of Baroda,savings,Karnataka,145800.00,5,False
62e4e12c-bf99-450b-a79c-98805f2da2c2,"[""CMP-20241214-05262"",""CMP-20250106-06486"",""CMP-20250331-11086"",""CMP-20250505-13016"",""CMP-20250601-14582""]",Airtel Payments Bank,wallet,Rajasthan,288000.00,5,False
bdad61ce-f431-49f5-ac68-6e07c5c0d883,"[""CMP-20240914-00663"",""CMP-20241203-04727"",""CMP-20250207-08200"",""CMP-20250815-18915""]",Canara Bank,savings,Rajasthan,175500.00,4,False
e865f7dd-e52a-4e1a-a139-2e93a335f349,"[""CMP-20241203-04713"",""CMP-20250323-10610"",""CMP-20250720-17410"",""CMP-20250807-18497""]",Bank of Baroda,savings,Karnataka,230200.00,4,False
e6d4ed9f-0431-4c8e-ae59-40bda6261627,"[""CMP-20240924-01108"",""CMP-20240925-01160"",""CMP-20241030-02943"",""CMP-20250409-11522"",""CMP-20250426-12494"",""CMP-20250815-18928"",""CMP-20250823-19441""]",ICICI,savings,Jharkhand,278500.00,7,False
c9ddf7f3-fb14-4359-af85-30a12be12b34,"[""CMP-20250407-11455"",""CMP-20250601-14570"",""CMP-20250621-15735"",""CMP-20250822-19359""]",Axis Bank,savings,Tamil Nadu,174300.00,4,True
08beaa8a-7c3d-438e-a24f-e1d8a9f6c5b0,"[""CMP-20241218-05492"",""CMP-20250202-07936"",""CMP-20250430-12738"",""CMP-20250616-15448"",""CMP-20250714-17089"",""CMP-20250718-17271""]",Indian Bank,savings,Jharkhand,167700.00,6,True
8d5c6f72-e1a2-4173-ade0-16a39e352fc0,"[""CMP-20240907-00322"",""CMP-20241215-05311"",""CMP-20250105-06438"",""CMP-20250107-06535"",""CMP-20250205-08053"",""CMP-20250604-14715"",""CMP-20250613-15223"",""CMP-20250726-17776"",""CMP-20250731-18094""]",Paytm Payments Bank,savings,Uttar Pradesh,290600.00,9,True
c438aa10-034e-48ca-aba0-6d203d9408bb,"[""CMP-20240913-00582"",""CMP-20241014-02129"",""CMP-20241121-04080"",""CMP-20250320-10396"",""CMP-20250511-13348"",""CMP-20250513-13445"",""CMP-20250630-16260"",""CMP-20250702-16342"",""CMP-20250702-16352"",""CMP-20250713-17066"",""CMP-20250820-19243"",""CMP-20250828-19718""]",SBI,savings,Uttar Pradesh,282500.00,12,True
bb13e5c0-4c47-4edc-a714-51b0ae4c0a44,"[""CMP-20250103-06329"",""CMP-20250111-06768"",""CMP-20250112-06783"",""CMP-20250709-16759"",""CMP-20250720-17440""]",Axis Bank,savings,Tamil Nadu,154200.00,5,True
c15f923c-36d3-40e6-a3a8-8c664382a7ca,"[""CMP-20240919-00869"",""CMP-20241214-05291"",""CMP-20241220-05587"",""CMP-20241227-05944"",""CMP-20250512-13418"",""CMP-20250727-17843""]",Bank of Baroda,savings,Jharkhand,513800.00,6,True
4bf40de1-7b4e-4441-a1d7-2d3f0a1fbbb6,"[""CMP-20240920-00916"",""CMP-20241119-04013"",""CMP-20241120-04048"",""CMP-20250107-06536"",""CMP-20250111-06754"",""CMP-20250516-13642"",""CMP-20250608-14938""]",Airtel Payments Bank,savings,West Bengal,192600.00,7,False
3eb4c5ae-069a-4dcf-add6-59997dff0ef6,"[""CMP-20241018-02369"",""CMP-20241126-04380"",""CMP-20250405-11314"",""CMP-20250730-18008"",""CMP-20250809-18579""]",Airtel Payments Bank,wallet,Rajasthan,155300.00,5,False
96c371d3-7c08-40fd-a76a-0c60c4dded1e,"[""CMP-20240920-00891"",""CMP-20241229-06052"",""CMP-20250113-06880"",""CMP-20250305-09561"",""CMP-20250430-12717"",""CMP-20250709-16774""]",Indian Bank,savings,Maharashtra,225800.00,6,True
21e2f39a-c5f1-4988-a6dd-80b9bb3f3c61,"[""CMP-20250108-06583"",""CMP-20250510-13280"",""CMP-20250704-16452"",""CMP-20250728-17883""]",Canara Bank,savings,Tamil Nadu,53900.00,4,False
9f026eeb-72c3-47b4-a875-c70ab02250f5,"[""CMP-20241130-04578"",""CMP-20250126-07547"",""CMP-20250329-10956"",""CMP-20250412-11733"",""CMP-20250602-14604"",""CMP-20250602-14614""]",Paytm Payments Bank,wallet,Rajasthan,454200.00,6,False
8461b553-f7fa-4457-ab52-d3128780f071,"[""CMP-20250307-09657"",""CMP-20250321-10472"",""CMP-20250322-10514"",""CMP-20250613-15263""]",Paytm Payments Bank,wallet,Rajasthan,148500.00,4,True
4b586e6e-7a04-46bd-ab10-51dd1ca3ea28,"[""CMP-20240902-00084"",""CMP-20241213-05187"",""CMP-20250428-12626"",""CMP-20250505-13024"",""CMP-20250822-19330"",""CMP-20250824-19478""]",Paytm Payments Bank,wallet,Jharkhand,336100.00,6,False
1a9be1f3-976a-4de3-aa1b-8a4c5069f94d,"[""CMP-20241025-02724"",""CMP-20241123-04180"",""CMP-20250130-07784"",""CMP-20250131-07842"",""CMP-20250215-08661"",""CMP-20250509-13190"",""CMP-20250619-15560"",""CMP-20250710-16821"",""CMP-20250821-19264""]",ICICI,savings,Uttar Pradesh,393500.00,9,False
f8025da8-4be0-4f62-ae6e-80345cab9faa,"[""CMP-20240918-00832"",""CMP-20250321-10484"",""CMP-20250629-16154""]",SBI,savings,Jharkhand,84100.00,3,False
3c253976-e198-42cb-af06-2706f4ee3a7e,"[""CMP-20250228-09292"",""CMP-20250720-17456""]",Indian Bank,savings,Jharkhand,96200.00,2,True
428f129e-10e0-40f2-aff7-5d6625064303,"[""CMP-20241015-02179"",""CMP-20241121-04051"",""CMP-20250103-06317"",""CMP-20250214-08573"",""CMP-20250811-18727""]",Bank of Baroda,savings,Maharashtra,233900.00,5,False
f8e240e5-65f2-4bf2-a803-c7a508383d0c,"[""CMP-20240925-01173"",""CMP-20241115-03758"",""CMP-20250228-09282"",""CMP-20250314-10045"",""CMP-20250523-14001"",""CMP-20250624-15904"",""CMP-20250811-18739""]",ICICI,savings,Rajasthan,513400.00,7,True
1bedd7c6-012c-45c1-a975-a0d58bdeddae,"[""CMP-20240914-00640"",""CMP-20240924-01129"",""CMP-20241021-02500"",""CMP-20241114-03706"",""CMP-20250105-06406"",""CMP-20250308-09784"",""CMP-20250319-10331"",""CMP-20250420-12172"",""CMP-20250429-12695"",""CMP-20250718-17322""]",Axis Bank,savings,Jharkhand,531700.00,10,True
f5e7af6e-6e22-4c8b-a734-1f12fa5af3a8,"[""CMP-20241105-03285"",""CMP-20241114-03704"",""CMP-20241123-04210"",""CMP-20250218-08793"",""CMP-20250420-12156"",""CMP-20250420-12158"",""CMP-20250717-17251""]",HDFC,savings,Rajasthan,316300.00,7,False
416fcff7-d75f-439a-a20f-6dea25653dab,"[""CMP-20241108-03406"",""CMP-20241225-05860"",""CMP-20250524-14102"",""CMP-20250614-15276"",""CMP-20250620-15616"",""CMP-20250628-16076""]",Paytm Payments Bank,wallet,Uttar Pradesh,291500.00,6,True
726c6025-821d-4432-a73d-748bfb01cec3,"[""CMP-20240908-00369"",""CMP-20241215-05316"",""CMP-20250611-15150"",""CMP-20250806-18444""]",ICICI,savings,Rajasthan,395700.00,4,False
6e0e4703-4506-4c64-abb3-be97c2a7a624,"[""CMP-20240916-00717"",""CMP-20250514-13496"",""CMP-20250515-13551"",""CMP-20250714-17080"",""CMP-20250715-17142""]",SBI,savings,Jharkhand,186700.00,5,True
d0f6889f-ce75-493c-a3b5-4406fb18afbf,"[""CMP-20241018-02347"",""CMP-20241101-03048"",""CMP-20241229-06105"",""CMP-20250218-08816"",""CMP-20250227-09234"",""CMP-20250317-10242"",""CMP-20250427-12590"",""CMP-20250629-16165"",""CMP-20250827-19669""]",Axis Bank,savings,Rajasthan,236800.00,9,False
abb3cc23-9262-4edd-a0e3-d9118c570a7c,"[""CMP-20250118-07102"",""CMP-20250614-15289"",""CMP-20250823-19385"",""CMP-20250830-19847""]",Indian Bank,savings,Tamil Nadu,141700.00,4,False
0d647f24-4a5d-4afa-a1fd-5bd577209bec,"[""CMP-20241004-01635"",""CMP-20241005-01677"",""CMP-20241105-03267"",""CMP-20250611-15139"",""CMP-20250703-16394"",""CMP-20250817-19130""]",SBI,savings,Rajasthan,383600.00,6,True
d2fb76ef-6a24-406c-a951-0e25ef49c03e,"[""CMP-20241201-04624"",""CMP-20250404-11287"",""CMP-20250521-13900"",""CMP-20250528-14285"",""CMP-20250818-19163""]",HDFC,savings,West Bengal,231600.00,5,False
63b2b2fa-3b2a-4901-add0-f3756800abd8,"[""CMP-20241003-01564"",""CMP-20241231-06154"",""CMP-20250326-10759"",""CMP-20250705-16557"",""CMP-20250818-19137""]",Indian Bank,savings,West Bengal,317200.00,5,True
2f1216a0-422d-4dfd-a744-934b69d6321a,"[""CMP-20240903-00113"",""CMP-20240914-00618"",""CMP-20241222-05682"",""CMP-20250103-06306"",""CMP-20250321-10459"",""CMP-20250620-15652"",""CMP-20250622-15784""]",Axis Bank,savings,Rajasthan,322100.00,7,False
3768063a-4991-4d04-ac34-39e6eecfeee2,"[""CMP-20241102-03102"",""CMP-20241105-03279"",""CMP-20250201-07890"",""CMP-20250225-09171"",""CMP-20250806-18454""]",SBI,savings,Rajasthan,131200.00,5,True
63d026d7-043d-492f-a053-55aa1cf13344,"[""CMP-20240914-00674"",""CMP-20241203-04722"",""CMP-20250127-07599"",""CMP-20250129-07698"",""CMP-20250204-08017"",""CMP-20250328-10840"",""CMP-20250728-17898"",""CMP-20250803-18251""]",Bank of Baroda,savings,Jharkhand,373700.00,8,True
ad799829-71f4-4941-a822-393da1f58e30,"[""CMP-20240925-01156"",""CMP-20241227-05959"",""CMP-20250118-07158"",""CMP-20250208-08244"",""CMP-20250302-09444"",""CMP-20250327-10796"",""CMP-20250416-11911"",""CMP-20250608-14956"",""CMP-20250618-15546""]",Bank of Baroda,savings,Rajasthan,405500.00,9,True
e1968b60-9ed6-4d21-a467-a1ae2269f5b9,"[""CMP-20240914-00653"",""CMP-20250208-08264"",""CMP-20250423-12338"",""CMP-20250510-13292"",""CMP-20250617-15493"",""CMP-20250623-15851"",""CMP-20250729-17939"",""CMP-20250809-18600""]",Bank of Baroda,savings,Uttar Pradesh,471500.00,8,True
7eaa1dd3-0f4b-4e3f-a2a8-320a6a6c0f96,"[""CMP-20240911-00503"",""CMP-20240913-00580"",""CMP-20250206-08129"",""CMP-20250225-09162"",""CMP-20250324-10688"",""CMP-20250518-13749"",""CMP-20250707-16700"",""CMP-20250830-19888""]",Canara Bank,savings,Jharkhand,281500.00,8,False
5a8a53a4-3260-475a-a7bd-f4ab6694c324,"[""CMP-20240913-00595"",""CMP-20250101-06235"",""CMP-20250104-06398"",""CMP-20250307-09686"",""CMP-20250527-14271""]",Airtel Payments Bank,wallet,Rajasthan,235700.00,5,False
de2bb459-4af0-44ea-a60b-0f3ca449cf24,"[""CMP-20250107-06553"",""CMP-20250118-07149"",""CMP-20250301-09370"",""CMP-20250614-15278""]",Airtel Payments Bank,wallet,Tamil Nadu,83800.00,4,False
ca2b97ed-2712-4a53-a1a2-6502e7d9aa71,"[""CMP-20240925-01194"",""CMP-20240928-01343"",""CMP-20241009-01859"",""CMP-20241106-03324"",""CMP-20241128-04464"",""CMP-20250127-07603"",""CMP-20250413-11759""]",Canara Bank,savings,Rajasthan,235100.00,7,True
72e317e8-fa60-496c-a228-e5cb7b72714d,"[""CMP-20250214-08584"",""CMP-20250308-09717"",""CMP-20250518-13766"",""CMP-20250808-18575""]",Axis Bank,savings,Uttar Pradesh,125300.00,4,False
9ae21db9-6255-4175-a0db-2e54afc60c4e,"[""CMP-20241106-03329"",""CMP-20241202-04670"",""CMP-20250126-07546"",""CMP-20250213-08501""]",Indian Bank,savings,Jharkhand,169300.00,4,False
8fb44e9d-ae87-47de-ae3d-b4e140e86739,"[""CMP-20241002-01520"",""CMP-20241003-01585"",""CMP-20241206-04857"",""CMP-20250802-18212"",""CMP-20250814-18894""]",SBI,savings,Tamil Nadu,207800.00,5,False
7e8f0102-0fcf-44ee-ac2e-132c67f12bd5,"[""CMP-20240916-00763"",""CMP-20250601-14540"",""CMP-20250625-15932""]",Bank of Baroda,savings,Jharkhand,227000.00,3,False
f4115155-dd44-4867-aa31-9453431ef515,"[""CMP-20250224-09121""]",Canara Bank,savings,Uttar Pradesh,27900.00,1,False
786248ea-133c-442c-a17b-31846d832e97,"[""CMP-20240922-01008"",""CMP-20241217-05462"",""CMP-20241227-05942"",""CMP-20250103-06309"",""CMP-20250125-07508"",""CMP-20250325-10699"",""CMP-20250328-10830"",""CMP-20250614-15315"",""CMP-20250806-18436""]",Canara Bank,savings,Jharkhand,356100.00,9,False
8c7b9e19-662d-40ed-a696-1f645627e476,"[""CMP-20240913-00598"",""CMP-20241017-02267"",""CMP-20241109-03472"",""CMP-20241210-05060"",""CMP-20250109-06610"",""CMP-20250223-09073"",""CMP-20250316-10160"",""CMP-20250615-15372"",""CMP-20250711-16915"",""CMP-20250731-18046"",""CMP-20250808-18511"",""CMP-20250816-19005""]",Indian Bank,savings,Uttar Pradesh,535500.00,12,True
3518ea46-7ead-4e9e-afda-896be0dc164a,"[""CMP-20241124-04307"",""CMP-20241125-04320"",""CMP-20241231-06166"",""CMP-20250304-09543"",""CMP-20250504-12945"",""CMP-20250623-15819""]",Bank of Baroda,savings,Uttar Pradesh,232200.00,6,False
67e41b84-76d0-4f62-a66c-b53d70ec3ca6,"[""CMP-20241024-02661"",""CMP-20241112-03645"",""CMP-20241202-04689"",""CMP-20250223-09090"",""CMP-20250226-09195"",""CMP-20250403-11233"",""CMP-20250512-13393"",""CMP-20250825-19556""]",Airtel Payments Bank,savings,Uttar Pradesh,262600.00,8,False
1db1788d-1bbd-43af-adff-4ca2455f9756,"[""CMP-20241017-02301"",""CMP-20241027-02783"",""CMP-20241124-04255"",""CMP-20250325-10735"",""CMP-20250404-11276"",""CMP-20250720-17458"",""CMP-20250824-19531"",""CMP-20250829-19821""]",SBI,savings,Tamil Nadu,253300.00,8,False
48f2a91d-7a9b-4a75-a6fc-ef9ece1de5c1,"[""CMP-20241217-05455"",""CMP-20250226-09198"",""CMP-20250320-10384"",""CMP-20250330-10967"",""CMP-20250404-11281"",""CMP-20250404-11286"",""CMP-20250422-12327"",""CMP-20250430-12708"",""CMP-20250507-13099""]",Airtel Payments Bank,wallet,Rajasthan,1001800.00,9,True
a2d0db41-4e56-4eee-a4f0-c4e783aaca3e,"[""CMP-20241026-02775"",""CMP-20241203-04721"",""CMP-20250303-09463"",""CMP-20250424-12406"",""CMP-20250623-15827"",""CMP-20250829-19773""]",Paytm Payments Bank,savings,Jharkhand,178400.00,6,False
52f8c70b-bc79-449b-a6f4-a1de93235075,"[""CMP-20241021-02501"",""CMP-20241205-04806"",""CMP-20241207-04887"",""CMP-20250101-06243"",""CMP-20250118-07100"",""CMP-20250127-07605"",""CMP-20250131-07812"",""CMP-20250316-10197"",""CMP-20250813-18838""]",HDFC,savings,Uttar Pradesh,382700.00,9,False
f33a60af-f27e-4813-a890-1fb45d36184d,"[""CMP-20241122-04111"",""CMP-20250127-07606"",""CMP-20250718-17289""]",Bank of Baroda,savings,Maharashtra,125300.00,3,False
07246c9f-e392-4978-ab4b-9486f6650f49,"[""CMP-20241001-01493"",""CMP-20250106-06484"",""CMP-20250110-06715"",""CMP-20250113-06878"",""CMP-20250125-07499"",""CMP-20250211-08398"",""CMP-20250515-13525"",""CMP-20250604-14723"",""CMP-20250607-14865""]",Canara Bank,savings,Jharkhand,293300.00,9,False
14cde22f-dbad-4b0d-a4fd-2c477055d21f,"[""CMP-20241206-04874"",""CMP-20250215-08630"",""CMP-20250223-09029"",""CMP-20250320-10389"",""CMP-20250720-17467""]",SBI,savings,Tamil Nadu,120400.00,5,False
45e2c57b-a3c5-4e1b-acd1-0524eedc4c36,"[""CMP-20250301-09345"",""CMP-20250521-13920"",""CMP-20250524-14076""]",SBI,savings,Rajasthan,825400.00,3,True
bae1a465-c849-422a-a9df-349dfd8ef4a5,"[""CMP-20241029-02887"",""CMP-20241209-05015"",""CMP-20250410-11599"",""CMP-20250425-12430"",""CMP-20250521-13924""]",Canara Bank,savings,Uttar Pradesh,171400.00,5,False
6b53ced7-55fd-4c7f-ac82-586ba612b2ec,"[""CMP-20240928-01333"",""CMP-20241117-03912"",""CMP-20250130-07776"",""CMP-20250426-12474"",""CMP-20250708-16738"",""CMP-20250812-18801""]",Axis Bank,savings,Tamil Nadu,209300.00,6,True
b89c8faf-8e0a-4943-a0ae-35b1209c1117,"[""CMP-20241007-01789"",""CMP-20241012-02068"",""CMP-20241030-02940"",""CMP-20250123-07407"",""CMP-20250205-08058"",""CMP-20250209-08320"",""CMP-20250214-08586"",""CMP-20250525-14150"",""CMP-20250708-16723""]",Paytm Payments Bank,wallet,Rajasthan,498300.00,9,False
244b9e85-45e4-4721-a03f-3c74f6b52a8f,"[""CMP-20241130-04603"",""CMP-20241216-05408"",""CMP-20250130-07780"",""CMP-20250521-13922"",""CMP-20250622-15751"",""CMP-20250717-17240""]",Bank of Baroda,savings,Rajasthan,163500.00,6,False
e6e9f62d-988e-417a-a7d4-994b07b484d9,"[""CMP-20240914-00657"",""CMP-20241127-04414"",""CMP-20241210-05082"",""CMP-20250227-09268"",""CMP-20250318-10270"",""CMP-20250323-10605"",""CMP-20250520-13858"",""CMP-20250529-14336"",""CMP-20250717-17228""]",Bank of Baroda,savings,West Bengal,347200.00,9,False
40121f44-3a6c-4f5b-ad45-7a5db5d6cf9c,"[""CMP-20240911-00500"",""CMP-20241228-05996"",""CMP-20250107-06537"",""CMP-20250313-10012"",""CMP-20250316-10193"",""CMP-20250611-15119""]",Canara Bank,savings,Uttar Pradesh,282500.00,6,False
f6b9c6e7-199c-4e4a-a3a3-cdd2bc64544d,"[""CMP-20240920-00937"",""CMP-20250115-06946"",""CMP-20250211-08395"",""CMP-20250505-13025""]",HDFC,savings,Jharkhand,175400.00,4,False
5026c096-838e-41a3-a2e6-3494b7dd9f7c,"[""CMP-20250109-06623"",""CMP-20250216-08680"",""CMP-20250305-09578"",""CMP-20250815-18957""]",Paytm Payments Bank,savings,Uttar Pradesh,144400.00,4,False
ffe7ffe5-f5a5-4ea0-ab79-8b15e5dc8d8e,"[""CMP-20240906-00263"",""CMP-20240929-01377"",""CMP-20241020-02443"",""CMP-20241221-05618"",""CMP-20250723-17616"",""CMP-20250810-18676""]",Paytm Payments Bank,wallet,Tamil Nadu,279000.00,6,False
86c90ce8-26bf-4f5d-a2bf-0804e6f55802,"[""CMP-20241023-02591"",""CMP-20241024-02634"",""CMP-20241202-04679"",""CMP-20250303-09458"",""CMP-20250607-14867"",""CMP-20250717-17223""]",Canara Bank,savings,Uttar Pradesh,156600.00,6,False
1c38cc80-61ad-4cdd-ac94-835fb3866c49,"[""CMP-20250103-06308"",""CMP-20250427-12565"",""CMP-20250716-17199""]",HDFC,savings,Jharkhand,44400.00,3,False
205a965c-87c7-47cb-a724-7c67878166cf,"[""CMP-20241003-01572"",""CMP-20250524-14105"",""CMP-20250714-17093""]",Axis Bank,savings,Uttar Pradesh,136400.00,3,False
38929ecf-9524-4ecb-a1d3-bdfacaf3f4e7,"[""CMP-20240909-00421"",""CMP-20240919-00856"",""CMP-20241023-02598"",""CMP-20250223-09061"",""CMP-20250323-10646"",""CMP-20250406-11398"",""CMP-20250530-14403""]",SBI,savings,Uttar Pradesh,321000.00,7,False
1c642497-a77c-4565-aa50-b7cf7bf0dc81,"[""CMP-20240920-00927"",""CMP-20240921-00996"",""CMP-20250208-08238"",""CMP-20250216-08723"",""CMP-20250328-10865""]",Axis Bank,savings,Jharkhand,269900.00,5,False
d3244373-9b8b-4363-ab00-7446fbc200e8,"[""CMP-20240906-00230"",""CMP-20250324-10669"",""CMP-20250503-12864"",""CMP-20250610-15097""]",Paytm Payments Bank,wallet,Jharkhand,157800.00,4,True
dbdc0f5a-892a-4177-a68b-601ae396e059,"[""CMP-20241006-01740"",""CMP-20241019-02413"",""CMP-20250206-08131"",""CMP-20250815-18958""]",Canara Bank,savings,Tamil Nadu,155700.00,4,False
9c71afa0-00a6-471a-ae07-a4b4609ff31b,"[""CMP-20241213-05203"",""CMP-20241222-05718"",""CMP-20250112-06834"",""CMP-20250302-09421"",""CMP-20250323-10612"",""CMP-20250408-11508"",""CMP-20250412-11695"",""CMP-20250521-13897""]",Paytm Payments Bank,savings,Uttar Pradesh,369200.00,8,False
72847b5d-a6e1-4a4a-acd0-9836f8288e65,"[""CMP-20241208-04957"",""CMP-20250204-08041"",""CMP-20250209-08322"",""CMP-20250302-09415"",""CMP-20250405-11313"",""CMP-20250613-15228""]",Paytm Payments Bank,savings,Jharkhand,451800.00,6,False
61b95174-c36e-408c-aed2-f40e87fa7e58,"[""CMP-20241005-01660"",""CMP-20241028-02877"",""CMP-20241029-02910"",""CMP-20250524-14095"",""CMP-20250630-16247"",""CMP-20250713-17062"",""CMP-20250728-17915"",""CMP-20250808-18519"",""CMP-20250809-18634""]",Axis Bank,savings,West Bengal,190900.00,9,True
c611ea03-c257-4bf2-a350-c3df38275f59,"[""CMP-20240929-01373"",""CMP-20241110-03515"",""CMP-20250102-06266"",""CMP-20250109-06615"",""CMP-20250116-07027"",""CMP-20250614-15300"",""CMP-20250824-19522""]",SBI,savings,Uttar Pradesh,295500.00,7,False
aaffe388-b6d4-4d95-ac5f-fbb45d1ef818,"[""CMP-20240923-01064"",""CMP-20241121-04049"",""CMP-20250111-06752""]",Airtel Payments Bank,wallet,Rajasthan,46500.00,3,False
83f6ada2-fea3-4545-a4aa-356d2993f19c,"[""CMP-20240909-00399"",""CMP-20250103-06293"",""CMP-20250125-07519"",""CMP-20250213-08492"",""CMP-20250324-10678"",""CMP-20250509-13204"",""CMP-20250829-19780""]",ICICI,savings,Rajasthan,351600.00,7,False
dd13ebc4-5beb-4aed-a66e-191ff6f2f150,"[""CMP-20240901-00019"",""CMP-20240906-00253"",""CMP-20240909-00391"",""CMP-20240917-00797"",""CMP-20250221-08940"",""CMP-20250504-13006"",""CMP-20250520-13877"",""CMP-20250704-16478"",""CMP-20250728-17879"",""CMP-20250826-19611""]",SBI,savings,Uttar Pradesh,176200.00,10,False
c9b88a40-4e66-4281-a04d-55acc092514a,"[""CMP-20241020-02483"",""CMP-20241125-04337"",""CMP-20241215-05354"",""CMP-20241216-05404"",""CMP-20241217-05430"",""CMP-20241220-05548"",""CMP-20250121-07297"",""CMP-20250310-09886"",""CMP-20250323-10619"",""CMP-20250410-11593"",""CMP-20250611-15112""]",Paytm Payments Bank,savings,Karnataka,515100.00,11,True
e8060421-1c04-4bda-a9c9-f1b369d072a3,"[""CMP-20240906-00231"",""CMP-20241012-02025"",""CMP-20241130-04562"",""CMP-20241216-05391"",""CMP-20250103-06341"",""CMP-20250319-10315"",""CMP-20250415-11848"",""CMP-20250430-12741"",""CMP-20250616-15414"",""CMP-20250712-16956"",""CMP-20250812-18776""]",Axis Bank,savings,Tamil Nadu,314700.00,11,True
cc05c388-23a0-4b3b-ae82-9ac926ea6129,"[""CMP-20240908-00383"",""CMP-20241005-01705"",""CMP-20250215-08610"",""CMP-20250515-13517"",""CMP-20250517-13726"",""CMP-20250705-16524""]",Airtel Payments Bank,wallet,Tamil Nadu,251100.00,6,False
8f46d432-179f-408e-a680-a5617138fb78,"[""CMP-20240923-01075"",""CMP-20241016-02254"",""CMP-20241018-02331"",""CMP-20241227-05976"",""CMP-20250314-10075"",""CMP-20250322-10527"",""CMP-20250322-10552"",""CMP-20250328-10845"",""CMP-20250523-14023"",""CMP-20250719-17344""]",Bank of Baroda,savings,Jharkhand,280100.00,10,False
c7e09131-0a0e-4720-a702-c703e135175f,"[""CMP-20250305-09558"",""CMP-20250601-14574"",""CMP-20250712-16988""]",Bank of Baroda,savings,Rajasthan,222700.00,3,False
7168fde8-e3e9-4c12-a98a-fa0fdafb9dcf,"[""CMP-20250614-15313"",""CMP-20250804-18338"",""CMP-20250807-18460""]",Paytm Payments Bank,wallet,Rajasthan,215700.00,3,False
8a28423d-6d08-4146-ad5b-e8fc7e493faf,"[""CMP-20241017-02272"",""CMP-20241105-03266"",""CMP-20241121-04071"",""CMP-20250228-09309"",""CMP-20250310-09892"",""CMP-20250402-11166"",""CMP-20250425-12418"",""CMP-20250425-12444"",""CMP-20250606-14837"",""CMP-20250709-16793"",""CMP-20250729-17967""]",ICICI,savings,Tamil Nadu,519400.00,11,True
edc3ac0d-9f60-4d28-a735-f0d099d4e311,"[""CMP-20240903-00133"",""CMP-20241120-04029"",""CMP-20250204-08049"",""CMP-20250418-12010"",""CMP-20250611-15117""]",ICICI,savings,Uttar Pradesh,135900.00,5,False
a95b1e94-6ba4-4eea-ad5c-ec450d109bde,"[""CMP-20241018-02317"",""CMP-20241124-04235"",""CMP-20250202-07959"",""CMP-20250329-10912"",""CMP-20250813-18828"",""CMP-20250830-19900""]",SBI,savings,Uttar Pradesh,147400.00,6,False
58f42b4a-2892-4d58-a5c1-983f717eac43,"[""CMP-20241221-05658"",""CMP-20241228-06009"",""CMP-20250513-13455"",""CMP-20250525-14154"",""CMP-20250527-14258"",""CMP-20250620-15628"",""CMP-20250705-16525"",""CMP-20250716-17211""]",Canara Bank,savings,Uttar Pradesh,336800.00,8,True
7f9261e1-a17b-466b-a564-aec46ff363f6,"[""CMP-20241013-02118"",""CMP-20241015-02175"",""CMP-20241225-05831"",""CMP-20250116-07025"",""CMP-20250130-07761"",""CMP-20250518-13771"",""CMP-20250817-19075""]",Indian Bank,savings,Uttar Pradesh,432300.00,7,False
654a699f-2b92-42ec-a87e-336d26f29b68,"[""CMP-20240920-00897"",""CMP-20241201-04634"",""CMP-20250608-14991""]",Paytm Payments Bank,savings,Jharkhand,134500.00,3,True
b26616b2-68ce-4e2e-ade3-73a47c4edbfe,"[""CMP-20240912-00545"",""CMP-20250204-08021"",""CMP-20250406-11431"",""CMP-20250408-11510"",""CMP-20250428-12631"",""CMP-20250502-12824"",""CMP-20250523-14032"",""CMP-20250716-17171"",""CMP-20250717-17248""]",Axis Bank,savings,Rajasthan,446400.00,9,True
1b33fd7e-7d32-4681-ac99-6ce461fda0ab,"[""CMP-20241028-02857"",""CMP-20241109-03504"",""CMP-20241119-04016"",""CMP-20241204-04756"",""CMP-20241215-05352"",""CMP-20250126-07571"",""CMP-20250217-08753"",""CMP-20250320-10404"",""CMP-20250810-18686""]",ICICI,savings,Rajasthan,341200.00,9,False
babf7e59-6bf8-4865-a904-fc379138db55,"[""CMP-20241113-03687"",""CMP-20241127-04427"",""CMP-20241204-04755"",""CMP-20250126-07593"",""CMP-20250210-08361"",""CMP-20250513-13465"",""CMP-20250704-16464"",""CMP-20250817-19063""]",SBI,savings,Rajasthan,266100.00,8,True
45d7ceec-971c-468b-af3c-d75428a479c2,"[""CMP-20250402-11151"",""CMP-20250510-13285"",""CMP-20250626-15953"",""CMP-20250802-18179""]",Paytm Payments Bank,savings,Karnataka,222200.00,4,False
101caaeb-8fad-436d-a838-d36a71919d73,"[""CMP-20240909-00422"",""CMP-20241217-05427"",""CMP-20250711-16898""]",Axis Bank,savings,Maharashtra,319300.00,3,False
17b1d684-22ec-4189-a0fa-2c1cd1d312ad,"[""CMP-20241008-01809"",""CMP-20241021-02496"",""CMP-20250210-08376"",""CMP-20250221-08939"",""CMP-20250425-12452"",""CMP-20250520-13859"",""CMP-20250609-15034"",""CMP-20250613-15256"",""CMP-20250720-17421"",""CMP-20250825-19554""]",Canara Bank,savings,Uttar Pradesh,840300.00,10,True
3c883d32-06ba-4e88-a31d-4f226de89516,"[""CMP-20240905-00217"",""CMP-20241026-02782"",""CMP-20250315-10140"",""CMP-20250323-10655"",""CMP-20250405-11308"",""CMP-20250406-11428"",""CMP-20250417-11988"",""CMP-20250623-15838"",""CMP-20250805-18364""]",Airtel Payments Bank,savings,Uttar Pradesh,549200.00,9,False
1c34cbad-46e9-4f27-a1be-0890eb03b0b9,"[""CMP-20240905-00190"",""CMP-20240923-01065"",""CMP-20241020-02468"",""CMP-20250125-07517"",""CMP-20250216-08705"",""CMP-20250708-16720""]",Bank of Baroda,savings,West Bengal,578800.00,6,True
b24b288f-7557-4d6f-afc8-c5bb3dcc8f55,"[""CMP-20241020-02441"",""CMP-20241110-03556"",""CMP-20250325-10737"",""CMP-20250615-15369""]",Airtel Payments Bank,savings,Karnataka,67400.00,4,False
bfa6ce24-3883-408d-a1a6-83cacaa0807c,"[""CMP-20241020-02442"",""CMP-20241021-02516"",""CMP-20241118-03971"",""CMP-20250119-07165"",""CMP-20250225-09161"",""CMP-20250416-11938"",""CMP-20250520-13874"",""CMP-20250724-17654"",""CMP-20250817-19108""]",ICICI,savings,Maharashtra,344300.00,9,False
b2dea11e-5ecd-417e-ac9a-1d674722e491,"[""CMP-20240915-00683"",""CMP-20241021-02513"",""CMP-20241126-04384"",""CMP-20250119-07173"",""CMP-20250227-09219"",""CMP-20250419-12092"",""CMP-20250421-12273"",""CMP-20250523-13981"",""CMP-20250607-14929"",""CMP-20250816-19037""]",Indian Bank,savings,Uttar Pradesh,398700.00,10,False
04f02b44-6103-4535-ab34-f15f7ad28a1c,"[""CMP-20240926-01202"",""CMP-20241111-03593"",""CMP-20250206-08113"",""CMP-20250304-09537"",""CMP-20250417-11989"",""CMP-20250718-17262"",""CMP-20250814-18849""]",Airtel Payments Bank,wallet,West Bengal,265200.00,7,True
f8dda678-5b9f-478c-a4f7-a80690c311fd,"[""CMP-20240904-00177"",""CMP-20240911-00509"",""CMP-20241120-04047"",""CMP-20241215-05335"",""CMP-20250119-07208"",""CMP-20250304-09518"",""CMP-20250629-16201"",""CMP-20250710-16813"",""CMP-20250724-17631"",""CMP-20250817-19085""]",Airtel Payments Bank,savings,Jharkhand,410100.00,10,False
0ffefe90-637d-4288-a3c9-a30af7a617a4,"[""CMP-20241002-01536"",""CMP-20241004-01597"",""CMP-20241009-01868"",""CMP-20250103-06288"",""CMP-20250106-06505"",""CMP-20250116-07028"",""CMP-20250118-07129"",""CMP-20250128-07681"",""CMP-20250414-11824"",""CMP-20250416-11921"",""CMP-20250712-16942"",""CMP-20250811-18740"",""CMP-20250816-19021"",""CMP-20250824-19497""]",SBI,savings,Maharashtra,721400.00,14,True
6445a94a-9cff-4b92-a95b-2f32b05330dd,"[""CMP-20241001-01474"",""CMP-20241009-01887"",""CMP-20241111-03602"",""CMP-20250207-08146"",""CMP-20250307-09684"",""CMP-20250418-12058"",""CMP-20250425-12427"",""CMP-20250713-17021"",""CMP-20250809-18601"",""CMP-20250823-19438""]",Bank of Baroda,savings,Karnataka,765200.00,10,False
fc5a016b-dc04-4229-a168-28538aa88259,"[""CMP-20241123-04199"",""CMP-20250110-06675"",""CMP-20250305-09591"",""CMP-20250603-14660""]",Paytm Payments Bank,savings,Uttar Pradesh,212100.00,4,False
b9efebb2-4aa9-4cbe-a55f-31d5d46ffb77,"[""CMP-20241006-01730"",""CMP-20241124-04250"",""CMP-20250207-08178"",""CMP-20250412-11707"",""CMP-20250710-16855""]",Axis Bank,savings,Uttar Pradesh,195300.00,5,False
8f80e8fc-6088-4202-a1b1-319bbffd7d2f,"[""CMP-20240906-00229"",""CMP-20240926-01218"",""CMP-20241102-03068"",""CMP-20250519-13814"",""CMP-20250621-15675""]",SBI,savings,Jharkhand,287300.00,5,False
01fb6cd8-e8bc-42fd-ac72-053c3aa0af45,"[""CMP-20241123-04166"",""CMP-20250115-06960"",""CMP-20250208-08242"",""CMP-20250418-12011"",""CMP-20250508-13139"",""CMP-20250529-14335"",""CMP-20250622-15815"",""CMP-20250719-17364""]",Paytm Payments Bank,wallet,Rajasthan,282100.00,8,False
d76dd600-24cb-458a-a8e4-464ed42ef33a,"[""CMP-20241221-05623"",""CMP-20250129-07719"",""CMP-20250327-10821"",""CMP-20250329-10901"",""CMP-20250509-13206"",""CMP-20250606-14808"",""CMP-20250717-17230"",""CMP-20250722-17554""]",Canara Bank,savings,Uttar Pradesh,367900.00,8,False
8c644d3b-8376-4cbd-a315-1c1017dd57b4,"[""CMP-20240910-00446"",""CMP-20240916-00744"",""CMP-20241018-02311"",""CMP-20241108-03395"",""CMP-20250210-08387"",""CMP-20250303-09472"",""CMP-20250610-15089"",""CMP-20250730-18010""]",Bank of Baroda,savings,Jharkhand,455200.00,8,True
b0d928ad-fcec-47ed-a4f6-849b99ec1972,"[""CMP-20241015-02182"",""CMP-20241122-04140"",""CMP-20241227-05967"",""CMP-20250124-07445"",""CMP-20250219-08829"",""CMP-20250714-17071""]",HDFC,savings,Rajasthan,246900.00,6,False
36860fa8-0e28-45fb-a1a8-40ca3e3f0d4f,"[""CMP-20250418-12053"",""CMP-20250508-13166"",""CMP-20250607-14902"",""CMP-20250626-15982""]",HDFC,savings,Karnataka,72400.00,4,False
f38dbbe1-ef93-4562-a823-cc1244aaa8a5,"[""CMP-20241012-02052"",""CMP-20250222-08967"",""CMP-20250425-12437"",""CMP-20250531-14463"",""CMP-20250711-16909"",""CMP-20250831-19937""]",SBI,savings,Uttar Pradesh,271800.00,6,True
8a3f9920-d205-4993-acf4-9d03989338ed,"[""CMP-20241117-03890"",""CMP-20250309-09854"",""CMP-20250414-11817"",""CMP-20250613-15252"",""CMP-20250723-17585""]",Paytm Payments Bank,wallet,Jharkhand,157400.00,5,False
012e29b0-d4d7-436a-ac0d-586f2307a9d1,"[""CMP-20241022-02555"",""CMP-20241120-04044"",""CMP-20250220-08896"",""CMP-20250318-10276"",""CMP-20250609-15033"",""CMP-20250719-17359""]",Bank of Baroda,savings,Uttar Pradesh,208500.00,6,False
e944a8fa-d02b-4304-acd2-9adeb942d7ab,"[""CMP-20241018-02370"",""CMP-20241126-04360"",""CMP-20241202-04669"",""CMP-20241216-05381"",""CMP-20241227-05933"",""CMP-20250228-09323"",""CMP-20250624-15889"",""CMP-20250712-16943""]",Bank of Baroda,savings,Karnataka,598300.00,8,True
ef5bb25e-bebe-48d6-a38c-bd25d41ad456,"[""CMP-20240923-01071"",""CMP-20241201-04638"",""CMP-20250129-07697"",""CMP-20250401-11129"",""CMP-20250831-20000""]",Paytm Payments Bank,savings,Uttar Pradesh,224300.00,5,True
2b9b7ab4-211a-4f45-a759-3f4865222cde,"[""CMP-20241012-02061"",""CMP-20241128-04477"",""CMP-20250420-12222""]",Paytm Payments Bank,wallet,Tamil Nadu,203200.00,3,False
bb67ee67-2562-4699-a69e-db0b5ee0b1db,"[""CMP-20241124-04288"",""CMP-20250101-06245"",""CMP-20250111-06773"",""CMP-20250206-08115"",""CMP-20250314-10064"",""CMP-20250406-11421"",""CMP-20250406-11427"",""CMP-20250620-15621"",""CMP-20250621-15701""]",HDFC,savings,Uttar Pradesh,272800.00,9,False
3ee9b2e6-a100-4dde-a7cc-bdea4c7ae547,"[""CMP-20250207-08176"",""CMP-20250301-09359"",""CMP-20250726-17783""]",Bank of Baroda,savings,Uttar Pradesh,129200.00,3,False
268b1e81-047f-4f41-acd8-a70bb7036bac,"[""CMP-20241016-02243"",""CMP-20241105-03247"",""CMP-20241224-05819"",""CMP-20250202-07923"",""CMP-20250329-10897"",""CMP-20250330-11028"",""CMP-20250503-12860"",""CMP-20250625-15933""]",Canara Bank,savings,Karnataka,225400.00,8,False
6f55a640-c717-4186-af30-2b15b4737d09,"[""CMP-20241124-04256"",""CMP-20241209-05005"",""CMP-20250405-11319"",""CMP-20250528-14295""]",ICICI,savings,Tamil Nadu,148400.00,4,True
54b9850c-63ac-47f6-a95f-44bee7826a54,"[""CMP-20241014-02145"",""CMP-20241105-03272"",""CMP-20250201-07880"",""CMP-20250223-09047"",""CMP-20250311-09937"",""CMP-20250502-12852"",""CMP-20250525-14127"",""CMP-20250530-14373"",""CMP-20250609-15031""]",Indian Bank,savings,Tamil Nadu,458300.00,9,False
5b3714a3-5f6a-4544-a4f2-6214cd7092ef,"[""CMP-20240928-01314"",""CMP-20241220-05566"",""CMP-20250308-09739"",""CMP-20250514-13498"",""CMP-20250515-13526"",""CMP-20250517-13699"",""CMP-20250719-17365"",""CMP-20250808-18560""]",SBI,savings,Uttar Pradesh,263500.00,8,False
e9cb8ab0-2808-454b-af95-224065c4400b,"[""CMP-20240913-00574"",""CMP-20241030-02935"",""CMP-20241108-03401"",""CMP-20250117-07069"",""CMP-20250220-08875"",""CMP-20250413-11785"",""CMP-20250427-12563"",""CMP-20250516-13649"",""CMP-20250810-18665""]",Axis Bank,savings,Uttar Pradesh,415200.00,9,False
2b123d8b-3096-4726-a7fe-93e6a48ce791,"[""CMP-20240930-01447"",""CMP-20241201-04640"",""CMP-20250225-09145"",""CMP-20250517-13689"",""CMP-20250518-13757"",""CMP-20250618-15535"",""CMP-20250706-16621"",""CMP-20250730-17992""]",Airtel Payments Bank,savings,Jharkhand,222500.00,8,True
9bc5972e-4b6a-437b-afa8-a19411df6882,"[""CMP-20241129-04500"",""CMP-20241213-05183"",""CMP-20241214-05305"",""CMP-20250122-07337"",""CMP-20250405-11362"",""CMP-20250517-13656"",""CMP-20250622-15752"",""CMP-20250818-19178""]",Axis Bank,savings,Rajasthan,431800.00,8,False
cc66cddd-35a4-4ffe-a472-e70ad2ca33c8,"[""CMP-20240917-00790"",""CMP-20241228-05992"",""CMP-20250530-14415"",""CMP-20250603-14654"",""CMP-20250604-14713"",""CMP-20250803-18270""]",HDFC,savings,Uttar Pradesh,158700.00,6,False
723c9c49-1a88-4a60-a677-9e53062049f4,"[""CMP-20241130-04548"",""CMP-20250215-08650"",""CMP-20250223-09065"",""CMP-20250417-11983"",""CMP-20250701-16288"",""CMP-20250813-18839"",""CMP-20250830-19865""]",Canara Bank,savings,Rajasthan,287800.00,7,False
13f0f476-562b-4c27-a042-0bc32a088085,"[""CMP-20240927-01262"",""CMP-20250111-06757"",""CMP-20250803-18284"",""CMP-20250824-19471""]",Indian Bank,savings,Uttar Pradesh,253000.00,4,True
19608b09-f34b-4ad8-a631-778ce36db358,"[""CMP-20241212-05154"",""CMP-20250321-10494"",""CMP-20250527-14260"",""CMP-20250604-14697"",""CMP-20250618-15540"",""CMP-20250630-16245""]",Canara Bank,savings,Rajasthan,198400.00,6,False
3d960808-58a4-4c1e-af81-3416d54c2cfa,"[""CMP-20241013-02101"",""CMP-20250331-11050"",""CMP-20250430-12746"",""CMP-20250531-14492"",""CMP-20250628-16068""]",SBI,savings,Rajasthan,257700.00,5,False
e79c9500-3f6e-4c0e-aca4-3d20036da965,"[""CMP-20250505-13026"",""CMP-20250509-13187"",""CMP-20250509-13214"",""CMP-20250531-14510"",""CMP-20250613-15217""]",Indian Bank,savings,Uttar Pradesh,473400.00,5,False
707ef7de-333c-483e-a613-8cc985ef8e5a,"[""CMP-20240902-00088"",""CMP-20240922-01039"",""CMP-20241008-01845"",""CMP-20241031-02988"",""CMP-20241227-05956"",""CMP-20250217-08739"",""CMP-20250305-09595"",""CMP-20250412-11699"",""CMP-20250706-16623"",""CMP-20250716-17188""]",Axis Bank,savings,Rajasthan,617800.00,10,True
1e8c60f9-e48b-4aac-adba-97eccbd2f8f4,"[""CMP-20240927-01243"",""CMP-20240928-01306"",""CMP-20241018-02349"",""CMP-20241022-02544"",""CMP-20241025-02711"",""CMP-20241118-03949"",""CMP-20241222-05668"",""CMP-20250321-10457"",""CMP-20250429-12671"",""CMP-20250718-17327"",""CMP-20250807-18475"",""CMP-20250824-19518""]",Paytm Payments Bank,savings,Uttar Pradesh,402100.00,12,True
3e42eba8-276a-4e13-a69c-7dfd7978601c,"[""CMP-20250201-07884"",""CMP-20250220-08879"",""CMP-20250309-09807"",""CMP-20250618-15523"",""CMP-20250621-15664""]",Indian Bank,savings,Jharkhand,111700.00,5,False
65297c45-6acc-4702-ace2-e7ea90c0dc7d,"[""CMP-20250114-06916"",""CMP-20250219-08844"",""CMP-20250331-11062"",""CMP-20250605-14758"",""CMP-20250804-18318""]",SBI,savings,Jharkhand,98300.00,5,False
89c297b3-e8cb-4fb2-a87e-7a778b8dddb9,"[""CMP-20241231-06199"",""CMP-20250709-16768"",""CMP-20250826-19607""]",Indian Bank,savings,Jharkhand,63600.00,3,False
3d3b94a7-83cc-4808-ace5-9bc73c6bea3b,"[""CMP-20240904-00163"",""CMP-20250121-07285"",""CMP-20250204-08035"",""CMP-20250329-10889"",""CMP-20250619-15566"",""CMP-20250708-16727""]",Bank of Baroda,savings,Rajasthan,341700.00,6,False
7819d080-8f5f-4c05-a080-b8fae4e81801,"[""CMP-20250306-09646"",""CMP-20250622-15809"",""CMP-20250624-15881""]",HDFC,savings,Tamil Nadu,111500.00,3,False
b14b892d-9750-4935-a5cd-9a1edbcec8e3,"[""CMP-20241102-03123"",""CMP-20241117-03897"",""CMP-20250125-07494"",""CMP-20250208-08230"",""CMP-20250218-08821"",""CMP-20250404-11299""]",Airtel Payments Bank,wallet,Jharkhand,624000.00,6,True
939c127c-b13a-4912-abbd-63dfb1bc40a6,"[""CMP-20240905-00191"",""CMP-20241002-01527"",""CMP-20241120-04036"",""CMP-20250319-10316"",""CMP-20250824-19483""]",Indian Bank,savings,Rajasthan,224200.00,5,False
387980c0-2604-4aad-a5a5-1f77d5279336,"[""CMP-20250307-09668"",""CMP-20250320-10367"",""CMP-20250331-11081"",""CMP-20250713-17051""]",SBI,savings,Rajasthan,140000.00,4,False
850095f5-0085-442f-a1e4-2b54fa1248b6,"[""CMP-20241110-03506"",""CMP-20241217-05425"",""CMP-20241231-06189"",""CMP-20250514-13491"",""CMP-20250801-18140""]",Paytm Payments Bank,savings,Jharkhand,261900.00,5,False
76a5c04d-555c-4fbf-ac6c-589bf7231491,"[""CMP-20240925-01185"",""CMP-20250207-08157"",""CMP-20250613-15242"",""CMP-20250728-17908"",""CMP-20250826-19647""]",Indian Bank,savings,Jharkhand,127700.00,5,True
3c9a0388-22a9-4174-a6fb-c741ba767a71,"[""CMP-20250411-11659"",""CMP-20250614-15312"",""CMP-20250713-16993"",""CMP-20250729-17952"",""CMP-20250811-18738"",""CMP-20250823-19407"",""CMP-20250830-19925""]",HDFC,savings,Tamil Nadu,121300.00,7,False
c93775c9-91d2-4c08-a387-e0374ff87061,"[""CMP-20240927-01288"",""CMP-20241019-02377"",""CMP-20241219-05528"",""CMP-20250314-10042"",""CMP-20250802-18223"",""CMP-20250809-18606""]",SBI,savings,Jharkhand,231300.00,6,False
c222e90d-9c87-44f0-ae20-c5d7c760ee1f,"[""CMP-20241004-01625"",""CMP-20250202-07940"",""CMP-20250405-11311"",""CMP-20250628-16109"",""CMP-20250810-18722"",""CMP-20250826-19624""]",SBI,savings,Jharkhand,145700.00,6,False
73b284fb-9425-4441-a900-cca76257d35d,"[""CMP-20250114-06918"",""CMP-20250320-10388"",""CMP-20250603-14669"",""CMP-20250814-18848""]",ICICI,savings,Uttar Pradesh,184600.00,4,False
a270b0ab-ab05-49cf-a575-a1fe92ab990a,"[""CMP-20240902-00079"",""CMP-20250121-07304"",""CMP-20250404-11263"",""CMP-20250418-12038""]",SBI,savings,Jharkhand,425500.00,4,False
e7413969-0e41-4838-a8b8-f3ddd5fb5ea3,"[""CMP-20241104-03218"",""CMP-20241123-04170"",""CMP-20241128-04465"",""CMP-20250430-12745"",""CMP-20250804-18339""]",Axis Bank,savings,Rajasthan,133700.00,5,True
25351b87-a275-4ee4-abee-72f96848c13b,"[""CMP-20240916-00723"",""CMP-20241010-01933"",""CMP-20241020-02433"",""CMP-20241114-03744"",""CMP-20250215-08605"",""CMP-20250624-15885"",""CMP-20250827-19685""]",Bank of Baroda,savings,Jharkhand,312500.00,7,False
be859cbf-1ec5-46b9-a2fe-ba4a9f972db1,"[""CMP-20241027-02816"",""CMP-20241113-03688"",""CMP-20250228-09304"",""CMP-20250313-10028""]",SBI,savings,West Bengal,290300.00,4,False
d6df638d-f22a-4498-a70e-6aa950913fb9,"[""CMP-20240906-00255"",""CMP-20241010-01892"",""CMP-20241215-05334"",""CMP-20250524-14070"",""CMP-20250606-14816""]",SBI,savings,Uttar Pradesh,104500.00,5,False
73fee00b-e330-46a1-a8b3-c88e682732d2,"[""CMP-20241204-04752"",""CMP-20241214-05248"",""CMP-20241229-06112"",""CMP-20250501-12780"",""CMP-20250615-15361""]",SBI,savings,Tamil Nadu,188200.00,5,False
d8986d90-c11a-496f-a8b4-7dc320e7ca57,"[""CMP-20240920-00912"",""CMP-20250104-06346"",""CMP-20250406-11397"",""CMP-20250531-14504"",""CMP-20250622-15771"",""CMP-20250623-15832"",""CMP-20250625-15929""]",Airtel Payments Bank,savings,Jharkhand,188700.00,7,False
4c0f3d51-454d-4f73-af8c-25c91f226e5c,"[""CMP-20241221-05617"",""CMP-20250416-11958"",""CMP-20250424-12411""]",Indian Bank,savings,West Bengal,109400.00,3,False
893dba6f-e3c9-41b9-a551-794f58514319,"[""CMP-20241230-06133"",""CMP-20250323-10604"",""CMP-20250503-12869"",""CMP-20250628-16080"",""CMP-20250710-16856"",""CMP-20250731-18088"",""CMP-20250830-19885""]",Paytm Payments Bank,wallet,West Bengal,343300.00,7,False
580035e7-b01c-41b3-afaa-7790dfb1948b,"[""CMP-20241025-02673"",""CMP-20241130-04599"",""CMP-20250120-07254"",""CMP-20250304-09539"",""CMP-20250411-11656"",""CMP-20250508-13142"",""CMP-20250603-14675"",""CMP-20250823-19401""]",HDFC,savings,Maharashtra,435300.00,8,False
553f44af-69b2-4e2a-ac57-febc7f78e22b,"[""CMP-20240908-00348"",""CMP-20241109-03459"",""CMP-20250115-06948"",""CMP-20250130-07757"",""CMP-20250724-17653"",""CMP-20250731-18059""]",Paytm Payments Bank,wallet,Tamil Nadu,400100.00,6,False
fce37486-7416-44fd-a999-f9a8b4be1d44,"[""CMP-20241018-02339"",""CMP-20241118-03935"",""CMP-20250503-12910"",""CMP-20250513-13454"",""CMP-20250513-13464"",""CMP-20250831-19991""]",HDFC,savings,Jharkhand,332700.00,6,False
6f8b12f2-7e46-4a75-ab51-1c7c407ea6ed,"[""CMP-20241021-02489"",""CMP-20250129-07715"",""CMP-20250206-08120"",""CMP-20250210-08364"",""CMP-20250807-18482""]",Canara Bank,savings,Uttar Pradesh,230500.00,5,True
1dec3e3d-9794-4115-a029-256c91f19a85,"[""CMP-20250406-11419"",""CMP-20250422-12311"",""CMP-20250522-13935"",""CMP-20250531-14473"",""CMP-20250712-16962"",""CMP-20250718-17304""]",SBI,savings,Jharkhand,326600.00,6,False
014118df-4565-4048-a580-63af1849caa7,"[""CMP-20240902-00083"",""CMP-20241106-03316"",""CMP-20241113-03657"",""CMP-20250712-16932"",""CMP-20250717-17233""]",Paytm Payments Bank,wallet,Uttar Pradesh,125400.00,5,False
2774bb38-ba1d-4646-a5e4-bdca62a7f7c5,"[""CMP-20241004-01631"",""CMP-20241102-03087"",""CMP-20241206-04856"",""CMP-20250106-06500"",""CMP-20250120-07266"",""CMP-20250217-08760"",""CMP-20250303-09486"",""CMP-20250323-10653"",""CMP-20250526-14219"",""CMP-20250622-15785"",""CMP-20250713-17037"",""CMP-20250721-17530"",""CMP-20250827-19677""]",Indian Bank,savings,Jharkhand,635500.00,13,True
03978033-cfc2-408e-ac9d-244da3c89f73,"[""CMP-20241130-04585"",""CMP-20250206-08124"",""CMP-20250222-08963"",""CMP-20250401-11124"",""CMP-20250706-16646"",""CMP-20250714-17083""]",Canara Bank,savings,Jharkhand,251800.00,6,False
d23fba1a-8130-4e76-ad16-4aa22c34715d,"[""CMP-20250505-13039"",""CMP-20250615-15355"",""CMP-20250620-15632""]",ICICI,savings,Uttar Pradesh,74300.00,3,False
7af914fd-b941-4b97-a9e9-f8d09b5a5ec9,"[""CMP-20241129-04481"",""CMP-20250105-06421"",""CMP-20250205-08061"",""CMP-20250212-08453"",""CMP-20250531-14455"",""CMP-20250626-15992"",""CMP-20250708-16706"",""CMP-20250816-19000"",""CMP-20250820-19221"",""CMP-20250829-19815""]",Canara Bank,savings,Uttar Pradesh,287000.00,10,False
855123e9-fdb2-4d60-a84d-9b7290b6b9dc,"[""CMP-20241106-03321"",""CMP-20241123-04164"",""CMP-20250228-09271"",""CMP-20250411-11618"",""CMP-20250617-15497"",""CMP-20250703-16391"",""CMP-20250805-18397""]",SBI,savings,Uttar Pradesh,389800.00,7,True
c3776b04-44e6-4784-a97f-19e0502d6c9f,"[""CMP-20241231-06185"",""CMP-20250310-09870"",""CMP-20250415-11879"",""CMP-20250519-13806"",""CMP-20250807-18472""]",ICICI,savings,Maharashtra,87500.00,5,True
73d18813-05b8-4fec-a9ca-a9d8a3f2f7c2,"[""CMP-20240912-00528"",""CMP-20241031-02982"",""CMP-20241218-05488"",""CMP-20250114-06927"",""CMP-20250212-08472"",""CMP-20250422-12292"",""CMP-20250601-14585"",""CMP-20250615-15342"",""CMP-20250710-16861""]",Bank of Baroda,savings,Rajasthan,332800.00,9,False
30168ddb-dad7-4a86-a998-6430430f927e,"[""CMP-20240904-00167"",""CMP-20241114-03716"",""CMP-20241127-04397"",""CMP-20250415-11873"",""CMP-20250621-15724""]",Canara Bank,savings,Rajasthan,243600.00,5,False
874055da-a4b7-49d4-ad46-6a7f18ea583b,"[""CMP-20241009-01881"",""CMP-20241110-03560"",""CMP-20250115-06963"",""CMP-20250228-09290"",""CMP-20250302-09452"",""CMP-20250421-12278"",""CMP-20250612-15194"",""CMP-20250624-15862"",""CMP-20250815-18944""]",Paytm Payments Bank,savings,Rajasthan,289400.00,9,False
13a0ec68-07b4-4d41-ae30-7e9d6890ed44,"[""CMP-20241205-04788"",""CMP-20250228-09285"",""CMP-20250414-11810"",""CMP-20250603-14641"",""CMP-20250629-16149""]",Paytm Payments Bank,wallet,Maharashtra,94500.00,5,False
4b1d1503-39b8-4cb6-aafe-83b7a152dc84,"[""CMP-20241207-04884"",""CMP-20250203-07975"",""CMP-20250215-08642"",""CMP-20250428-12628"",""CMP-20250706-16610"",""CMP-20250815-18930""]",HDFC,savings,Rajasthan,275300.00,6,False
3d3472f8-3d1a-496e-a3c1-4ced5e1cb0c3,"[""CMP-20241122-04137"",""CMP-20241225-05864"",""CMP-20250110-06710"",""CMP-20250122-07332"",""CMP-20250209-08296"",""CMP-20250218-08774"",""CMP-20250314-10092"",""CMP-20250411-11658"",""CMP-20250415-11846"",""CMP-20250702-16378"",""CMP-20250803-18289"",""CMP-20250814-18880""]",Axis Bank,savings,Uttar Pradesh,626700.00,12,False
36e3c69d-3c19-4d6f-ad12-9cb4ef6dfd29,"[""CMP-20250215-08622"",""CMP-20250224-09127"",""CMP-20250521-13908"",""CMP-20250816-19001""]",Bank of Baroda,savings,Uttar Pradesh,116900.00,4,False
dfc06e81-7b33-4ca2-a41e-f60ae85b195d,"[""CMP-20241214-05298"",""CMP-20241228-06006"",""CMP-20250301-09329"",""CMP-20250307-09685"",""CMP-20250506-13073"",""CMP-20250610-15062""]",ICICI,savings,Tamil Nadu,793500.00,6,False
f9518d8f-aec7-42c0-a713-79fbe9f39b2b,"[""CMP-20240902-00087"",""CMP-20241105-03252"",""CMP-20250201-07901"",""CMP-20250331-11066""]",Axis Bank,savings,Jharkhand,141800.00,4,False
52a733b8-262c-4e94-a854-84277322b33b,"[""CMP-20240919-00871"",""CMP-20241008-01807"",""CMP-20250214-08588"",""CMP-20250320-10382"",""CMP-20250713-17031""]",Canara Bank,savings,Uttar Pradesh,351800.00,5,True
9eb08078-e1d6-4f74-a86f-3db4bee7272f,"[""CMP-20241110-03520"",""CMP-20241125-04313"",""CMP-20241221-05625"",""CMP-20250121-07293"",""CMP-20250328-10870"",""CMP-20250415-11869"",""CMP-20250808-18541""]",Canara Bank,savings,Karnataka,313600.00,7,False
1dc3a215-1835-477a-acb5-4713b20fa8f8,"[""CMP-20240917-00780"",""CMP-20240919-00865"",""CMP-20241218-05479"",""CMP-20250105-06412"",""CMP-20250114-06937"",""CMP-20250118-07112"",""CMP-20250128-07676"",""CMP-20250214-08578"",""CMP-20250220-08876""]",Axis Bank,savings,Rajasthan,249100.00,9,False
b919e5d8-1e5a-40c5-ab8c-89627c4ab7b0,"[""CMP-20240921-00991"",""CMP-20250622-15741"",""CMP-20250715-17129"",""CMP-20250817-19088""]",Airtel Payments Bank,wallet,Rajasthan,94400.00,4,False
634d2e9d-f83c-42ec-ac37-14b732392ae5,"[""CMP-20240920-00901"",""CMP-20241109-03469"",""CMP-20241127-04406"",""CMP-20250316-10185"",""CMP-20250427-12587"",""CMP-20250621-15674"",""CMP-20250722-17555"",""CMP-20250818-19155"",""CMP-20250823-19402""]",Bank of Baroda,savings,Tamil Nadu,575100.00,9,True
92adccb1-ae5d-4b36-a9cc-e56b070d5091,"[""CMP-20240926-01210"",""CMP-20240927-01253"",""CMP-20241029-02912"",""CMP-20241124-04298"",""CMP-20250225-09178"",""CMP-20250330-11023"",""CMP-20250721-17528"",""CMP-20250824-19520""]",Canara Bank,savings,Jharkhand,706000.00,8,True
9beb5f81-f78e-4869-a119-fcb9ac63a24a,"[""CMP-20240901-00017"",""CMP-20241016-02211"",""CMP-20241123-04204""]",ICICI,savings,Rajasthan,34100.00,3,False
478b8cff-00ac-4628-a7a6-873e09f2e42e,"[""CMP-20240923-01066"",""CMP-20241204-04764"",""CMP-20250204-08013"",""CMP-20250206-08141"",""CMP-20250208-08272"",""CMP-20250222-08965"",""CMP-20250305-09590"",""CMP-20250411-11662"",""CMP-20250716-17161"",""CMP-20250817-19097"",""CMP-20250831-19960""]",Paytm Payments Bank,wallet,Uttar Pradesh,412400.00,11,True
65961414-b6a2-4538-a5eb-d6ec29d3d4c3,"[""CMP-20240922-01036"",""CMP-20241227-05920"",""CMP-20250116-06981"",""CMP-20250121-07320"",""CMP-20250128-07655"",""CMP-20250316-10202""]",Bank of Baroda,savings,Tamil Nadu,231400.00,6,False
1e424575-85ab-40cc-ac5e-47661821235e,"[""CMP-20241219-05529"",""CMP-20250205-08104"",""CMP-20250321-10430"",""CMP-20250411-11651"",""CMP-20250510-13302"",""CMP-20250828-19749""]",Paytm Payments Bank,wallet,Jharkhand,291300.00,6,False
c1f1bf38-efc3-419d-a049-000f32a536e2,"[""CMP-20250109-06622"",""CMP-20250118-07118"",""CMP-20250203-07994"",""CMP-20250225-09181"",""CMP-20250316-10181"",""CMP-20250322-10496"",""CMP-20250425-12472"",""CMP-20250510-13283"",""CMP-20250526-14220"",""CMP-20250607-14873"",""CMP-20250717-17218"",""CMP-20250717-17250"",""CMP-20250802-18189"",""CMP-20250813-18832""]",Airtel Payments Bank,wallet,Uttar Pradesh,764600.00,14,True
506ed0a2-4df3-489e-a6f9-46feafd04353,"[""CMP-20241001-01473"",""CMP-20241122-04122"",""CMP-20241123-04209"",""CMP-20250204-08026"",""CMP-20250411-11652"",""CMP-20250426-12501"",""CMP-20250509-13203"",""CMP-20250529-14333"",""CMP-20250627-16038"",""CMP-20250727-17818"",""CMP-20250822-19354""]",ICICI,savings,Uttar Pradesh,542700.00,11,True
a3132b28-bdf1-4177-a479-0924087fefd1,"[""CMP-20250323-10624"",""CMP-20250325-10715"",""CMP-20250523-13994"",""CMP-20250705-16552""]",Bank of Baroda,savings,West Bengal,90200.00,4,False
52cec4f9-e9bc-400d-a509-2248b8745846,"[""CMP-20241223-05748"",""CMP-20250129-07709"",""CMP-20250204-08012"",""CMP-20250705-16532""]",Airtel Payments Bank,savings,Maharashtra,114000.00,4,False
613b1969-2d4d-4841-a2a7-d6c946cfcda6,"[""CMP-20241107-03365"",""CMP-20241219-05513"",""CMP-20250120-07242"",""CMP-20250328-10883"",""CMP-20250621-15720""]",HDFC,savings,Maharashtra,139900.00,5,False
2b2f1a9d-7e33-48bb-af9a-3fbf87678958,"[""CMP-20240919-00860"",""CMP-20241102-03079"",""CMP-20250126-07551"",""CMP-20250202-07935"",""CMP-20250214-08557"",""CMP-20250306-09616"",""CMP-20250413-11794"",""CMP-20250816-19039""]",Axis Bank,savings,Jharkhand,161100.00,8,False
0c8a3b09-5e16-4f54-a3ee-4afb56129894,"[""CMP-20240911-00479"",""CMP-20240924-01116"",""CMP-20241207-04882"",""CMP-20250320-10370"",""CMP-20250408-11490"",""CMP-20250417-11967"",""CMP-20250421-12259"",""CMP-20250511-13365"",""CMP-20250607-14925""]",ICICI,savings,Rajasthan,1256500.00,9,True
a2643fe2-1861-4b82-a81c-d1b598dbbc7b,"[""CMP-20241202-04680"",""CMP-20241211-05099"",""CMP-20250212-08461"",""CMP-20250507-13080"",""CMP-20250622-15798""]",Bank of Baroda,savings,Jharkhand,167600.00,5,False
ee7adf9e-fdc6-4584-a3be-9c4659d96db6,"[""CMP-20241031-02990"",""CMP-20250216-08716"",""CMP-20250224-09122"",""CMP-20250506-13057"",""CMP-20250524-14094"",""CMP-20250726-17759"",""CMP-20250803-18281"",""CMP-20250806-18434""]",HDFC,savings,Uttar Pradesh,175400.00,8,True
1f389ff8-728a-4603-ad37-908e17b2543b,"[""CMP-20241111-03573"",""CMP-20250114-06938"",""CMP-20250203-08002"",""CMP-20250403-11248"",""CMP-20250421-12280"",""CMP-20250531-14489""]",Axis Bank,savings,Rajasthan,256100.00,6,True
3b4882c0-a11f-4fd8-a120-1b1a8d81779e,"[""CMP-20240927-01282"",""CMP-20240928-01339"",""CMP-20241102-03086"",""CMP-20250202-07918"",""CMP-20250415-11845"",""CMP-20250419-12138"",""CMP-20250802-18192""]",Canara Bank,savings,Tamil Nadu,363900.00,7,False
eb475b35-e3a8-498e-a23c-b102435a6104,"[""CMP-20241010-01898"",""CMP-20241018-02346"",""CMP-20241108-03438"",""CMP-20250207-08145"",""CMP-20250218-08797"",""CMP-20250614-15303"",""CMP-20250827-19676""]",Canara Bank,savings,Jharkhand,254300.00,7,False
7a6a9199-efe6-422b-aa2f-76833e8c4b46,"[""CMP-20241119-03984"",""CMP-20241214-05304"",""CMP-20250114-06901"",""CMP-20250117-07094"",""CMP-20250119-07222"",""CMP-20250512-13399"",""CMP-20250522-13955""]",Indian Bank,savings,Jharkhand,172300.00,7,False
9dbcbaf7-7d26-42d1-a9cc-19733ba4d00a,"[""CMP-20240927-01275"",""CMP-20241109-03473"",""CMP-20241223-05757"",""CMP-20250409-11530"",""CMP-20250605-14757"",""CMP-20250705-16548""]",Paytm Payments Bank,savings,Karnataka,223300.00,6,False
2f7ace03-b112-4a0c-a4cf-46f4d6dfa06d,"[""CMP-20241013-02126"",""CMP-20241101-03050"",""CMP-20241208-04977"",""CMP-20250102-06276"",""CMP-20250422-12309"",""CMP-20250430-12731"",""CMP-20250514-13486"",""CMP-20250521-13928"",""CMP-20250703-16420"",""CMP-20250804-18313"",""CMP-20250825-19578""]",Axis Bank,savings,West Bengal,496600.00,11,True
c28ba9cf-dd22-49ce-ab7e-2683d126e8a0,"[""CMP-20240922-01045"",""CMP-20241002-01501"",""CMP-20241108-03422"",""CMP-20250101-06201"",""CMP-20250613-15257"",""CMP-20250627-16028""]",Bank of Baroda,savings,Rajasthan,112700.00,6,False
1d8e3b81-be10-4b46-a7a2-7ba0bf71ca93,"[""CMP-20240908-00349"",""CMP-20240912-00544"",""CMP-20240923-01101"",""CMP-20241223-05767"",""CMP-20250310-09882"",""CMP-20250511-13330""]",ICICI,savings,Maharashtra,122400.00,6,True
a47354e1-1bcb-4359-a74b-330d8b61d7d0,"[""CMP-20241107-03340"",""CMP-20250221-08957"",""CMP-20250226-09191"",""CMP-20250228-09281"",""CMP-20250316-10211"",""CMP-20250329-10948"",""CMP-20250524-14084"",""CMP-20250616-15454"",""CMP-20250628-16079"",""CMP-20250710-16866""]",SBI,savings,Uttar Pradesh,603600.00,10,True
5d027afa-78f0-448b-aea2-2523bc58d508,"[""CMP-20240904-00158"",""CMP-20240912-00549"",""CMP-20240916-00755"",""CMP-20241019-02421"",""CMP-20250116-07000""]",SBI,savings,Jharkhand,136700.00,5,False
726f66de-39d0-45db-a338-004f8626ed6e,"[""CMP-20241104-03220"",""CMP-20241225-05846"",""CMP-20250103-06300"",""CMP-20250411-11639"",""CMP-20250601-14533"",""CMP-20250826-19638""]",Canara Bank,savings,Rajasthan,234500.00,6,False
b67d021e-6a8e-4cac-a1dd-4453e5fa3112,"[""CMP-20250109-06626"",""CMP-20250211-08410""]",Bank of Baroda,savings,Uttar Pradesh,56600.00,2,False
bf467641-76ec-4842-aaca-26f00db40001,"[""CMP-20240921-00989"",""CMP-20241004-01609"",""CMP-20241014-02140"",""CMP-20241215-05347"",""CMP-20250402-11182"",""CMP-20250405-11371"",""CMP-20250424-12388""]",Indian Bank,savings,Jharkhand,165700.00,7,False
781d3d08-1ead-40fc-a10b-90e638c3e1ca,"[""CMP-20241102-03080"",""CMP-20250218-08803"",""CMP-20250301-09338"",""CMP-20250329-10923""]",Bank of Baroda,savings,Jharkhand,259200.00,4,False
eb006364-33c6-4b87-acbe-6c31f119a0d0,"[""CMP-20250131-07828"",""CMP-20250725-17715"",""CMP-20250806-18452"",""CMP-20250828-19761""]",Paytm Payments Bank,savings,Uttar Pradesh,147900.00,4,False
2674ed9a-52e8-4f74-ae30-f624d44da097,"[""CMP-20241205-04802"",""CMP-20241229-06082"",""CMP-20250519-13818"",""CMP-20250528-14283""]",SBI,savings,Jharkhand,159600.00,4,False
b7fb439b-0904-4cda-ab61-d0f83c9731e2,"[""CMP-20240902-00059"",""CMP-20240920-00909"",""CMP-20250420-12163"",""CMP-20250515-13550"",""CMP-20250723-17601""]",Airtel Payments Bank,savings,Jharkhand,181500.00,5,False
17baef88-377c-41a2-ae2d-05e5024acf12,"[""CMP-20241117-03927"",""CMP-20241204-04741"",""CMP-20250201-07870"",""CMP-20250218-08811"",""CMP-20250414-11819"",""CMP-20250721-17496"",""CMP-20250806-18437"",""CMP-20250829-19811""]",SBI,savings,Tamil Nadu,447700.00,8,False
b264a56f-77d1-4f85-a018-29d5a2b4c5b3,"[""CMP-20241016-02257"",""CMP-20241124-04299"",""CMP-20250208-08246"",""CMP-20250523-14051"",""CMP-20250525-14135""]",Indian Bank,savings,Tamil Nadu,110600.00,5,False
4a7e69aa-5249-42a0-a78b-1e5a9ba5a87e,"[""CMP-20240905-00215"",""CMP-20240908-00376"",""CMP-20240915-00682"",""CMP-20240928-01334"",""CMP-20241231-06183"",""CMP-20250629-16172"",""CMP-20250702-16376"",""CMP-20250706-16633""]",Bank of Baroda,savings,West Bengal,395600.00,8,False
c0abfe65-75c0-4781-a354-d579a0b3de6e,"[""CMP-20240920-00938"",""CMP-20241002-01505"",""CMP-20241014-02141"",""CMP-20250308-09740"",""CMP-20250601-14552"",""CMP-20250719-17369"",""CMP-20250822-19331""]",SBI,savings,Jharkhand,238600.00,7,False
45109087-e25f-4cbe-aacd-01f7cc8cb582,"[""CMP-20240928-01304"",""CMP-20250118-07145"",""CMP-20250123-07409"",""CMP-20250305-09567""]",Axis Bank,savings,Jharkhand,128900.00,4,False
c224ce69-9f71-4257-ad73-7a2df3e03783,"[""CMP-20240911-00485"",""CMP-20241015-02173"",""CMP-20241103-03160"",""CMP-20241123-04224"",""CMP-20241206-04858"",""CMP-20250116-06976"",""CMP-20250217-08767"",""CMP-20250330-11041"",""CMP-20250620-15656"",""CMP-20250621-15659"",""CMP-20250802-18163"",""CMP-20250825-19599""]",Paytm Payments Bank,wallet,Tamil Nadu,466500.00,12,True
f7fcf0ef-fe4b-471c-ae66-fa48df9c9a8e,"[""CMP-20241025-02712"",""CMP-20250329-10946"",""CMP-20250409-11543"",""CMP-20250529-14324"",""CMP-20250628-16074"",""CMP-20250721-17529"",""CMP-20250731-18089""]",Paytm Payments Bank,savings,Tamil Nadu,220100.00,7,True
d4805731-6b09-475f-aa8f-8d0c1c9bcfe7,"[""CMP-20240925-01197"",""CMP-20241106-03289"",""CMP-20241113-03662"",""CMP-20241207-04932"",""CMP-20241229-06066"",""CMP-20250110-06693"",""CMP-20250201-07906"",""CMP-20250312-09969""]",SBI,savings,Jharkhand,361300.00,8,True
cbada809-3cfa-47a7-a3a7-91ec2c97f3e4,"[""CMP-20241017-02286"",""CMP-20241031-02967"",""CMP-20241221-05644"",""CMP-20250516-13612"",""CMP-20250707-16673"",""CMP-20250829-19774"",""CMP-20250830-19896""]",Indian Bank,savings,Rajasthan,565300.00,7,True
832cb295-7e31-4288-a572-b431cffeac46,"[""CMP-20240912-00554"",""CMP-20241127-04402"",""CMP-20241222-05710"",""CMP-20250315-10156"",""CMP-20250826-19610""]",SBI,savings,Karnataka,352600.00,5,False
5570c06b-bd7c-4407-a1b5-006215f272ac,"[""CMP-20241008-01816"",""CMP-20250321-10475"",""CMP-20250404-11270"",""CMP-20250404-11288"",""CMP-20250510-13290"",""CMP-20250519-13828"",""CMP-20250712-16983""]",ICICI,savings,Uttar Pradesh,196000.00,7,False
8d3d1031-ac7d-42af-aacb-1623236d0b41,"[""CMP-20241122-04108"",""CMP-20250131-07803"",""CMP-20250416-11920"",""CMP-20250418-12025"",""CMP-20250716-17175"",""CMP-20250827-19698""]",SBI,savings,Jharkhand,110300.00,6,False
d953e1c8-5169-4cc9-a70f-ec56d1f372f6,"[""CMP-20250117-07061"",""CMP-20250228-09283"",""CMP-20250320-10410"",""CMP-20250518-13795"",""CMP-20250810-18662""]",Canara Bank,savings,Uttar Pradesh,143900.00,5,False
f81974ca-38d1-404a-a665-a917b2b111da,"[""CMP-20250421-12237"",""CMP-20250523-14018"",""CMP-20250809-18609""]",SBI,savings,Rajasthan,57400.00,3,False
76d58054-22e4-4ee7-a92c-e7ae8845c1fe,"[""CMP-20240923-01074"",""CMP-20240929-01408"",""CMP-20241224-05803"",""CMP-20241227-05924"",""CMP-20250110-06717"",""CMP-20250204-08006"",""CMP-20250411-11636"",""CMP-20250411-11640"",""CMP-20250521-13930"",""CMP-20250620-15606"",""CMP-20250626-15988"",""CMP-20250827-19702""]",ICICI,savings,Rajasthan,439700.00,12,True
de1b2731-0280-46af-ac8b-a77a8eaf389f,"[""CMP-20240921-00953"",""CMP-20241020-02465"",""CMP-20241111-03607"",""CMP-20250308-09761"",""CMP-20250403-11212"",""CMP-20250616-15445""]",Bank of Baroda,savings,Rajasthan,152000.00,6,True
515bbe8d-caa6-4417-aaae-7d0e3f4d91b5,"[""CMP-20240924-01117"",""CMP-20241222-05675"",""CMP-20250117-07078"",""CMP-20250317-10231"",""CMP-20250623-15835"",""CMP-20250805-18383"",""CMP-20250830-19883""]",Axis Bank,savings,Karnataka,195600.00,7,False
395ea135-57e6-43f4-a90d-25c028747634,"[""CMP-20240902-00089"",""CMP-20241005-01652"",""CMP-20250314-10090"",""CMP-20250407-11444"",""CMP-20250610-15074"",""CMP-20250611-15100"",""CMP-20250705-16549""]",Indian Bank,savings,Tamil Nadu,201200.00,7,True
d0baba2c-508d-4b04-ac17-d5f485401d85,"[""CMP-20240907-00302"",""CMP-20250404-11280"",""CMP-20250420-12191"",""CMP-20250501-12784""]",HDFC,savings,Uttar Pradesh,156000.00,4,True
2a96c8b5-68a8-4565-a421-7f34bcde642f,"[""CMP-20250317-10235"",""CMP-20250318-10306"",""CMP-20250519-13810"",""CMP-20250616-15438"",""CMP-20250704-16445"",""CMP-20250803-18234"",""CMP-20250819-19210""]",Axis Bank,savings,Rajasthan,196400.00,7,False
9bcb8db0-e8e8-41d1-af4c-e5aeef6fda01,"[""CMP-20241018-02356"",""CMP-20241024-02652"",""CMP-20241031-02984"",""CMP-20241217-05444"",""CMP-20250101-06215"",""CMP-20250214-08543"",""CMP-20250417-11998"",""CMP-20250523-14048"",""CMP-20250715-17136"",""CMP-20250813-18842"",""CMP-20250817-19123""]",Bank of Baroda,savings,Jharkhand,700900.00,11,True
be4f5e3c-dae6-4b09-a7c5-7c84829e3ce7,"[""CMP-20241223-05731"",""CMP-20250420-12188""]",ICICI,savings,Maharashtra,52600.00,2,False
adc6eb4b-3493-4b29-a969-b19c63010ebe,"[""CMP-20240929-01379"",""CMP-20241103-03152"",""CMP-20250108-06570"",""CMP-20250323-10585"",""CMP-20250704-16447"",""CMP-20250730-18011""]",Bank of Baroda,savings,Jharkhand,477400.00,6,False
5a8d6a5e-bc4e-4567-a99c-5702f47867db,"[""CMP-20241123-04203"",""CMP-20241229-06072"",""CMP-20250216-08666"",""CMP-20250331-11061"",""CMP-20250420-12211"",""CMP-20250628-16123"",""CMP-20250702-16364"",""CMP-20250711-16894"",""CMP-20250824-19507""]",Axis Bank,savings,Jharkhand,374500.00,9,False
097ef6e5-2769-48f4-a889-f0caea60f4e6,"[""CMP-20241231-06172"",""CMP-20250208-08245"",""CMP-20250220-08872"",""CMP-20250426-12532"",""CMP-20250620-15624"",""CMP-20250801-18128""]",Paytm Payments Bank,savings,West Bengal,155100.00,6,False
f472bcdb-f5ce-4896-a6c2-e64f252bca0c,"[""CMP-20241006-01768"",""CMP-20241013-02116"",""CMP-20241225-05838"",""CMP-20250210-08365"",""CMP-20250516-13607"",""CMP-20250705-16520"",""CMP-20250729-17983""]",Paytm Payments Bank,wallet,Rajasthan,248700.00,7,False
8cf1dc61-8be6-4fad-acf4-01a9266fdb16,"[""CMP-20241113-03686"",""CMP-20250119-07180"",""CMP-20250426-12523"",""CMP-20250620-15650"",""CMP-20250621-15725"",""CMP-20250630-16243"",""CMP-20250705-16580""]",Paytm Payments Bank,savings,Uttar Pradesh,636600.00,7,True
d0b2d7c0-b466-4714-ab7b-86e27e7302df,"[""CMP-20241024-02654"",""CMP-20250221-08919"",""CMP-20250225-09157"",""CMP-20250307-09652"",""CMP-20250331-11064"",""CMP-20250406-11384"",""CMP-20250524-14062"",""CMP-20250729-17957"",""CMP-20250808-18531"",""CMP-20250817-19103""]",HDFC,savings,Jharkhand,536900.00,10,True
18072985-7eac-4528-ac55-b4cfeeaa71b2,"[""CMP-20241119-03983"",""CMP-20241122-04141"",""CMP-20241212-05156"",""CMP-20241221-05609"",""CMP-20250320-10372"",""CMP-20250516-13650""]",Indian Bank,savings,Rajasthan,589500.00,6,True
d8e49e62-91da-49f2-ac5a-4e02ac286035,"[""CMP-20240918-00816"",""CMP-20241006-01770"",""CMP-20250414-11822"",""CMP-20250509-13180"",""CMP-20250509-13208"",""CMP-20250810-18721""]",SBI,savings,Uttar Pradesh,347000.00,6,True
004b7c1a-812d-4250-ac18-f8a90c533ec5,"[""CMP-20240920-00915"",""CMP-20241220-05544"",""CMP-20250308-09737"",""CMP-20250421-12252"",""CMP-20250720-17471""]",Airtel Payments Bank,wallet,Uttar Pradesh,298000.00,5,False
b8f62934-998d-4cbd-a2be-4b825ab71091,"[""CMP-20240914-00666"",""CMP-20241012-02027"",""CMP-20250208-08241"",""CMP-20250406-11387"",""CMP-20250804-18335"",""CMP-20250827-19696""]",Indian Bank,savings,Uttar Pradesh,238700.00,6,False
c9f23c49-7763-47c7-ac32-e4696d1f8c6b,"[""CMP-20250112-06836"",""CMP-20250126-07595"",""CMP-20250624-15863"",""CMP-20250705-16560"",""CMP-20250730-18028"",""CMP-20250831-19928""]",HDFC,savings,Rajasthan,109400.00,6,False
710367a9-0dd8-46e5-a8af-2904f24f4177,"[""CMP-20241103-03164"",""CMP-20250113-06877"",""CMP-20250121-07287"",""CMP-20250503-12867"",""CMP-20250520-13884""]",Paytm Payments Bank,savings,West Bengal,206900.00,5,False
9a16429e-a1bf-401f-a372-870b61aa8374,"[""CMP-20241109-03497"",""CMP-20241129-04525"",""CMP-20250227-09266""]",HDFC,savings,West Bengal,80800.00,3,False
13f38e85-8c8b-4420-a41a-a90efd08c7d4,"[""CMP-20240906-00235"",""CMP-20241021-02514"",""CMP-20241228-05985"",""CMP-20250424-12412"",""CMP-20250516-13619"",""CMP-20250812-18775""]",Bank of Baroda,savings,Rajasthan,120900.00,6,False
a08d67f4-a588-4e47-aac8-81a3fe94b9bb,"[""CMP-20240903-00108"",""CMP-20241214-05278"",""CMP-20250315-10109"",""CMP-20250815-18940""]",Axis Bank,savings,Uttar Pradesh,98600.00,4,False
ab2b276d-2995-427f-a024-0c5d5f11bff2,"[""CMP-20250508-13121"",""CMP-20250615-15411"",""CMP-20250816-18992""]",SBI,savings,Tamil Nadu,100100.00,3,False
e0c56895-ee91-4dad-a968-5b1e72ca0426,"[""CMP-20250416-11953"",""CMP-20250621-15658"",""CMP-20250808-18553""]",HDFC,savings,West Bengal,112500.00,3,False
a441ec5a-1348-4959-acd7-ec55c5283a66,"[""CMP-20250322-10540"",""CMP-20250801-18119"",""CMP-20250816-19015""]",SBI,savings,Rajasthan,77200.00,3,False
d668f4ef-40f7-4464-a1a3-aaf5de45764c,"[""CMP-20240911-00463"",""CMP-20240913-00571"",""CMP-20241020-02451"",""CMP-20250220-08870"",""CMP-20250307-09655"",""CMP-20250501-12768"",""CMP-20250529-14325"",""CMP-20250622-15770"",""CMP-20250704-16489"",""CMP-20250709-16762""]",Bank of Baroda,savings,Tamil Nadu,406900.00,10,True
6bd84454-2e15-4100-aadf-69c74c68bb90,"[""CMP-20241004-01592"",""CMP-20241011-01949"",""CMP-20241219-05503"",""CMP-20241230-06118"",""CMP-20250426-12498"",""CMP-20250511-13315"",""CMP-20250802-18214"",""CMP-20250814-18897""]",Canara Bank,savings,Uttar Pradesh,356200.00,8,True
d0c862ee-bedb-434a-aacb-9958c9d48aa2,"[""CMP-20240923-01069"",""CMP-20241216-05374"",""CMP-20250214-08562"",""CMP-20250314-10046"",""CMP-20250628-16081""]",Axis Bank,savings,Maharashtra,253700.00,5,False
1dca6fb9-bcfd-4a33-aed1-ebae7d2c4c24,"[""CMP-20250216-08692"",""CMP-20250330-11005"",""CMP-20250511-13363""]",SBI,savings,Uttar Pradesh,156600.00,3,False
d855dbde-b981-45e2-aae5-e59ea38cebd1,"[""CMP-20250214-08589""]",Airtel Payments Bank,wallet,Tamil Nadu,29000.00,1,False
9f7f5c77-0aca-4e1a-a75a-873528084598,"[""CMP-20240930-01432"",""CMP-20241126-04351"",""CMP-20250104-06399"",""CMP-20250303-09491"",""CMP-20250329-10940"",""CMP-20250419-12141"",""CMP-20250507-13086"",""CMP-20250817-19119""]",ICICI,savings,Rajasthan,374000.00,8,False
7742bd71-c1ea-4335-ac3d-61e99ea87b22,"[""CMP-20250110-06680"",""CMP-20250112-06782"",""CMP-20250731-18048""]",Canara Bank,savings,Uttar Pradesh,207500.00,3,False
b72f13d2-1387-45a6-a783-810db33332ae,"[""CMP-20240919-00842"",""CMP-20250308-09729"",""CMP-20250422-12290""]",Airtel Payments Bank,wallet,Karnataka,50700.00,3,True
e6076558-363f-49db-a9b0-3631cbb1f018,"[""CMP-20240911-00491"",""CMP-20241011-01975"",""CMP-20241208-04948"",""CMP-20241212-05163"",""CMP-20250125-07527"",""CMP-20250517-13731"",""CMP-20250709-16752""]",HDFC,savings,Maharashtra,430800.00,7,False
473173ea-e1bc-488d-a75b-88ae813c2a0b,"[""CMP-20241105-03239"",""CMP-20250405-11365"",""CMP-20250419-12083"",""CMP-20250420-12201"",""CMP-20250625-15920"",""CMP-20250721-17515""]",Bank of Baroda,savings,Tamil Nadu,299700.00,6,True
958cacd0-de93-46d7-ae45-21f28eb467e4,"[""CMP-20241004-01621"",""CMP-20241017-02271"",""CMP-20250101-06220"",""CMP-20250125-07524""]",Paytm Payments Bank,wallet,Rajasthan,295900.00,4,False
e8e48f33-918a-4c53-a876-8904a5831519,"[""CMP-20240917-00771"",""CMP-20250217-08750""]",Axis Bank,savings,Rajasthan,67200.00,2,False
f8f21c11-8737-47aa-a05b-6a41e0acbeea,"[""CMP-20240914-00632"",""CMP-20250830-19851""]",Canara Bank,savings,West Bengal,27600.00,2,False
d410c985-d45b-4dfe-a622-c2b089a471bc,"[""CMP-20241008-01838"",""CMP-20250104-06364"",""CMP-20250123-07389"",""CMP-20250211-08405"",""CMP-20250225-09148"",""CMP-20250406-11389"",""CMP-20250413-11783"",""CMP-20250710-16806""]",SBI,savings,Uttar Pradesh,152300.00,8,False
29d9345e-2711-47d3-abbc-257158781e9e,"[""CMP-20241005-01709"",""CMP-20241117-03886"",""CMP-20250101-06233"",""CMP-20250311-09946"",""CMP-20250525-14143"",""CMP-20250702-16379"",""CMP-20250721-17518"",""CMP-20250831-19939""]",ICICI,savings,Karnataka,273800.00,8,False
17eab3dc-652d-4cc6-a249-5b1d2530dfdf,"[""CMP-20241103-03178"",""CMP-20241109-03476"",""CMP-20250505-13040"",""CMP-20250726-17760"",""CMP-20250816-19043""]",Paytm Payments Bank,savings,Uttar Pradesh,285400.00,5,False
f18879f2-93e6-4b28-a336-20742e30db41,"[""CMP-20241030-02938"",""CMP-20241030-02957"",""CMP-20241205-04786"",""CMP-20250102-06254"",""CMP-20250228-09317"",""CMP-20250305-09585"",""CMP-20250330-11036"",""CMP-20250423-12335"",""CMP-20250521-13901""]",SBI,savings,Jharkhand,469200.00,9,True
2ac39275-62ff-43da-abb3-a52a5c2f65ee,"[""CMP-20240910-00439"",""CMP-20240929-01405"",""CMP-20241031-02985"",""CMP-20241122-04126"",""CMP-20250110-06659"",""CMP-20250314-10095"",""CMP-20250513-13462"",""CMP-20250524-14069"",""CMP-20250528-14306"",""CMP-20250531-14517"",""CMP-20250712-16951"",""CMP-20250723-17610""]",SBI,savings,Jharkhand,1069700.00,12,True
55b24e15-205e-4a22-a17a-29ed6422480e,"[""CMP-20241015-02204"",""CMP-20250324-10690"",""CMP-20250518-13737"",""CMP-20250621-15703"",""CMP-20250725-17733""]",SBI,savings,Rajasthan,263300.00,5,False
5170f508-2247-4d8a-ad50-897a7dc2c07c,"[""CMP-20241229-06106"",""CMP-20250309-09815"",""CMP-20250418-12055"",""CMP-20250614-15283"",""CMP-20250812-18805"",""CMP-20250820-19257""]",Axis Bank,savings,West Bengal,305300.00,6,False
4ae5962f-4957-4f66-a243-ed73ce932745,"[""CMP-20241110-03512"",""CMP-20250112-06777"",""CMP-20250617-15471""]",HDFC,savings,Rajasthan,365300.00,3,False
592cf409-85f8-48e4-ac54-f9c44f21e93d,"[""CMP-20240914-00644"",""CMP-20250116-06996"",""CMP-20250221-08946"",""CMP-20250319-10340"",""CMP-20250427-12597"",""CMP-20250823-19387""]",Paytm Payments Bank,savings,Tamil Nadu,647700.00,6,True
c927018e-a743-4efa-a99d-2256fcacd1b6,"[""CMP-20241019-02375"",""CMP-20250320-10399"",""CMP-20250323-10589"",""CMP-20250403-11222"",""CMP-20250518-13742"",""CMP-20250523-13982"",""CMP-20250620-15634"",""CMP-20250713-17036""]",Bank of Baroda,savings,Rajasthan,483400.00,8,False
6dd36d1b-852f-4f19-a4ea-4ddca2759f62,"[""CMP-20241116-03830"",""CMP-20241214-05249"",""CMP-20250119-07237"",""CMP-20250307-09658"",""CMP-20250408-11489"",""CMP-20250506-13048""]",Axis Bank,savings,Tamil Nadu,403100.00,6,False
30707b57-e989-49c4-a1c6-a2e902ae1dd6,"[""CMP-20241104-03225"",""CMP-20241107-03341"",""CMP-20241108-03390"",""CMP-20241118-03956"",""CMP-20241221-05659"",""CMP-20250124-07474"",""CMP-20250321-10433"",""CMP-20250627-16013"",""CMP-20250805-18371"",""CMP-20250822-19342""]",Indian Bank,savings,Tamil Nadu,264200.00,10,False
33a89fda-eedf-4699-aba1-d544e7677da2,"[""CMP-20241101-03033"",""CMP-20241229-06058"",""CMP-20250511-13328"",""CMP-20250511-13361"",""CMP-20250817-19078""]",SBI,savings,Jharkhand,206300.00,5,True
05a97cce-abc7-4a85-ac96-7921a21b3217,"[""CMP-20240919-00845"",""CMP-20241115-03781"",""CMP-20250106-06498"",""CMP-20250112-06822"",""CMP-20250205-08068"",""CMP-20250219-08845"",""CMP-20250314-10068"",""CMP-20250825-19590""]",Indian Bank,savings,Uttar Pradesh,466700.00,8,False
2f165d78-8a86-4d27-ae74-b6c0d64d3b88,"[""CMP-20240913-00591"",""CMP-20241226-05908"",""CMP-20250204-08032"",""CMP-20250622-15778"",""CMP-20250802-18174"",""CMP-20250821-19258"",""CMP-20250831-19941""]",Paytm Payments Bank,wallet,Maharashtra,315900.00,7,False
9cea27ae-8296-4d15-ae5d-fcc19abc0bbc,"[""CMP-20240917-00794"",""CMP-20241121-04061"",""CMP-20250101-06226"",""CMP-20250607-14885"",""CMP-20250622-15743"",""CMP-20250825-19552""]",HDFC,savings,Jharkhand,241500.00,6,False
b24f8259-6b50-4fca-a81e-e6e2fab17765,"[""CMP-20250822-19368""]",ICICI,savings,Rajasthan,11300.00,1,False
d04991fd-7662-4b06-a3c6-2596570d83dd,"[""CMP-20241011-01971"",""CMP-20250130-07753"",""CMP-20250319-10350""]",SBI,savings,Rajasthan,83100.00,3,False
6a714358-5902-4ea6-a8a6-4f270a3a9658,"[""CMP-20241007-01790"",""CMP-20241230-06150"",""CMP-20250302-09437"",""CMP-20250529-14359""]",Axis Bank,savings,Uttar Pradesh,89300.00,4,True
8d300a9a-d506-418f-a5b8-cf51dffeb4ef,"[""CMP-20241114-03713"",""CMP-20250107-06558"",""CMP-20250204-08010"",""CMP-20250209-08344"",""CMP-20250326-10745"",""CMP-20250803-18306""]",Paytm Payments Bank,savings,Uttar Pradesh,266100.00,6,True
d3a0ebf8-f039-4584-a920-53922b65254e,"[""CMP-20240923-01090"",""CMP-20241217-05460"",""CMP-20241229-06057"",""CMP-20250122-07363"",""CMP-20250730-18005"",""CMP-20250814-18893""]",Paytm Payments Bank,savings,Rajasthan,307400.00,6,False
688e7dc7-c7c8-40a4-a71b-ea421f819fea,"[""CMP-20241006-01753"",""CMP-20241022-02554"",""CMP-20241101-03025"",""CMP-20250105-06425"",""CMP-20250330-11001"",""CMP-20250508-13134"",""CMP-20250510-13291"",""CMP-20250531-14447""]",Axis Bank,savings,Uttar Pradesh,492200.00,8,False
cb467545-57fd-48b9-a90b-45464eba3346,"[""CMP-20240925-01145"",""CMP-20250203-07973"",""CMP-20250221-08927"",""CMP-20250815-18979""]",Canara Bank,savings,Jharkhand,147000.00,4,True
398a61e9-22db-4a06-ae1a-685af6808ab4,"[""CMP-20241218-05470"",""CMP-20250331-11079"",""CMP-20250613-15258"",""CMP-20250622-15757""]",SBI,savings,Jharkhand,645300.00,4,True
29a15ff2-d04b-4a99-aae8-b10bcb8b39cc,"[""CMP-20241014-02144"",""CMP-20241214-05265"",""CMP-20250430-12706""]",ICICI,savings,Rajasthan,149900.00,3,False
dd3c648f-a3ff-4540-a443-5cdcdc446b62,"[""CMP-20241212-05144"",""CMP-20250425-12455"",""CMP-20250516-13617"",""CMP-20250606-14834"",""CMP-20250615-15347"",""CMP-20250617-15470"",""CMP-20250630-16241""]",Airtel Payments Bank,wallet,Uttar Pradesh,363200.00,7,False
75b9a060-1613-4f90-a8e9-feba9d6e77cc,"[""CMP-20250530-14370""]",Airtel Payments Bank,wallet,Jharkhand,2900.00,1,True
4d599a10-af9b-41e7-a405-a309911b7e7f,"[""CMP-20241123-04168"",""CMP-20250411-11633"",""CMP-20250530-14434"",""CMP-20250614-15319"",""CMP-20250727-17844""]",SBI,savings,Uttar Pradesh,197300.00,5,True
433a582a-c9ee-477e-a5b3-a833e97d85dd,"[""CMP-20240903-00110"",""CMP-20250106-06475"",""CMP-20250208-08267"",""CMP-20250216-08700"",""CMP-20250321-10434"",""CMP-20250323-10609"",""CMP-20250611-15143""]",Axis Bank,savings,Rajasthan,333100.00,7,False
b9804b28-1577-42b1-afe7-12d4132112e9,"[""CMP-20240910-00454"",""CMP-20241224-05777"",""CMP-20250102-06268"",""CMP-20250228-09291"",""CMP-20250303-09495"",""CMP-20250405-11302"",""CMP-20250429-12678"",""CMP-20250818-19176""]",Airtel Payments Bank,wallet,Jharkhand,308300.00,8,False
a79e39ac-572e-4040-a6e3-a39c4421268a,"[""CMP-20240904-00175"",""CMP-20240911-00505"",""CMP-20240916-00764"",""CMP-20241008-01815"",""CMP-20241027-02805"",""CMP-20250207-08159"",""CMP-20250211-08426"",""CMP-20250323-10593"",""CMP-20250419-12107"",""CMP-20250530-14362"",""CMP-20250629-16145""]",Bank of Baroda,savings,Tamil Nadu,377200.00,11,True
81dd2143-61ea-4d65-abcc-3549a3ed3b0d,"[""CMP-20240909-00408"",""CMP-20250106-06506"",""CMP-20250330-11007"",""CMP-20250825-19589""]",Canara Bank,savings,Tamil Nadu,199200.00,4,False
7e0ba0ad-1503-4697-a2cd-0873a174abf9,"[""CMP-20241003-01575"",""CMP-20250205-08080"",""CMP-20250226-09190"",""CMP-20250723-17587""]",Indian Bank,savings,Maharashtra,153300.00,4,False
026377e7-5f20-4695-afc2-84124ab5602d,"[""CMP-20240914-00639"",""CMP-20240915-00700"",""CMP-20250114-06906"",""CMP-20250722-17562"",""CMP-20250809-18642"",""CMP-20250811-18734""]",HDFC,savings,West Bengal,130100.00,6,False
439cd009-4606-43a0-a8b0-e57285e9b5e0,"[""CMP-20240921-00995"",""CMP-20241205-04803"",""CMP-20250319-10329"",""CMP-20250515-13524""]",ICICI,savings,West Bengal,61300.00,4,False
70afcad0-a4eb-41c2-a4f8-6e3c599b62f9,"[""CMP-20250107-06547"",""CMP-20250227-09254"",""CMP-20250703-16419"",""CMP-20250704-16442""]",HDFC,savings,Jharkhand,202300.00,4,False
c91103d2-bf5a-41ee-adca-b462738de59d,"[""CMP-20241101-03027"",""CMP-20241101-03055"",""CMP-20241207-04883"",""CMP-20241210-05063"",""CMP-20250305-09565"",""CMP-20250525-14181"",""CMP-20250531-14451"",""CMP-20250604-14702"",""CMP-20250703-16421""]",Indian Bank,savings,Rajasthan,267900.00,9,False
a6ea868f-eefc-4d4a-ab43-afa99b1638b5,"[""CMP-20241023-02608"",""CMP-20241110-03546"",""CMP-20250304-09545"",""CMP-20250323-10656"",""CMP-20250426-12536"",""CMP-20250503-12908"",""CMP-20250516-13637"",""CMP-20250609-15038"",""CMP-20250713-17004"",""CMP-20250725-17676""]",Indian Bank,savings,Tamil Nadu,367500.00,10,False
fe595f3e-f91f-4633-ab82-9a30f41377bb,"[""CMP-20241122-04136"",""CMP-20241231-06168"",""CMP-20250210-08378"",""CMP-20250504-13001"",""CMP-20250530-14371""]",SBI,savings,Rajasthan,276800.00,5,True
5d8d6695-3d18-41f9-a567-0ff759adca8b,"[""CMP-20241208-04955"",""CMP-20250718-17268"",""CMP-20250807-18487""]",Paytm Payments Bank,savings,Tamil Nadu,195800.00,3,False
9e05c6d1-9234-4ba4-a462-bd14e779f11b,"[""CMP-20240901-00007"",""CMP-20241230-06143"",""CMP-20250114-06895"",""CMP-20250219-08834"",""CMP-20250316-10190"",""CMP-20250404-11271"",""CMP-20250512-13415"",""CMP-20250801-18126"",""CMP-20250829-19775""]",SBI,savings,Jharkhand,430200.00,9,False
2aa67740-3a42-498d-a50c-424cab5e1c69,"[""CMP-20241003-01583"",""CMP-20241111-03565"",""CMP-20241129-04513"",""CMP-20250105-06422"",""CMP-20250225-09165"",""CMP-20250511-13331""]",Airtel Payments Bank,savings,Maharashtra,189000.00,6,True
5e1c7f3f-12eb-4d02-af5c-6a221d917a90,"[""CMP-20241010-01931"",""CMP-20241127-04411"",""CMP-20250720-17436"",""CMP-20250813-18844"",""CMP-20250829-19778""]",ICICI,savings,Jharkhand,238300.00,5,True
9dc7b91e-4548-4d17-abcb-c9f978621578,"[""CMP-20250115-06971"",""CMP-20250420-12179"",""CMP-20250502-12804"",""CMP-20250605-14782"",""CMP-20250728-17923"",""CMP-20250824-19486""]",ICICI,savings,Rajasthan,178400.00,6,False
6eeb5472-2c35-4133-a98c-31b1ca9d8abb,"[""CMP-20240920-00929"",""CMP-20241128-04460"",""CMP-20250223-09050"",""CMP-20250428-12621""]",Axis Bank,savings,Uttar Pradesh,235300.00,4,False
4fc42ff1-eaef-43ac-a9a6-9de95f20494c,"[""CMP-20250127-07638"",""CMP-20250215-08603"",""CMP-20250330-10962"",""CMP-20250423-12334"",""CMP-20250513-13461"",""CMP-20250526-14204"",""CMP-20250612-15179"",""CMP-20250811-18751""]",Axis Bank,savings,Jharkhand,221800.00,8,False
31525899-f7f7-46ca-a2c1-b5ac54651099,"[""CMP-20240915-00699"",""CMP-20240927-01254"",""CMP-20241228-06033"",""CMP-20250324-10696"",""CMP-20250722-17558""]",HDFC,savings,Karnataka,93700.00,5,True
a0c70343-b2c9-417c-adf0-140d7342d27d,"[""CMP-20250128-07670"",""CMP-20250210-08388"",""CMP-20250324-10670"",""CMP-20250806-18446""]",Bank of Baroda,savings,Tamil Nadu,233800.00,4,False
65d2461d-9b3d-4292-a4aa-40d938df7595,"[""CMP-20240914-00660"",""CMP-20241228-06040"",""CMP-20250114-06910"",""CMP-20250306-09610"",""CMP-20250313-09997"",""CMP-20250619-15574"",""CMP-20250816-19014""]",Axis Bank,savings,Rajasthan,365000.00,7,False
44df4f06-862e-45d9-a0b7-593af5091cd9,"[""CMP-20241104-03195"",""CMP-20241206-04868""]",Canara Bank,savings,Jharkhand,33800.00,2,False
2583aa8b-92d1-4b29-abc3-90ee993fa843,"[""CMP-20240908-00360"",""CMP-20241004-01608"",""CMP-20241028-02853"",""CMP-20241129-04490"",""CMP-20250204-08043"",""CMP-20250414-11812"",""CMP-20250702-16338""]",Axis Bank,savings,Karnataka,350700.00,7,False
1e5aa4cd-ae2b-4037-a43c-fb6bc275e106,"[""CMP-20240915-00692"",""CMP-20240923-01089"",""CMP-20241006-01721"",""CMP-20241010-01896"",""CMP-20241130-04593"",""CMP-20241227-05949"",""CMP-20250428-12606"",""CMP-20250519-13845"",""CMP-20250715-17139"",""CMP-20250805-18393""]",Indian Bank,savings,Rajasthan,317800.00,10,True
2925820c-2e56-43a8-a9a7-f517c22ff382,"[""CMP-20241203-04731"",""CMP-20250511-13369"",""CMP-20250716-17203"",""CMP-20250825-19546""]",ICICI,savings,Uttar Pradesh,165500.00,4,True
ed7ef458-5578-4b52-ac5c-59b237b1434a,"[""CMP-20240901-00008"",""CMP-20240926-01209"",""CMP-20241020-02447"",""CMP-20241101-03061"",""CMP-20250503-12903"",""CMP-20250524-14060"",""CMP-20250606-14807""]",Paytm Payments Bank,savings,Jharkhand,225800.00,7,False
0b299695-6af2-490e-aeb8-437464631626,"[""CMP-20241119-04006"",""CMP-20250312-09954"",""CMP-20250407-11456"",""CMP-20250508-13120"",""CMP-20250515-13561"",""CMP-20250622-15811""]",Canara Bank,savings,Tamil Nadu,232000.00,6,False
45225c92-7cb5-4ea5-a85d-8aa4b7348c3c,"[""CMP-20241114-03747"",""CMP-20241114-03750"",""CMP-20250118-07101"",""CMP-20250402-11155"",""CMP-20250418-12072"",""CMP-20250527-14253"",""CMP-20250722-17549""]",Canara Bank,savings,Jharkhand,192500.00,7,False
ca762c7f-76d4-4380-acb9-198ff6d35d36,"[""CMP-20241214-05241"",""CMP-20250128-07679"",""CMP-20250417-11960"",""CMP-20250518-13796""]",Canara Bank,savings,Rajasthan,197000.00,4,False
787e2463-5467-4242-aa7d-04a3a0960366,"[""CMP-20241016-02227"",""CMP-20241213-05204"",""CMP-20241215-05330"",""CMP-20241229-06050"",""CMP-20250222-09002"",""CMP-20250330-11029"",""CMP-20250517-13668"",""CMP-20250606-14815""]",Canara Bank,savings,Jharkhand,550700.00,8,True
16eaf780-a38c-4631-a5f7-96410e06d0a8,"[""CMP-20241009-01862"",""CMP-20241217-05439"",""CMP-20250308-09718"",""CMP-20250621-15665""]",Bank of Baroda,savings,Tamil Nadu,209800.00,4,False
f0c098bc-4e97-4bd9-a254-75ad44fa4c7b,"[""CMP-20240919-00876"",""CMP-20250207-08164"",""CMP-20250502-12805"",""CMP-20250718-17277"",""CMP-20250801-18097"",""CMP-20250810-18661""]",Bank of Baroda,savings,Uttar Pradesh,295600.00,6,True
7bafaa0f-3f49-4909-aa1c-5c5929338dcf,"[""CMP-20241222-05709"",""CMP-20250112-06835"",""CMP-20250121-07316"",""CMP-20250129-07716"",""CMP-20250131-07809"",""CMP-20250421-12247"",""CMP-20250603-14688"",""CMP-20250823-19404""]",Indian Bank,savings,Tamil Nadu,225700.00,8,False
f1e96e36-4fea-461f-a3db-aeec32efb973,"[""CMP-20241027-02793"",""CMP-20241111-03597"",""CMP-20250711-16918"",""CMP-20250804-18356""]",Airtel Payments Bank,savings,Rajasthan,142900.00,4,False
4b8ec7b6-ba70-4c94-ae9b-984bf1f117af,"[""CMP-20241018-02374"",""CMP-20241122-04110"",""CMP-20250110-06696"",""CMP-20250429-12649"",""CMP-20250718-17273"",""CMP-20250827-19671"",""CMP-20250831-19955""]",ICICI,savings,Uttar Pradesh,377800.00,7,False
f6c7120f-8fcd-4577-a5a5-ad102c79271c,"[""CMP-20241103-03187"",""CMP-20250111-06740"",""CMP-20250208-08277"",""CMP-20250303-09499"",""CMP-20250323-10594"",""CMP-20250723-17605"",""CMP-20250811-18742""]",Axis Bank,savings,Jharkhand,347900.00,7,False
b38400c9-4aeb-4171-a2fe-3866a4144f10,"[""CMP-20240904-00148"",""CMP-20240927-01290"",""CMP-20241027-02818"",""CMP-20250510-13259"",""CMP-20250707-16699"",""CMP-20250803-18304"",""CMP-20250809-18652""]",Airtel Payments Bank,savings,Tamil Nadu,359900.00,7,False
d5ade513-ed86-4879-ab4b-c59cbd93271a,"[""CMP-20240930-01445"",""CMP-20250224-09118"",""CMP-20250308-09765"",""CMP-20250613-15201""]",HDFC,savings,Rajasthan,126100.00,4,False
21729826-5685-4c81-a57b-d5b4aba97cec,"[""CMP-20241212-05131"",""CMP-20241224-05776"",""CMP-20250319-10358"",""CMP-20250705-16577"",""CMP-20250706-16647"",""CMP-20250823-19392""]",SBI,savings,Uttar Pradesh,408600.00,6,False
0ce72e03-7558-446d-aeff-cf04a0e6572c,"[""CMP-20241224-05800"",""CMP-20250103-06320"",""CMP-20250122-07347"",""CMP-20250505-13019"",""CMP-20250713-17009"",""CMP-20250719-17399"",""CMP-20250821-19279""]",Axis Bank,savings,Rajasthan,350400.00,7,False
bf9d895c-7d1f-4d3a-a606-d52e884dc2e0,"[""CMP-20241230-06151"",""CMP-20250105-06434"",""CMP-20250209-08335"",""CMP-20250321-10488"",""CMP-20250325-10734"",""CMP-20250430-12712"",""CMP-20250822-19318""]",HDFC,savings,Jharkhand,437300.00,7,False
9ece9eda-7ecd-4b52-a48a-bebe29dfe54d,"[""CMP-20250105-06420"",""CMP-20250312-09983"",""CMP-20250325-10727"",""CMP-20250523-13983"",""CMP-20250523-13987"",""CMP-20250528-14274"",""CMP-20250610-15064"",""CMP-20250612-15169""]",HDFC,savings,Jharkhand,256100.00,8,True
59ef7754-94b0-4807-aada-978449516e8d,"[""CMP-20241030-02930"",""CMP-20241126-04389"",""CMP-20241206-04837"",""CMP-20241222-05711"",""CMP-20250105-06461"",""CMP-20250327-10795"",""CMP-20250613-15255""]",Axis Bank,savings,Jharkhand,174100.00,7,False
5f68e166-a31c-4fa6-a28f-5ed994d50da7,"[""CMP-20240903-00109"",""CMP-20250114-06915"",""CMP-20250323-10647"",""CMP-20250413-11795"",""CMP-20250419-12081"",""CMP-20250526-14223"",""CMP-20250622-15769"",""CMP-20250708-16734"",""CMP-20250708-16740"",""CMP-20250823-19446"",""CMP-20250825-19545""]",ICICI,savings,Maharashtra,199200.00,11,True
856d8e82-b483-40c0-aa99-ff0d40f2cae6,"[""CMP-20241203-04726"",""CMP-20241221-05606"",""CMP-20241225-05827"",""CMP-20250111-06727"",""CMP-20250602-14588"",""CMP-20250704-16499"",""CMP-20250710-16842"",""CMP-20250831-19978""]",Indian Bank,savings,Maharashtra,160400.00,8,False
1d0028a2-5412-4ee6-a705-0f885942dcc3,"[""CMP-20240911-00490"",""CMP-20241110-03549"",""CMP-20241125-04321"",""CMP-20241207-04878"",""CMP-20250227-09259"",""CMP-20250720-17441"",""CMP-20250816-19004""]",Airtel Payments Bank,wallet,Rajasthan,248000.00,7,True
53c40f9a-d8a5-4f4d-a559-03076451f22e,"[""CMP-20250120-07245"",""CMP-20250310-09872"",""CMP-20250313-10041"",""CMP-20250516-13628"",""CMP-20250701-16306"",""CMP-20250718-17326""]",Canara Bank,savings,Maharashtra,194700.00,6,False
66937b89-eeae-44e8-abb1-35369135ee91,"[""CMP-20240910-00462"",""CMP-20240923-01100"",""CMP-20250503-12886"",""CMP-20250608-14996"",""CMP-20250630-16230"",""CMP-20250630-16278""]",HDFC,savings,Uttar Pradesh,169800.00,6,True
f8d63808-b1ad-44c1-afde-046650f72cf2,"[""CMP-20241002-01507"",""CMP-20241111-03604"",""CMP-20241231-06198"",""CMP-20250108-06592"",""CMP-20250423-12351"",""CMP-20250502-12849"",""CMP-20250830-19914""]",HDFC,savings,Tamil Nadu,437700.00,7,False
7e56a061-e6f3-4669-a427-d2e3040bfa29,"[""CMP-20241111-03595"",""CMP-20241117-03909"",""CMP-20250305-09603"",""CMP-20250406-11386"",""CMP-20250418-12024"",""CMP-20250524-14058""]",Airtel Payments Bank,savings,Uttar Pradesh,128200.00,6,True
b8c8f4a0-248a-47a1-a5d0-69e9a9e42c4e,"[""CMP-20240929-01390"",""CMP-20241012-02077"",""CMP-20241114-03733"",""CMP-20241122-04135"",""CMP-20250103-06297"",""CMP-20250211-08406"",""CMP-20250408-11514"",""CMP-20250502-12826"",""CMP-20250726-17745"",""CMP-20250819-19215"",""CMP-20250829-19838""]",ICICI,savings,Tamil Nadu,345900.00,11,True
ca147ec8-49b0-421e-ae15-038f27cf4f11,"[""CMP-20241208-04962"",""CMP-20241209-05029"",""CMP-20241215-05356"",""CMP-20241215-05360"",""CMP-20250815-18933""]",Canara Bank,savings,Jharkhand,503200.00,5,True
c3b05aec-c08b-4fd9-a6e5-7bac5e7e9e2c,"[""CMP-20241122-04133"",""CMP-20241217-05429"",""CMP-20250304-09528"",""CMP-20250329-10957"",""CMP-20250523-14050"",""CMP-20250607-14901"",""CMP-20250810-18692""]",Indian Bank,savings,Uttar Pradesh,146500.00,7,False
417d93f0-dceb-4920-a96b-4677a4ff4b96,"[""CMP-20241126-04364"",""CMP-20241211-05119"",""CMP-20250221-08933"",""CMP-20250630-16229"",""CMP-20250703-16390"",""CMP-20250705-16508"",""CMP-20250821-19293"",""CMP-20250823-19456""]",Airtel Payments Bank,wallet,Tamil Nadu,368900.00,8,False
78669dcc-f2c8-4ff9-aa53-350f788a5118,"[""CMP-20241110-03547"",""CMP-20241213-05229"",""CMP-20250209-08347"",""CMP-20250218-08808"",""CMP-20250325-10711"",""CMP-20250812-18800""]",Canara Bank,savings,Rajasthan,395700.00,6,False
400a6da2-e6fe-4a4b-aab4-bf78f09d3edb,"[""CMP-20250101-06236"",""CMP-20250511-13340"",""CMP-20250621-15691"",""CMP-20250826-19628""]",Airtel Payments Bank,wallet,Uttar Pradesh,104000.00,4,True
efb97833-fd2c-4c18-a7a3-adaacdb52130,"[""CMP-20250606-14795"",""CMP-20250615-15385""]",Bank of Baroda,savings,Uttar Pradesh,125500.00,2,False
f46db428-ab25-4ad5-a07f-9ee44d5fed02,"[""CMP-20240914-00612"",""CMP-20240927-01278"",""CMP-20250525-14167"",""CMP-20250607-14923"",""CMP-20250613-15221""]",SBI,savings,Rajasthan,207100.00,5,False
49e1a531-6c6f-4af1-abfc-8471de759672,"[""CMP-20241001-01463"",""CMP-20241127-04405"",""CMP-20241220-05584"",""CMP-20250120-07276"",""CMP-20250227-09237"",""CMP-20250321-10419""]",ICICI,savings,Maharashtra,158500.00,6,False
d329fe30-4a96-4dae-aa97-996a3c4647b5,"[""CMP-20240930-01431"",""CMP-20250116-07008"",""CMP-20250205-08077"",""CMP-20250305-09592"",""CMP-20250310-09880"",""CMP-20250601-14527"",""CMP-20250829-19783""]",Canara Bank,savings,Jharkhand,140900.00,7,False
e0edd4c4-8a1e-4a3b-a50d-66d39fa1e194,"[""CMP-20240912-00513"",""CMP-20240926-01223"",""CMP-20250204-08016"",""CMP-20250517-13687"",""CMP-20250820-19237""]",Bank of Baroda,savings,Maharashtra,295700.00,5,False
37c97d7f-3e4f-4bf5-a243-ffff2df93bfa,"[""CMP-20240904-00166"",""CMP-20241027-02807"",""CMP-20241110-03561"",""CMP-20241123-04208"",""CMP-20250211-08412"",""CMP-20250320-10362"",""CMP-20250822-19365"",""CMP-20250829-19803""]",Paytm Payments Bank,wallet,Uttar Pradesh,500200.00,8,True
0223e969-4e12-488e-af3a-f953255cdafc,"[""CMP-20241014-02164"",""CMP-20241117-03892"",""CMP-20241118-03930"",""CMP-20241123-04172"",""CMP-20241208-04943"",""CMP-20241221-05654"",""CMP-20250113-06872"",""CMP-20250323-10592"",""CMP-20250405-11335"",""CMP-20250617-15513"",""CMP-20250703-16425"",""CMP-20250719-17375"",""CMP-20250812-18784""]",SBI,savings,Jharkhand,691000.00,13,True
60890030-1002-45e4-ae72-9d85d3ac93f9,"[""CMP-20241102-03106"",""CMP-20250228-09310"",""CMP-20250405-11357"",""CMP-20250516-13621"",""CMP-20250716-17187"",""CMP-20250718-17333"",""CMP-20250816-19022"",""CMP-20250817-19124"",""CMP-20250824-19502""]",Bank of Baroda,savings,Rajasthan,258300.00,9,False
67af2b5d-9dcf-4bdc-af31-8433756df7b2,"[""CMP-20250110-06644"",""CMP-20250409-11552"",""CMP-20250509-13210"",""CMP-20250622-15813"",""CMP-20250628-16075""]",Indian Bank,savings,Rajasthan,227600.00,5,True
5339a23d-7a07-4c37-a840-a857762dc51a,"[""CMP-20241017-02263"",""CMP-20250104-06374"",""CMP-20250123-07393"",""CMP-20250504-12982""]",SBI,savings,Jharkhand,61100.00,4,False
7fa0d632-07aa-45b5-acf5-3b214c851d5c,"[""CMP-20250410-11564"",""CMP-20250415-11863"",""CMP-20250510-13288""]",Indian Bank,savings,Uttar Pradesh,136400.00,3,False
63a067a0-0cff-4e7f-ae59-7c5042d7612d,"[""CMP-20250318-10291"",""CMP-20250721-17493"",""CMP-20250813-18817"",""CMP-20250813-18825""]",Bank of Baroda,savings,Uttar Pradesh,218500.00,4,False
ce69b9a6-c674-464b-a2a3-5d2345de5fa0,"[""CMP-20241212-05137"",""CMP-20250108-06581"",""CMP-20250312-09972"",""CMP-20250518-13744""]",Paytm Payments Bank,wallet,Uttar Pradesh,175100.00,4,False
2139758a-e565-4bf3-ab4c-3b9c7044b93b,"[""CMP-20241016-02208"",""CMP-20241029-02908"",""CMP-20241130-04600"",""CMP-20250309-09824"",""CMP-20250526-14200"",""CMP-20250713-17058"",""CMP-20250823-19459""]",ICICI,savings,Tamil Nadu,224100.00,7,False
d477e118-c5fc-4447-ace4-863457552607,"[""CMP-20250117-07068"",""CMP-20250126-07594"",""CMP-20250310-09863"",""CMP-20250623-15850"",""CMP-20250713-17069"",""CMP-20250804-18345"",""CMP-20250811-18762""]",Canara Bank,savings,Karnataka,269400.00,7,False
8a403927-2021-4cb8-ae9d-93cc5052899e,"[""CMP-20250523-14044"",""CMP-20250714-17102"",""CMP-20250805-18387"",""CMP-20250809-18649"",""CMP-20250829-19816""]",HDFC,savings,Uttar Pradesh,208900.00,5,False
cfa26ee1-957c-4464-afb7-8f414cec83f9,"[""CMP-20241015-02198"",""CMP-20241101-03063"",""CMP-20250217-08766"",""CMP-20250318-10285"",""CMP-20250501-12783"",""CMP-20250524-14067"",""CMP-20250628-16113"",""CMP-20250828-19712""]",Indian Bank,savings,Rajasthan,185500.00,8,False
5e553463-55b5-434f-a225-4623626a8a81,"[""CMP-20240911-00493"",""CMP-20241109-03492"",""CMP-20250123-07403"",""CMP-20250731-18085""]",HDFC,savings,Maharashtra,193800.00,4,False
4c74a1d6-9119-477f-a719-5524266ecf24,"[""CMP-20241108-03389"",""CMP-20250108-06575"",""CMP-20250803-18257"",""CMP-20250813-18829""]",Indian Bank,savings,Uttar Pradesh,377700.00,4,False
7245c834-0ccf-4346-a77b-8b1ce9583bf4,"[""CMP-20241223-05745"",""CMP-20250123-07368"",""CMP-20250201-07846"",""CMP-20250220-08886"",""CMP-20250626-15996"",""CMP-20250802-18215""]",Airtel Payments Bank,wallet,Karnataka,261000.00,6,False
de710093-1c62-4e08-a26c-06c066c7db16,"[""CMP-20241108-03385"",""CMP-20250110-06679"",""CMP-20250409-11548"",""CMP-20250410-11596"",""CMP-20250603-14651"",""CMP-20250729-17982""]",Indian Bank,savings,Karnataka,234400.00,6,True
6e5a7c36-c2a1-4f4d-adc3-bcbc9615257d,"[""CMP-20241002-01533"",""CMP-20241006-01758"",""CMP-20241112-03615"",""CMP-20250119-07168"",""CMP-20250120-07246"",""CMP-20250423-12364"",""CMP-20250519-13805""]",Axis Bank,savings,Jharkhand,198700.00,7,True
95c0595d-8d10-4252-a4e7-99bced4ffce0,"[""CMP-20241223-05755"",""CMP-20241230-06120"",""CMP-20250215-08637"",""CMP-20250410-11566"",""CMP-20250502-12840"",""CMP-20250731-18045"",""CMP-20250824-19527""]",Airtel Payments Bank,savings,Uttar Pradesh,487200.00,7,False
1fa2fff1-7e8f-4ab0-a844-1d7936f58e52,"[""CMP-20241009-01880"",""CMP-20241221-05620"",""CMP-20250505-13027"",""CMP-20250531-14466""]",SBI,savings,Uttar Pradesh,332600.00,4,False
dfb0cf12-5de6-4595-a8ba-162bb84ab34c,"[""CMP-20241020-02481"",""CMP-20241104-03217"",""CMP-20241119-03990"",""CMP-20250303-09466"",""CMP-20250313-10026"",""CMP-20250408-11493"",""CMP-20250809-18630""]",Airtel Payments Bank,savings,Rajasthan,184700.00,7,False
a30f985d-5957-4c22-abf6-e44951a734fc,"[""CMP-20241022-02531"",""CMP-20250110-06688"",""CMP-20250418-12015"",""CMP-20250420-12155"",""CMP-20250607-14876"",""CMP-20250608-14954""]",HDFC,savings,Rajasthan,270500.00,6,True
ceb403a5-db06-4725-a2b4-344114306e1c,"[""CMP-20241004-01620"",""CMP-20241206-04840"",""CMP-20241226-05905"",""CMP-20250101-06227"",""CMP-20250310-09885"",""CMP-20250316-10224"",""CMP-20250411-11655"",""CMP-20250420-12198"",""CMP-20250518-13798"",""CMP-20250628-16102"",""CMP-20250727-17845""]",HDFC,savings,Rajasthan,604600.00,11,True
f7abf1b6-040e-4268-a397-37161543bf9e,"[""CMP-20241007-01779"",""CMP-20250507-13082"",""CMP-20250513-13422"",""CMP-20250817-19079""]",ICICI,savings,Uttar Pradesh,188900.00,4,True
e3da71df-cc46-4d75-a76c-3d41ee304cc9,"[""CMP-20240905-00187"",""CMP-20241020-02461"",""CMP-20241108-03414"",""CMP-20250203-07978"",""CMP-20250209-08323"",""CMP-20250223-09077"",""CMP-20250526-14211"",""CMP-20250820-19238""]",ICICI,savings,Tamil Nadu,471300.00,8,False
eb464ca8-0771-4f9a-aecc-4cb3e6c808d8,"[""CMP-20241002-01545"",""CMP-20241106-03331"",""CMP-20250607-14899"",""CMP-20250622-15758"",""CMP-20250806-18451""]",Canara Bank,savings,Tamil Nadu,181100.00,5,False
dc9465cc-7ff2-42bb-ae2a-5f6e24d92456,"[""CMP-20240929-01354"",""CMP-20241209-05006"",""CMP-20250125-07513"",""CMP-20250501-12766"",""CMP-20250603-14683""]",HDFC,savings,Rajasthan,195500.00,5,False
caf96d58-dc35-4bbc-a144-4099601f3363,"[""CMP-20241231-06194"",""CMP-20250105-06454"",""CMP-20250428-12630""]",SBI,savings,Karnataka,134100.00,3,False
fc4fe30a-e64b-4b0f-a8ee-78437719427c,"[""CMP-20240909-00406"",""CMP-20250202-07934"",""CMP-20250306-09611"",""CMP-20250417-11997"",""CMP-20250426-12480"",""CMP-20250714-17100""]",Bank of Baroda,savings,Jharkhand,211200.00,6,False
806a5707-e8f8-472d-a4dc-843de92c176d,"[""CMP-20250205-08067"",""CMP-20250523-14035"",""CMP-20250707-16685""]",Axis Bank,savings,Karnataka,168800.00,3,False
ce3b9374-4274-4c61-a1e3-ad2fb7ea2b82,"[""CMP-20250217-08763"",""CMP-20250607-14882"",""CMP-20250629-16160""]",HDFC,savings,Tamil Nadu,67500.00,3,False
4352399e-a541-4ee9-a0ec-c7faa39be18e,"[""CMP-20240914-00646"",""CMP-20250309-09808"",""CMP-20250414-11805""]",Airtel Payments Bank,savings,Uttar Pradesh,337900.00,3,False
601aade7-f13b-4d2b-a40b-fa2510f0b9d9,"[""CMP-20240905-00203"",""CMP-20250312-09960"",""CMP-20250401-11133"",""CMP-20250706-16652"",""CMP-20250707-16666""]",ICICI,savings,Uttar Pradesh,122600.00,5,True
ed79df7c-9bf8-4487-a216-5f39850f6b8e,"[""CMP-20241229-06099"",""CMP-20250205-08103"",""CMP-20250708-16735""]",ICICI,savings,Karnataka,145600.00,3,True
6969438b-40c8-4464-a1de-0b267be890b1,"[""CMP-20241210-05055"",""CMP-20241213-05198"",""CMP-20250119-07193"",""CMP-20250222-08987"",""CMP-20250606-14847"",""CMP-20250612-15165"",""CMP-20250722-17551""]",Airtel Payments Bank,savings,Jharkhand,269500.00,7,False
7b012295-561a-4461-a94f-eb7aa92864e0,"[""CMP-20241018-02327"",""CMP-20241116-03816"",""CMP-20241128-04442"",""CMP-20250124-07431"",""CMP-20250216-08702"",""CMP-20250330-11016"",""CMP-20250404-11294"",""CMP-20250603-14673"",""CMP-20250726-17778""]",Bank of Baroda,savings,Rajasthan,462600.00,9,True
91081765-55cd-4ee6-a141-47a49c3914b3,"[""CMP-20250814-18889"",""CMP-20250825-19567""]",Axis Bank,savings,Tamil Nadu,57500.00,2,False
c3a37ea2-c82c-41ec-a209-8f700603de01,"[""CMP-20241203-04700"",""CMP-20250210-08360"",""CMP-20250531-14462"",""CMP-20250823-19411""]",Bank of Baroda,savings,Jharkhand,79700.00,4,True
77caef35-c244-4019-a979-b2eb5c50394c,"[""CMP-20250105-06415"",""CMP-20250121-07317"",""CMP-20250314-10086"",""CMP-20250407-11451"",""CMP-20250501-12769"",""CMP-20250702-16380"",""CMP-20250819-19187""]",Airtel Payments Bank,wallet,Uttar Pradesh,253600.00,7,True
22e3d503-e713-4537-aa29-100a3b65ce95,"[""CMP-20250314-10098"",""CMP-20250719-17380"",""CMP-20250824-19500""]",Paytm Payments Bank,wallet,Jharkhand,120000.00,3,False
4505b749-5954-49e1-ab43-3a2afc8d3c83,"[""CMP-20241031-03011"",""CMP-20241224-05801"",""CMP-20250124-07442"",""CMP-20250627-16051"",""CMP-20250818-19145""]",Airtel Payments Bank,savings,Jharkhand,87300.00,5,False
99741b47-ca52-496b-a3a8-a09e22a2f0e2,"[""CMP-20240928-01331"",""CMP-20250131-07795"",""CMP-20250623-15820"",""CMP-20250624-15878"",""CMP-20250812-18771""]",Canara Bank,savings,Tamil Nadu,657500.00,5,True
106db693-83cb-4755-a11c-f86c5c548ac9,"[""CMP-20241207-04919"",""CMP-20250224-09097"",""CMP-20250224-09113"",""CMP-20250227-09262"",""CMP-20250512-13392"",""CMP-20250526-14197""]",ICICI,savings,Rajasthan,546400.00,6,True
d4ae89d4-8510-4a94-aa74-2c29fbe82ffa,"[""CMP-20241014-02143"",""CMP-20250523-13991"",""CMP-20250807-18502""]",SBI,savings,Jharkhand,103300.00,3,False
d642a382-b057-4e57-aaed-709468a05235,"[""CMP-20240903-00129"",""CMP-20241215-05339"",""CMP-20250103-06321"",""CMP-20250206-08123"",""CMP-20250214-08571"",""CMP-20250702-16368"",""CMP-20250811-18756"",""CMP-20250829-19805""]",HDFC,savings,Rajasthan,320400.00,8,False
5d601910-2445-430f-ac21-04081ff9c7f0,"[""CMP-20250521-13914"",""CMP-20250604-14743"",""CMP-20250831-19979""]",Airtel Payments Bank,savings,West Bengal,97700.00,3,False
dc6e284e-5e61-4c86-a9e3-7767f0ec2c9a,"[""CMP-20240925-01148"",""CMP-20241223-05739"",""CMP-20250311-09929"",""CMP-20250426-12504"",""CMP-20250531-14472""]",Airtel Payments Bank,savings,Jharkhand,148900.00,5,False
08341d3d-0dfe-4201-af5c-2262a1074b3c,"[""CMP-20240910-00459"",""CMP-20250614-15310"",""CMP-20250718-17317"",""CMP-20250808-18558"",""CMP-20250829-19766""]",Canara Bank,savings,West Bengal,193000.00,5,False
4b4a7e8c-747f-4ab2-a25d-9592f4ef6258,"[""CMP-20241206-04876"",""CMP-20250201-07878"",""CMP-20250202-07928"",""CMP-20250317-10253""]",Axis Bank,savings,Tamil Nadu,67300.00,4,False
3ca5516a-975b-4686-a645-723b19dbe998,"[""CMP-20241023-02596"",""CMP-20241229-06061"",""CMP-20250405-11324"",""CMP-20250522-13940"",""CMP-20250803-18297"",""CMP-20250810-18719""]",Canara Bank,savings,Jharkhand,494700.00,6,False
a9cae7b5-3f5c-45c7-acfa-4825b434a7ab,"[""CMP-20240924-01121"",""CMP-20241007-01805"",""CMP-20241122-04128"",""CMP-20250326-10774"",""CMP-20250824-19464"",""CMP-20250829-19796""]",ICICI,savings,Tamil Nadu,413900.00,6,True
295132ce-f685-4aaf-ab4e-2a6fa84c7b03,"[""CMP-20241012-02072"",""CMP-20241119-03995"",""CMP-20241202-04691"",""CMP-20250208-08270"",""CMP-20250214-08534"",""CMP-20250302-09443"",""CMP-20250403-11246"",""CMP-20250810-18656"",""CMP-20250821-19302""]",Airtel Payments Bank,wallet,Jharkhand,376600.00,9,False
bb067913-e369-4692-a6c3-fa62a7feffd4,"[""CMP-20240917-00788"",""CMP-20241011-01977"",""CMP-20241224-05769"",""CMP-20250112-06810"",""CMP-20250130-07773"",""CMP-20250408-11479"",""CMP-20250808-18518"",""CMP-20250824-19482""]",Bank of Baroda,savings,Maharashtra,344700.00,8,True
df322616-e60b-4686-aeed-17bfc4fb9114,"[""CMP-20250106-06476"",""CMP-20250107-06545"",""CMP-20250301-09363"",""CMP-20250609-15043"",""CMP-20250721-17537""]",Airtel Payments Bank,wallet,West Bengal,212000.00,5,False
017ddf32-bf1f-45a8-a10a-e0338ffc305e,"[""CMP-20241101-03015"",""CMP-20241107-03339"",""CMP-20241214-05280"",""CMP-20250630-16274"",""CMP-20250705-16527""]",SBI,savings,Uttar Pradesh,416200.00,5,True
1e681487-ae85-40b5-a83e-35cb0afb3631,"[""CMP-20240913-00592"",""CMP-20240930-01450"",""CMP-20241001-01485"",""CMP-20241101-03023"",""CMP-20250106-06493"",""CMP-20250127-07614"",""CMP-20250427-12573"",""CMP-20250429-12697"",""CMP-20250707-16693"",""CMP-20250808-18572""]",Bank of Baroda,savings,Jharkhand,454900.00,10,False
da4e8c4b-8359-4af4-aa45-ff2ce322f497,"[""CMP-20241014-02171"",""CMP-20241023-02617"",""CMP-20250513-13466"",""CMP-20250530-14376"",""CMP-20250729-17958"",""CMP-20250804-18359""]",ICICI,savings,Jharkhand,216200.00,6,False
84ce7e3d-ca1e-4687-a1ce-cf0c7c935a26,"[""CMP-20240922-01046"",""CMP-20250116-06979"",""CMP-20250715-17149""]",Axis Bank,savings,Uttar Pradesh,374700.00,3,False
40a2cfac-0fa0-461f-a020-7c926fab6d07,"[""CMP-20240911-00499"",""CMP-20241209-05007"",""CMP-20241218-05480"",""CMP-20250323-10602"",""CMP-20250325-10736"",""CMP-20250410-11565"",""CMP-20250515-13514"",""CMP-20250607-14896"",""CMP-20250612-15196"",""CMP-20250707-16670"",""CMP-20250711-16910"",""CMP-20250804-18322""]",Indian Bank,savings,Tamil Nadu,651900.00,12,True
8cfa705d-3a00-42b3-a890-3ebd60d9215d,"[""CMP-20250124-07426"",""CMP-20250213-08480"",""CMP-20250523-14043"",""CMP-20250727-17827""]",Bank of Baroda,savings,West Bengal,129800.00,4,False
b26d9793-b2bd-4098-af80-162c06a6ae7c,"[""CMP-20240917-00770"",""CMP-20241111-03587"",""CMP-20250125-07537"",""CMP-20250223-09074"",""CMP-20250509-13169"",""CMP-20250606-14857"",""CMP-20250617-15492"",""CMP-20250720-17453""]",Indian Bank,savings,Rajasthan,257200.00,8,False
89b98c87-08b2-41f5-a36b-2cab531961fb,"[""CMP-20250410-11598"",""CMP-20250413-11773"",""CMP-20250603-14656"",""CMP-20250604-14733"",""CMP-20250724-17646""]",Axis Bank,savings,Tamil Nadu,177000.00,5,True
6c588839-cb81-4557-a27a-6dadb9a6efcc,"[""CMP-20240906-00233"",""CMP-20250119-07171"",""CMP-20250206-08139"",""CMP-20250301-09390"",""CMP-20250611-15104"",""CMP-20250613-15209"",""CMP-20250808-18508"",""CMP-20250815-18970""]",SBI,savings,Rajasthan,524300.00,8,True
2a540ce6-395e-43a1-a455-6ddd7a2b2216,"[""CMP-20241017-02270"",""CMP-20241102-03107"",""CMP-20241105-03253"",""CMP-20250111-06735"",""CMP-20250404-11296"",""CMP-20250430-12728"",""CMP-20250620-15654"",""CMP-20250719-17405""]",Axis Bank,savings,Rajasthan,467500.00,8,True
372d3195-eb84-433c-aed5-02cba0690af0,"[""CMP-20241219-05532"",""CMP-20250210-08356""]",ICICI,savings,Rajasthan,56900.00,2,True
e0f5a1af-dd6d-4d0f-a223-b6790a1c9ccc,"[""CMP-20241115-03761"",""CMP-20250209-08334"",""CMP-20250327-10789"",""CMP-20250416-11954"",""CMP-20250506-13071"",""CMP-20250624-15876""]",Paytm Payments Bank,savings,Jharkhand,187900.00,6,True
ba260f62-5c33-45ad-ad7c-5ed5cea14aaf,"[""CMP-20241020-02473"",""CMP-20241112-03653"",""CMP-20241208-04997"",""CMP-20250213-08488"",""CMP-20250213-08520"",""CMP-20250224-09123"",""CMP-20250310-09891"",""CMP-20250320-10386"",""CMP-20250322-10506"",""CMP-20250418-12073"",""CMP-20250726-17742"",""CMP-20250801-18104""]",SBI,savings,Uttar Pradesh,560100.00,12,True
1168dfc6-caad-49e4-acda-41fe1efc9f75,"[""CMP-20241018-02304"",""CMP-20250316-10159"",""CMP-20250503-12889"",""CMP-20250803-18242""]",Axis Bank,savings,Jharkhand,161800.00,4,False
8ade4866-d235-4da9-abca-1f8532ba6e28,"[""CMP-20240902-00061"",""CMP-20241215-05366"",""CMP-20250207-08160"",""CMP-20250219-08837"",""CMP-20250501-12773"",""CMP-20250512-13380"",""CMP-20250524-14079"",""CMP-20250620-15609"",""CMP-20250622-15802"",""CMP-20250628-16071"",""CMP-20250726-17805""]",HDFC,savings,Jharkhand,774400.00,11,True
a42d2848-ebe4-4b11-ab3d-9a54c679eed9,"[""CMP-20241209-05011""]",Axis Bank,savings,Maharashtra,25000.00,1,False
6d4a348d-7d85-4c35-a424-c2b082d200c8,"[""CMP-20240902-00085"",""CMP-20241002-01511"",""CMP-20241018-02338"",""CMP-20241115-03795"",""CMP-20241205-04784"",""CMP-20250112-06839"",""CMP-20250410-11601"",""CMP-20250509-13230"",""CMP-20250523-13997"",""CMP-20250530-14430""]",SBI,savings,Karnataka,224900.00,10,True
b6b19d7a-76e7-4a80-a0a5-16979b823de1,"[""CMP-20241011-01958"",""CMP-20241018-02325"",""CMP-20241031-02994"",""CMP-20241225-05865"",""CMP-20250130-07759"",""CMP-20250711-16897""]",Airtel Payments Bank,wallet,Tamil Nadu,321000.00,6,True
c9b92a82-32fa-496c-a8df-c0e91b82b69e,"[""CMP-20241104-03208"",""CMP-20241208-04949"",""CMP-20250122-07340"",""CMP-20250223-09059"",""CMP-20250312-09965"",""CMP-20250821-19259""]",Bank of Baroda,savings,Jharkhand,224000.00,6,False
9ee23380-cebb-469a-a36f-9af9362f5be9,"[""CMP-20240901-00021"",""CMP-20240921-00968"",""CMP-20241118-03952"",""CMP-20250725-17695"",""CMP-20250726-17758""]",Canara Bank,savings,Rajasthan,63600.00,5,False
4560cf93-1ca3-4714-a457-63cd2ff967e2,"[""CMP-20241031-02968"",""CMP-20241108-03402"",""CMP-20241220-05542"",""CMP-20250527-14272"",""CMP-20250824-19463""]",SBI,savings,Uttar Pradesh,156400.00,5,False
5aac0f26-64ee-49bb-ae80-44b3c0ee0c22,"[""CMP-20240920-00906"",""CMP-20241114-03703"",""CMP-20241204-04760"",""CMP-20250202-07944"",""CMP-20250417-11964"",""CMP-20250427-12554"",""CMP-20250519-13833"",""CMP-20250621-15700"",""CMP-20250716-17200""]",Paytm Payments Bank,wallet,Rajasthan,562200.00,9,True
bd702469-0310-41b5-a9fb-047ad8469400,"[""CMP-20241025-02676"",""CMP-20241029-02893"",""CMP-20241201-04636"",""CMP-20250411-11663"",""CMP-20250522-13952"",""CMP-20250712-16940"",""CMP-20250804-18323"",""CMP-20250818-19170""]",Bank of Baroda,savings,Tamil Nadu,341000.00,8,False
918d88c0-d0a3-4f82-ace3-47bfa89877fe,"[""CMP-20241006-01729"",""CMP-20241115-03774"",""CMP-20250218-08782"",""CMP-20250228-09313"",""CMP-20250610-15067"",""CMP-20250702-16330"",""CMP-20250823-19378""]",SBI,savings,Rajasthan,146000.00,7,False
c6db085a-96e8-4da4-a8c6-db087e220f69,"[""CMP-20250319-10351"",""CMP-20250510-13262"",""CMP-20250525-14177"",""CMP-20250622-15800""]",Axis Bank,savings,Rajasthan,159600.00,4,False
3c8f3e21-ad0b-4c15-a221-88539512c41f,"[""CMP-20241010-01919"",""CMP-20241012-02048"",""CMP-20250127-07610"",""CMP-20250603-14677"",""CMP-20250726-17802""]",Bank of Baroda,savings,Rajasthan,285700.00,5,False
3845e8a5-8083-4c82-a36e-7e6ff4d8ee07,"[""CMP-20241116-03841"",""CMP-20250202-07949"",""CMP-20250820-19220""]",Bank of Baroda,savings,Jharkhand,159700.00,3,True
f4720c77-39b5-468b-a519-4e3b9ab46dd4,"[""CMP-20241012-02074"",""CMP-20250207-08180"",""CMP-20250307-09656"",""CMP-20250606-14824"",""CMP-20250618-15521"",""CMP-20250702-16366"",""CMP-20250805-18399""]",ICICI,savings,Uttar Pradesh,455200.00,7,False
a4d5359a-6383-4554-a9e2-8d7d498f49e0,"[""CMP-20240912-00543"",""CMP-20241001-01486"",""CMP-20241004-01589"",""CMP-20250706-16625"",""CMP-20250814-18898""]",Airtel Payments Bank,savings,Rajasthan,296100.00,5,False
ce4d66e6-73c5-42b3-a6a3-04daa02c5e64,"[""CMP-20241215-05361"",""CMP-20250102-06271"",""CMP-20250308-09755"",""CMP-20250329-10939"",""CMP-20250803-18238""]",Canara Bank,savings,Rajasthan,68300.00,5,False
4013c67c-88e3-434f-a440-d43678536574,"[""CMP-20250228-09312"",""CMP-20250531-14439"",""CMP-20250724-17666"",""CMP-20250802-18200""]",ICICI,savings,Uttar Pradesh,128200.00,4,True
2e52f57d-7421-4a87-a195-92fdc45483eb,"[""CMP-20250518-13791"",""CMP-20250627-16060"",""CMP-20250705-16555""]",Bank of Baroda,savings,Jharkhand,95100.00,3,False
9a106c96-f3ac-4b41-a5be-d735f7c5433c,"[""CMP-20241005-01643"",""CMP-20250509-13195"",""CMP-20250601-14561"",""CMP-20250628-16105""]",SBI,savings,Tamil Nadu,178400.00,4,False
82276dcc-c14b-4988-ad29-5eaf12410e09,"[""CMP-20240916-00749"",""CMP-20241124-04310"",""CMP-20250107-06546"",""CMP-20250508-13165"",""CMP-20250708-16709"",""CMP-20250722-17568""]",Airtel Payments Bank,savings,Jharkhand,208900.00,6,False
91255d52-2394-4252-ad4d-34872b76010a,"[""CMP-20241007-01791"",""CMP-20241103-03184"",""CMP-20241124-04297"",""CMP-20250123-07390"",""CMP-20250623-15852"",""CMP-20250722-17539""]",SBI,savings,Rajasthan,102300.00,6,True
36b9faf6-08e4-42e8-a10a-24d754502e58,"[""CMP-20240920-00883"",""CMP-20240928-01344"",""CMP-20241212-05125"",""CMP-20241213-05170"",""CMP-20250506-13045"",""CMP-20250623-15844"",""CMP-20250720-17473"",""CMP-20250808-18540"",""CMP-20250810-18680""]",Indian Bank,savings,West Bengal,305100.00,9,False
2259c5a8-e535-4ef4-a4a4-d5c5f5a41302,"[""CMP-20250615-15374"",""CMP-20250718-17315"",""CMP-20250810-18724""]",SBI,savings,Jharkhand,346500.00,3,False
a18fffe4-686a-40a1-a4b0-1ae5cb4b865f,"[""CMP-20241106-03310"",""CMP-20241116-03848"",""CMP-20241207-04890"",""CMP-20250106-06519"",""CMP-20250416-11937"",""CMP-20250429-12660"",""CMP-20250725-17734""]",Bank of Baroda,savings,Rajasthan,180600.00,7,False
89993db1-6ba0-4451-a01f-d2415ecdfcb2,"[""CMP-20240928-01315"",""CMP-20241002-01516"",""CMP-20250521-13892"",""CMP-20250620-15607"",""CMP-20250625-15927"",""CMP-20250801-18123""]",ICICI,savings,Tamil Nadu,226500.00,6,False
49bd8872-ec20-4150-a755-e62ffb6d8851,"[""CMP-20250507-13114"",""CMP-20250516-13632"",""CMP-20250531-14474""]",Bank of Baroda,savings,Rajasthan,30200.00,3,False
c4992a0c-f5f8-4e5f-adb6-a5bc9c220b80,"[""CMP-20240915-00685"",""CMP-20241123-04225"",""CMP-20241204-04751"",""CMP-20250312-09963"",""CMP-20250322-10513"",""CMP-20250728-17909""]",SBI,savings,Rajasthan,485200.00,6,False
220b6494-6146-4fba-a20e-b5509b7207d7,"[""CMP-20240928-01320"",""CMP-20241102-03090"",""CMP-20241205-04775"",""CMP-20241216-05420"",""CMP-20250111-06736"",""CMP-20250303-09464"",""CMP-20250612-15197"",""CMP-20250615-15400"",""CMP-20250803-18303""]",ICICI,savings,Jharkhand,368900.00,9,False
19125fbc-f863-4ac7-a313-b5c94fe02093,"[""CMP-20241225-05850"",""CMP-20250329-10915"",""CMP-20250824-19495""]",Paytm Payments Bank,wallet,Maharashtra,184800.00,3,True
827c93d8-e347-4d31-a3f9-18f4985975c8,"[""CMP-20241129-04495"",""CMP-20241129-04528"",""CMP-20241205-04791"",""CMP-20241213-05177""]",SBI,savings,Jharkhand,163700.00,4,True
3d95517b-b069-47df-a5d4-6e4933fb985c,"[""CMP-20240908-00357"",""CMP-20241113-03660"",""CMP-20241115-03790"",""CMP-20241125-04316"",""CMP-20250101-06219"",""CMP-20250305-09580"",""CMP-20250321-10471"",""CMP-20250413-11786""]",Bank of Baroda,savings,Tamil Nadu,242300.00,8,False
2ce1c812-ebdd-40b9-a3f0-df7d1e7d5c40,"[""CMP-20241118-03942"",""CMP-20250518-13743"",""CMP-20250814-18867"",""CMP-20250815-18946""]",SBI,savings,Uttar Pradesh,83800.00,4,False
0bc2dd07-8024-4ae4-a6bd-fdf92841445d,"[""CMP-20241204-04761"",""CMP-20241212-05151"",""CMP-20250126-07598""]",SBI,savings,Rajasthan,153100.00,3,True
51d4c716-7ef6-4474-a5b3-d0a63f3e2223,"[""CMP-20241023-02581"",""CMP-20241102-03112"",""CMP-20241121-04073"",""CMP-20250212-08457"",""CMP-20250328-10853"",""CMP-20250422-12298"",""CMP-20250424-12384"",""CMP-20250806-18417""]",HDFC,savings,Tamil Nadu,143700.00,8,True
a45e2812-d883-4f30-ad73-81a67ff32311,"[""CMP-20241023-02588"",""CMP-20241116-03815"",""CMP-20250131-07814"",""CMP-20250203-07979"",""CMP-20250305-09574"",""CMP-20250519-13808"",""CMP-20250611-15111"",""CMP-20250622-15783""]",HDFC,savings,Jharkhand,522200.00,8,False
cfbdda67-2f6f-4cdd-a0d9-63b089ffc987,"[""CMP-20240921-00975"",""CMP-20241014-02156"",""CMP-20241114-03717"",""CMP-20250105-06407"",""CMP-20250325-10725"",""CMP-20250326-10760"",""CMP-20250615-15387""]",Paytm Payments Bank,wallet,Jharkhand,277200.00,7,False
7e36d570-eb6c-4d03-a187-5b13b39ad7fc,"[""CMP-20250205-08081"",""CMP-20250207-08215"",""CMP-20250222-09008"",""CMP-20250613-15229"",""CMP-20250817-19065""]",ICICI,savings,Rajasthan,534100.00,5,True
373e0510-3d4b-42dc-a5e4-1132215fbeba,"[""CMP-20240901-00038"",""CMP-20241103-03186"",""CMP-20250222-08993"",""CMP-20250511-13314"",""CMP-20250704-16459""]",Axis Bank,savings,West Bengal,231400.00,5,False
85252595-1296-463a-ac20-9baae0d7e4e1,"[""CMP-20250529-14334"",""CMP-20250608-14940"",""CMP-20250627-16000"",""CMP-20250829-19785""]",SBI,savings,Rajasthan,110900.00,4,True
cbfb78f9-7ae8-409f-a2f8-26128b6d3618,"[""CMP-20241005-01671"",""CMP-20250109-06642"",""CMP-20250131-07837"",""CMP-20250421-12271"",""CMP-20250601-14542""]",HDFC,savings,Tamil Nadu,172300.00,5,False
3c2ab4da-93a2-4162-ab5f-1eb31dc78920,"[""CMP-20241130-04608"",""CMP-20250315-10113"",""CMP-20250417-11972"",""CMP-20250721-17517"",""CMP-20250815-18967"",""CMP-20250818-19132""]",Paytm Payments Bank,wallet,Uttar Pradesh,263900.00,6,False
263e7e99-12d5-4ba1-a474-5303444aa819,"[""CMP-20240906-00268"",""CMP-20241123-04175"",""CMP-20241213-05173"",""CMP-20241223-05761"",""CMP-20250207-08199"",""CMP-20250317-10247"",""CMP-20250426-12499""]",Indian Bank,savings,Jharkhand,351900.00,7,False
3f78e87c-2829-4d31-a031-2cb85b4de47b,"[""CMP-20250218-08810"",""CMP-20250224-09125"",""CMP-20250513-13434"",""CMP-20250528-14303"",""CMP-20250622-15762""]",Canara Bank,savings,Tamil Nadu,114700.00,5,False
1e094087-6fb6-40b0-ad39-2f883d845d37,"[""CMP-20240916-00716"",""CMP-20241223-05736"",""CMP-20241227-05927"",""CMP-20250316-10167"",""CMP-20250318-10282"",""CMP-20250418-12075"",""CMP-20250506-13056"",""CMP-20250512-13411""]",Bank of Baroda,savings,Rajasthan,404900.00,8,True
09111462-0903-4e30-ac0d-fdf3f2e8d587,"[""CMP-20240909-00396"",""CMP-20241013-02096"",""CMP-20250319-10356""]",Canara Bank,savings,Maharashtra,296600.00,3,False
66824426-526b-48ec-a2c6-802d882ad5d7,"[""CMP-20241209-05037"",""CMP-20250104-06400"",""CMP-20250302-09455"",""CMP-20250503-12862"",""CMP-20250503-12911"",""CMP-20250515-13544""]",SBI,savings,Jharkhand,106500.00,6,False
46c26533-a473-47ad-a821-b5d3d8d938c1,"[""CMP-20240909-00416"",""CMP-20241223-05746"",""CMP-20250218-08800"",""CMP-20250406-11400"",""CMP-20250423-12347"",""CMP-20250623-15858"",""CMP-20250805-18365"",""CMP-20250823-19388""]",SBI,savings,West Bengal,383200.00,8,False
4e7bde3d-d27f-441b-a669-2e7602e6e125,"[""CMP-20250207-08154"",""CMP-20250624-15869"",""CMP-20250628-16106""]",Bank of Baroda,savings,Jharkhand,82700.00,3,True
c97f2715-9c43-45df-ada4-1ec5f5198a68,"[""CMP-20241012-02050"",""CMP-20241024-02653"",""CMP-20250213-08500"",""CMP-20250628-16100"",""CMP-20250719-17355""]",Airtel Payments Bank,savings,Uttar Pradesh,184700.00,5,False
2c594de8-b235-42fd-aaff-d24c30fd835d,"[""CMP-20241130-04550"",""CMP-20250110-06657"",""CMP-20250426-12506"",""CMP-20250705-16518"",""CMP-20250709-16802"",""CMP-20250826-19653""]",Axis Bank,savings,Uttar Pradesh,239200.00,6,False
04d37146-4bc8-4659-a0ca-56bfa9a195f8,"[""CMP-20250112-06824"",""CMP-20250226-09205"",""CMP-20250303-09474"",""CMP-20250517-13661""]",Axis Bank,savings,Rajasthan,165500.00,4,False
d06cfa1a-0202-4275-a9d0-7d5c672c1ca9,"[""CMP-20241018-02335"",""CMP-20241101-03040"",""CMP-20250209-08302"",""CMP-20250220-08899"",""CMP-20250223-09039"",""CMP-20250329-10906"",""CMP-20250512-13401"",""CMP-20250528-14308"",""CMP-20250706-16608"",""CMP-20250805-18377""]",HDFC,savings,Maharashtra,412500.00,10,False
13c1c6e6-0ee9-4ce1-a37c-2f3670d49730,"[""CMP-20241025-02689"",""CMP-20241101-03049"",""CMP-20250502-12814"",""CMP-20250513-13435"",""CMP-20250514-13485"",""CMP-20250531-14514"",""CMP-20250616-15455"",""CMP-20250713-17027""]",Paytm Payments Bank,wallet,Tamil Nadu,238800.00,8,False
49100ca0-e28b-495d-acaa-6e0a080fbc50,"[""CMP-20241001-01458"",""CMP-20250331-11082"",""CMP-20250421-12235"",""CMP-20250526-14218"",""CMP-20250712-16970""]",Indian Bank,savings,Uttar Pradesh,330100.00,5,False
015a6e97-ee20-4422-aa10-f28c19694d2e,"[""CMP-20250212-08465"",""CMP-20250212-08477"",""CMP-20250419-12103"",""CMP-20250427-12557"",""CMP-20250528-14292"",""CMP-20250601-14566"",""CMP-20250605-14763"",""CMP-20250629-16179"",""CMP-20250712-16939""]",Axis Bank,savings,Uttar Pradesh,266200.00,9,True
c1d1eff8-d9b7-4c37-a4a0-009a721b52b7,"[""CMP-20241103-03155"",""CMP-20250110-06709"",""CMP-20250421-12263"",""CMP-20250608-14967""]",Canara Bank,savings,Jharkhand,168700.00,4,False
488abe99-ad87-48b4-aca3-4b830c16abbf,"[""CMP-20241012-02060"",""CMP-20241202-04682"",""CMP-20250707-16675"",""CMP-20250827-19674""]",Axis Bank,savings,Rajasthan,100300.00,4,False
c533c4d5-0f95-4ace-a308-ff822b5d33da,"[""CMP-20240906-00225"",""CMP-20250725-17684"",""CMP-20250810-18675"",""CMP-20250830-19897""]",Canara Bank,savings,Jharkhand,215700.00,4,False
5bc15781-ab32-4a81-a41c-2eb8897a4525,"[""CMP-20250311-09914"",""CMP-20250326-10769"",""CMP-20250416-11939"",""CMP-20250427-12579"",""CMP-20250618-15544"",""CMP-20250629-16189"",""CMP-20250820-19228""]",SBI,savings,Rajasthan,275300.00,7,True
ed7bcdd1-1dc6-4636-a39f-0791880c3ae0,"[""CMP-20240915-00702"",""CMP-20241005-01704"",""CMP-20241014-02151"",""CMP-20250325-10712"",""CMP-20250517-13664"",""CMP-20250525-14190"",""CMP-20250626-15978""]",Axis Bank,savings,Maharashtra,196200.00,7,False
032f105d-2b58-4f42-aba1-13e06da874b4,"[""CMP-20250331-11046"",""CMP-20250520-13888"",""CMP-20250609-15026""]",Axis Bank,savings,West Bengal,153100.00,3,False
50630ded-ae8d-4e6d-ae95-28af05757ec9,"[""CMP-20241119-03993"",""CMP-20241224-05792"",""CMP-20250123-07383"",""CMP-20250309-09852"",""CMP-20250819-19207"",""CMP-20250831-19986""]",HDFC,savings,Uttar Pradesh,244800.00,6,False
df919c2e-809a-4d64-ad2d-19196e389f43,"[""CMP-20240929-01411"",""CMP-20241012-02016"",""CMP-20241221-05660"",""CMP-20250104-06350"",""CMP-20250107-06552"",""CMP-20250123-07399"",""CMP-20250720-17486""]",Airtel Payments Bank,savings,Maharashtra,233500.00,7,False
1ac027b4-6de8-48ac-a1c6-03314dbc5839,"[""CMP-20240915-00693"",""CMP-20240925-01143"",""CMP-20241009-01870"",""CMP-20241018-02312"",""CMP-20241018-02360"",""CMP-20250116-07029"",""CMP-20250403-11253"",""CMP-20250629-16190"",""CMP-20250829-19790""]",SBI,savings,Uttar Pradesh,310700.00,9,True
9b44f90d-8217-4659-ad84-68b4a7f4c8ad,"[""CMP-20241030-02941"",""CMP-20250211-08397"",""CMP-20250504-12951"",""CMP-20250620-15619"",""CMP-20250822-19348""]",ICICI,savings,Karnataka,231500.00,5,True
e48175c6-3c67-484f-ad4c-e4611837cfff,"[""CMP-20240914-00622"",""CMP-20240917-00787"",""CMP-20241128-04448""]",Paytm Payments Bank,savings,Jharkhand,123800.00,3,False
c46cfc1b-cb69-4e94-adf6-b37b9cd2d105,"[""CMP-20241023-02613"",""CMP-20241124-04267"",""CMP-20250331-11090"",""CMP-20250408-11494"",""CMP-20250416-11935""]",Bank of Baroda,savings,Uttar Pradesh,80300.00,5,False
9c01bba1-982f-4321-a1eb-ffc18e7cdeb9,"[""CMP-20241206-04862"",""CMP-20250526-14206"",""CMP-20250718-17276""]",Indian Bank,savings,Karnataka,173700.00,3,True
c8f3c465-110c-476d-a42c-3e3243ad6775,"[""CMP-20241108-03403"",""CMP-20241115-03798"",""CMP-20250113-06868"",""CMP-20250114-06930"",""CMP-20250124-07468"",""CMP-20250506-13070"",""CMP-20250606-14804""]",ICICI,savings,Jharkhand,204000.00,7,False
75ac6241-9488-4cc4-acca-aac82409037f,"[""CMP-20241219-05523"",""CMP-20250204-08046"",""CMP-20250206-08130""]",Indian Bank,savings,Rajasthan,84300.00,3,False
5691ed1d-c0a7-4b1e-aaeb-ca18296da45d,"[""CMP-20241031-02998"",""CMP-20241227-05931""]",SBI,savings,Tamil Nadu,92100.00,2,True
700f3c45-84a0-40fb-a04f-3f39d8ab954c,"[""CMP-20250103-06327"",""CMP-20250119-07188"",""CMP-20250128-07645"",""CMP-20250308-09757"",""CMP-20250308-09775"",""CMP-20250627-16007"",""CMP-20250726-17793""]",Bank of Baroda,savings,Tamil Nadu,239000.00,7,False
a56a7fdd-8fdb-44b8-a5dc-ce645182c967,"[""CMP-20241020-02454"",""CMP-20241103-03188"",""CMP-20250601-14549"",""CMP-20250615-15410""]",Paytm Payments Bank,savings,Karnataka,106100.00,4,True
16a901d8-5ead-4c07-ab22-dc0c2c1404a4,"[""CMP-20240926-01203"",""CMP-20250223-09086"",""CMP-20250630-16238""]",Canara Bank,savings,Uttar Pradesh,105900.00,3,False
9a094886-510f-453b-a45d-b3b839c23066,"[""CMP-20240907-00316"",""CMP-20250807-18455""]",Bank of Baroda,savings,Rajasthan,83300.00,2,False
4f664aba-dd74-4fb6-aff6-3d49ae1dd5ff,"[""CMP-20240922-01048"",""CMP-20241006-01745"",""CMP-20241115-03779"",""CMP-20250117-07057"",""CMP-20250621-15733"",""CMP-20250724-17619"",""CMP-20250818-19138"",""CMP-20250820-19252""]",ICICI,savings,West Bengal,275300.00,8,False
a2625bb5-9764-44a3-a0b0-1eb0ccdab8b2,"[""CMP-20240901-00053"",""CMP-20241124-04289"",""CMP-20250328-10859"",""CMP-20250530-14411"",""CMP-20250830-19856""]",Paytm Payments Bank,wallet,Jharkhand,153500.00,5,False
669efcad-ffe4-4ff5-a4e1-caca03c383b2,"[""CMP-20241010-01929"",""CMP-20241014-02134"",""CMP-20250509-13234"",""CMP-20250603-14687""]",ICICI,savings,Rajasthan,138600.00,4,False
82814114-0534-4192-a2a6-bd24d558b6ba,"[""CMP-20240910-00433"",""CMP-20241120-04034"",""CMP-20241126-04378"",""CMP-20250218-08804"",""CMP-20250227-09250"",""CMP-20250605-14768"",""CMP-20250625-15931"",""CMP-20250702-16348"",""CMP-20250711-16884""]",SBI,savings,Uttar Pradesh,464700.00,9,True
2f3ab5bb-ac4e-4c5b-acc4-3401ae513f29,"[""CMP-20240913-00583"",""CMP-20241209-05034"",""CMP-20250112-06778"",""CMP-20250423-12341"",""CMP-20250427-12601"",""CMP-20250720-17485"",""CMP-20250822-19324""]",SBI,savings,Jharkhand,240300.00,7,False
83b41646-0198-4175-a37c-9e65d3ed05d2,"[""CMP-20241206-04849"",""CMP-20241206-04855"",""CMP-20250223-09080"",""CMP-20250311-09926"",""CMP-20250630-16248"",""CMP-20250828-19759""]",Airtel Payments Bank,wallet,Rajasthan,375800.00,6,False
bb2dd558-c671-4b55-a5c4-abb493abbe99,"[""CMP-20241016-02220"",""CMP-20250603-14658"",""CMP-20250614-15335"",""CMP-20250729-17955"",""CMP-20250823-19447""]",Bank of Baroda,savings,Maharashtra,140300.00,5,False
03e3f1db-cb6e-44fb-a490-77d47f37d14a,"[""CMP-20240912-00539"",""CMP-20241120-04040"",""CMP-20250129-07710"",""CMP-20250211-08424"",""CMP-20250221-08942"",""CMP-20250621-15679"",""CMP-20250727-17850""]",ICICI,savings,Tamil Nadu,287200.00,7,False
4f29551c-c456-4a12-a4f5-ad36c36067a1,"[""CMP-20241208-04960"",""CMP-20250614-15275"",""CMP-20250803-18277""]",Indian Bank,savings,Rajasthan,211800.00,3,False
4762aced-06ea-462c-a8ca-abbcac3023b4,"[""CMP-20250301-09366"",""CMP-20250621-15739""]",Bank of Baroda,savings,Uttar Pradesh,45100.00,2,False
06854223-b336-42f0-aa55-a7965df3f29f,"[""CMP-20240906-00261"",""CMP-20241128-04478"",""CMP-20250304-09520"",""CMP-20250318-10304"",""CMP-20250826-19662"",""CMP-20250830-19913""]",HDFC,savings,Jharkhand,137100.00,6,False
1dee3605-a730-4003-a4d5-bc52e59311e7,"[""CMP-20241227-05941"",""CMP-20250507-13093""]",Indian Bank,savings,Tamil Nadu,57800.00,2,False
ffc473a5-c769-4c1c-addb-59347a86be8b,"[""CMP-20241119-03989"",""CMP-20250116-06988"",""CMP-20250202-07954"",""CMP-20250406-11422"",""CMP-20250704-16490"",""CMP-20250724-17647""]",Indian Bank,savings,West Bengal,126800.00,6,False
849598d6-581f-4cee-a09c-3b37ef98f09c,"[""CMP-20240924-01106"",""CMP-20241220-05558"",""CMP-20250323-10649"",""CMP-20250416-11907"",""CMP-20250531-14512""]",Airtel Payments Bank,savings,Uttar Pradesh,233800.00,5,False
711e9059-ef9e-4490-a406-76cec4e25814,"[""CMP-20241128-04438"",""CMP-20250104-06367"",""CMP-20250724-17665""]",Canara Bank,savings,Jharkhand,167500.00,3,False
846af619-410b-4b17-a7d0-43254b278614,"[""CMP-20250111-06753"",""CMP-20250117-07088"",""CMP-20250601-14579""]",Indian Bank,savings,Uttar Pradesh,82100.00,3,False
50e2fe59-38be-4335-ace8-d8a66246e071,"[""CMP-20241207-04915"",""CMP-20241219-05501"",""CMP-20250111-06744"",""CMP-20250506-13049"",""CMP-20250618-15532""]",Axis Bank,savings,Tamil Nadu,200600.00,5,True
bd96c9a6-3895-4013-ae8e-a137c7524614,"[""CMP-20241003-01560"",""CMP-20250710-16817"",""CMP-20250811-18737"",""CMP-20250823-19427""]",ICICI,savings,Karnataka,138300.00,4,False
2b36b532-12d6-4de8-a058-afa668548253,"[""CMP-20250502-12807"",""CMP-20250618-15536"",""CMP-20250620-15642"",""CMP-20250702-16339""]",SBI,savings,West Bengal,188500.00,4,False
0d424c51-e2fd-4702-ade9-8088a2447904,"[""CMP-20241103-03162"",""CMP-20241117-03878"",""CMP-20241125-04348"",""CMP-20241129-04520"",""CMP-20250107-06531"",""CMP-20250501-12789"",""CMP-20250503-12881"",""CMP-20250802-18198"",""CMP-20250821-19274"",""CMP-20250825-19575""]",ICICI,savings,Jharkhand,278000.00,10,False
7e9b5baa-e561-461c-a845-77469b945f58,"[""CMP-20250117-07066"",""CMP-20250226-09194"",""CMP-20250315-10106"",""CMP-20250614-15305""]",Canara Bank,savings,West Bengal,192400.00,4,False
11b3c454-5b4e-4bb1-ab7b-9a17bfd0b977,"[""CMP-20240907-00308"",""CMP-20250811-18755""]",Axis Bank,savings,West Bengal,54000.00,2,False
77c1585a-0c2e-4859-aeb2-0b67aff5e804,"[""CMP-20241024-02646"",""CMP-20250825-19555"",""CMP-20250831-19969""]",HDFC,savings,Rajasthan,101300.00,3,True
5a3be6af-5ccc-48e2-a8f8-ce065a75d620,"[""CMP-20240905-00204"",""CMP-20240919-00854"",""CMP-20241027-02831"",""CMP-20241109-03454"",""CMP-20241109-03466"",""CMP-20250118-07125"",""CMP-20250510-13256"",""CMP-20250530-14420"",""CMP-20250702-16371""]",ICICI,savings,Uttar Pradesh,619400.00,9,True
7db06115-5e27-463e-a52b-a3d497145493,"[""CMP-20241023-02597"",""CMP-20241124-04266"",""CMP-20250115-06973"",""CMP-20250520-13889"",""CMP-20250815-18964"",""CMP-20250821-19296""]",Indian Bank,savings,Rajasthan,283500.00,6,False
f39aa68e-5c80-4de2-ad7a-daa05ee7bd87,"[""CMP-20240929-01401"",""CMP-20241212-05142"",""CMP-20241212-05162"",""CMP-20250319-10323"",""CMP-20250429-12683"",""CMP-20250731-18071""]",Bank of Baroda,savings,Uttar Pradesh,347200.00,6,False
006d12d9-26a4-40e7-ae10-25245d07c19f,"[""CMP-20241011-01997"",""CMP-20241116-03856"",""CMP-20241207-04911"",""CMP-20250203-07963"",""CMP-20250323-10643"",""CMP-20250430-12723""]",Indian Bank,savings,Jharkhand,281800.00,6,True
8aa41145-6dd3-4d79-a32f-c26a46116500,"[""CMP-20240911-00506"",""CMP-20240918-00823"",""CMP-20241019-02404"",""CMP-20250331-11071""]",HDFC,savings,Jharkhand,171000.00,4,False
cef8f12c-6a28-44cf-a4c1-4789a9893607,"[""CMP-20240915-00703"",""CMP-20250206-08125"",""CMP-20250722-17577""]",Axis Bank,savings,Rajasthan,78400.00,3,False
dc375bd6-f958-440f-a286-9f4b4d4dffb6,"[""CMP-20240922-01049"",""CMP-20241010-01913"",""CMP-20250126-07569"",""CMP-20250217-08757"",""CMP-20250218-08818"",""CMP-20250501-12755"",""CMP-20250524-14077"",""CMP-20250626-15970""]",Axis Bank,savings,Maharashtra,244500.00,8,False
46a6312a-3741-4715-afa9-96b50dd272ae,"[""CMP-20240906-00250"",""CMP-20241016-02215"",""CMP-20241118-03929"",""CMP-20241209-05010"",""CMP-20250116-06987"",""CMP-20250301-09333"",""CMP-20250306-09612"",""CMP-20250321-10454"",""CMP-20250326-10742"",""CMP-20250413-11758""]",Axis Bank,savings,Rajasthan,445900.00,10,False
80aa2856-8c7e-497e-a6df-b35fac50635b,"[""CMP-20241018-02348"",""CMP-20241106-03294"",""CMP-20250108-06580"",""CMP-20250323-10652"",""CMP-20250704-16460"",""CMP-20250728-17884"",""CMP-20250809-18576""]",ICICI,savings,Uttar Pradesh,399000.00,7,False
80da00d4-0b0f-418b-ab6c-e887f4c60b46,"[""CMP-20240904-00179"",""CMP-20241115-03777"",""CMP-20241227-05922"",""CMP-20250118-07115"",""CMP-20250426-12524"",""CMP-20250722-17546"",""CMP-20250724-17636"",""CMP-20250810-18674"",""CMP-20250818-19171""]",SBI,savings,Karnataka,383300.00,9,False
8f7d2a42-cb26-4682-a95d-69ded6b72b78,"[""CMP-20241029-02897"",""CMP-20241222-05689"",""CMP-20250124-07459"",""CMP-20250425-12435"",""CMP-20250710-16812"",""CMP-20250711-16877"",""CMP-20250802-18173"",""CMP-20250811-18741""]",Paytm Payments Bank,wallet,Rajasthan,302800.00,8,True
d2a3d8ac-5f31-4fe4-ad84-a482851e2ef5,"[""CMP-20240911-00472"",""CMP-20241019-02392"",""CMP-20241224-05804"",""CMP-20250514-13505"",""CMP-20250701-16293""]",Paytm Payments Bank,wallet,West Bengal,185600.00,5,False
8031b555-dbba-45e2-a2d3-58fee8d143ac,"[""CMP-20240922-01025"",""CMP-20250322-10499"",""CMP-20250614-15290""]",Bank of Baroda,savings,Karnataka,53000.00,3,True
dd5ad371-c727-407c-abe4-c1f54fca2bbb,"[""CMP-20250404-11255"",""CMP-20250722-17550"",""CMP-20250724-17639"",""CMP-20250725-17720""]",ICICI,savings,Tamil Nadu,109700.00,4,False
90a7b3a1-f60f-44d9-ad10-7497447325be,"[""CMP-20240926-01236"",""CMP-20241206-04823"",""CMP-20250415-11847"",""CMP-20250614-15322""]",Bank of Baroda,savings,Jharkhand,100900.00,4,True
9c1dbd6c-d2e0-423b-a9f3-fe870d2d81a3,"[""CMP-20240902-00081"",""CMP-20241016-02213"",""CMP-20241114-03751"",""CMP-20241118-03961"",""CMP-20250410-11583"",""CMP-20250529-14343""]",Canara Bank,savings,Jharkhand,183400.00,6,False
eac60d1f-13db-4dba-abdd-eefb3981a7f2,"[""CMP-20250214-08574"",""CMP-20250505-13017"",""CMP-20250513-13426""]",Paytm Payments Bank,wallet,Tamil Nadu,66400.00,3,False
23fbeac6-4bc4-4adb-a6cd-cfed80a340ce,"[""CMP-20240910-00424"",""CMP-20241001-01459"",""CMP-20241012-02078"",""CMP-20241027-02803"",""CMP-20250112-06845"",""CMP-20250218-08820"",""CMP-20250223-09042"",""CMP-20250228-09280"",""CMP-20250312-09961"",""CMP-20250725-17685"",""CMP-20250727-17809""]",Indian Bank,savings,Tamil Nadu,618000.00,11,False
41f6c761-99e7-4566-a334-a1cff15b96a8,"[""CMP-20241020-02428"",""CMP-20241119-04009"",""CMP-20250602-14629"",""CMP-20250725-17709""]",HDFC,savings,Uttar Pradesh,53600.00,4,True
21e80343-8bc6-4b78-a410-c9cf83c326d1,"[""CMP-20241020-02453"",""CMP-20250221-08914"",""CMP-20250527-14239"",""CMP-20250608-14977"",""CMP-20250610-15066"",""CMP-20250620-15618"",""CMP-20250831-19982""]",ICICI,savings,Uttar Pradesh,334400.00,7,False
ae9434fb-f0db-4ce4-aab7-77dc92cdba29,"[""CMP-20250114-06928"",""CMP-20250207-08190"",""CMP-20250301-09357"",""CMP-20250307-09681"",""CMP-20250326-10746"",""CMP-20250518-13767"",""CMP-20250522-13960"",""CMP-20250831-19987""]",ICICI,savings,Maharashtra,266300.00,8,False
53abc202-f23e-4ce7-a5d0-13c258f0f0f7,"[""CMP-20241106-03287"",""CMP-20250102-06248"",""CMP-20250222-08964"",""CMP-20250228-09306"",""CMP-20250615-15363"",""CMP-20250615-15394"",""CMP-20250718-17269"",""CMP-20250801-18116""]",SBI,savings,Rajasthan,481500.00,8,False
95970124-387f-4ab0-a467-8962ce5a297b,"[""CMP-20241109-03486"",""CMP-20241227-05972"",""CMP-20250628-16062"",""CMP-20250801-18146""]",Airtel Payments Bank,savings,Uttar Pradesh,179800.00,4,False
44e54c4e-45ee-43f7-af1b-00ad50060aab,"[""CMP-20250214-08535"",""CMP-20250429-12667"",""CMP-20250515-13546"",""CMP-20250705-16562"",""CMP-20250815-18973""]",HDFC,savings,Uttar Pradesh,225600.00,5,False
a2c1cd05-f904-4414-ac14-7b2d4f00dabb,"[""CMP-20250515-13549"",""CMP-20250702-16336""]",Airtel Payments Bank,savings,Jharkhand,168000.00,2,False
a3a4a44c-e146-45be-a14e-72046bec4071,"[""CMP-20250326-10771"",""CMP-20250503-12856"",""CMP-20250606-14789""]",Canara Bank,savings,Maharashtra,91700.00,3,False
94ad5e13-e63d-45d4-aad7-b456164650bb,"[""CMP-20241102-03094"",""CMP-20241114-03728"",""CMP-20241122-04142"",""CMP-20241127-04425"",""CMP-20250106-06488"",""CMP-20250121-07292"",""CMP-20250304-09523"",""CMP-20250316-10189"",""CMP-20250509-13233"",""CMP-20250515-13562""]",Indian Bank,savings,Tamil Nadu,580000.00,10,True
d479da74-6a37-4225-a6d0-c05560589f79,"[""CMP-20241009-01856"",""CMP-20241127-04403"",""CMP-20250114-06929"",""CMP-20250121-07303"",""CMP-20250614-15272""]",HDFC,savings,Jharkhand,207200.00,5,True
46159fde-d978-4d27-ab4f-ccd77b6153dd,"[""CMP-20241005-01668"",""CMP-20241119-04005"",""CMP-20250117-07055"",""CMP-20250704-16444"",""CMP-20250721-17504"",""CMP-20250721-17508"",""CMP-20250812-18792"",""CMP-20250829-19800""]",HDFC,savings,Rajasthan,182000.00,8,False
01dc980c-3ab4-4821-a6e2-185b61b22352,"[""CMP-20241024-02669"",""CMP-20250425-12462"",""CMP-20250507-13108"",""CMP-20250526-14202"",""CMP-20250530-14385"",""CMP-20250620-15633""]",SBI,savings,Jharkhand,360100.00,6,True
dd92cf9b-7042-4a0b-a210-0cdbfe0aa784,"[""CMP-20250107-06528"",""CMP-20250125-07532"",""CMP-20250319-10319"",""CMP-20250503-12858"",""CMP-20250713-17003"",""CMP-20250720-17452""]",Paytm Payments Bank,wallet,Karnataka,345500.00,6,False
c5e145dc-2ab7-4d3b-a52a-701afd88c521,"[""CMP-20241014-02131"",""CMP-20250316-10212"",""CMP-20250415-11902"",""CMP-20250510-13297"",""CMP-20250523-14006""]",Airtel Payments Bank,savings,Jharkhand,324500.00,5,False
5223752e-c8d3-4c1c-ae64-f916a8c55453,"[""CMP-20241205-04789"",""CMP-20250505-13032"",""CMP-20250713-17048"",""CMP-20250720-17461"",""CMP-20250809-18639"",""CMP-20250819-19199""]",Canara Bank,savings,Karnataka,221900.00,6,False
baa76d6e-2733-451e-aa7e-46e776159987,"[""CMP-20241004-01633"",""CMP-20241223-05743"",""CMP-20250317-10255"",""CMP-20250320-10405"",""CMP-20250419-12101"",""CMP-20250428-12610"",""CMP-20250726-17749"",""CMP-20250830-19899""]",Axis Bank,savings,Jharkhand,311300.00,8,False
99a5875e-0445-4b0d-ad21-3f4728bc21d2,"[""CMP-20241024-02641"",""CMP-20241026-02745"",""CMP-20241102-03121"",""CMP-20250110-06650"",""CMP-20250302-09404"",""CMP-20250810-18663"",""CMP-20250817-19109""]",Paytm Payments Bank,wallet,Tamil Nadu,498900.00,7,False
581470af-34ec-4180-a5df-5c4e1bc95cba,"[""CMP-20240901-00043"",""CMP-20240902-00077"",""CMP-20241101-03059"",""CMP-20250517-13677"",""CMP-20250524-14100"",""CMP-20250629-16221"",""CMP-20250705-16540""]",ICICI,savings,Tamil Nadu,180100.00,7,False
66e7bee7-1f4b-463f-a7de-82210a0ad537,"[""CMP-20240908-00326"",""CMP-20241117-03882"",""CMP-20250101-06200"",""CMP-20250330-11003"",""CMP-20250621-15671"",""CMP-20250725-17703"",""CMP-20250803-18285""]",Indian Bank,savings,Tamil Nadu,234400.00,7,False
fb416e6d-914a-4a27-ade3-58e65ec629f7,"[""CMP-20241117-03904"",""CMP-20241129-04487"",""CMP-20250301-09331"",""CMP-20250301-09374"",""CMP-20250319-10321"",""CMP-20250730-17986""]",Canara Bank,savings,Maharashtra,272600.00,6,False
e0ae71aa-3fd8-4931-a25d-c66c300e9bd5,"[""CMP-20241114-03741"",""CMP-20250205-08064"",""CMP-20250308-09758"",""CMP-20250315-10155"",""CMP-20250328-10857"",""CMP-20250329-10907"",""CMP-20250619-15568""]",Airtel Payments Bank,savings,Uttar Pradesh,181500.00,7,False
856bd01d-5259-47e2-a525-508479d0f894,"[""CMP-20241009-01852"",""CMP-20241113-03681"",""CMP-20241203-04715"",""CMP-20250126-07597"",""CMP-20250215-08633"",""CMP-20250314-10072"",""CMP-20250516-13582"",""CMP-20250825-19559""]",Paytm Payments Bank,savings,West Bengal,238800.00,8,False
21d477bb-ce5c-46c7-a306-958c28a47375,"[""CMP-20250107-06564"",""CMP-20250207-08167"",""CMP-20250512-13397"",""CMP-20250601-14586"",""CMP-20250606-14805"",""CMP-20250713-17068""]",Indian Bank,savings,West Bengal,195400.00,6,False
6db5677b-5056-4b78-a59f-84624846475e,"[""CMP-20240919-00859"",""CMP-20250726-17756"",""CMP-20250815-18966""]",Canara Bank,savings,Uttar Pradesh,137600.00,3,True
eba34b2b-e3ce-4967-a289-e16ff6d2f7a7,"[""CMP-20240906-00238"",""CMP-20250216-08681"",""CMP-20250318-10290"",""CMP-20250327-10814"",""CMP-20250705-16564""]",Paytm Payments Bank,wallet,Uttar Pradesh,357600.00,5,False
135f9726-d00b-49e8-a995-f9cfe4345e97,"[""CMP-20241012-02026"",""CMP-20241105-03258"",""CMP-20241213-05212"",""CMP-20241218-05471"",""CMP-20241226-05913"",""CMP-20250812-18806"",""CMP-20250824-19488""]",Axis Bank,savings,Jharkhand,284300.00,7,False
4c0b76fc-eee3-4446-aa62-b6192572a66d,"[""CMP-20240905-00218"",""CMP-20240929-01387"",""CMP-20241204-04758"",""CMP-20250707-16688"",""CMP-20250712-16989""]",Canara Bank,savings,Rajasthan,429200.00,5,False
47c99357-1484-4be0-a05c-23a0cae4a8a4,"[""CMP-20241114-03719"",""CMP-20250409-11520"",""CMP-20250413-11782"",""CMP-20250503-12866"",""CMP-20250618-15529"",""CMP-20250731-18053""]",SBI,savings,Karnataka,121400.00,6,True
553eb6fb-3888-4349-a428-25d80ec07139,"[""CMP-20241016-02251"",""CMP-20241215-05358"",""CMP-20250110-06681"",""CMP-20250520-13868"",""CMP-20250708-16745""]",SBI,savings,Uttar Pradesh,271500.00,5,False
1988dd85-cdbd-4234-ae4f-3cb6accdee3a,"[""CMP-20241031-02964"",""CMP-20241215-05314"",""CMP-20241229-06056"",""CMP-20250728-17913"",""CMP-20250808-18574""]",SBI,savings,Rajasthan,227500.00,5,False
0e468524-2c07-451f-acd6-2babf4f7419d,"[""CMP-20250117-07034"",""CMP-20250820-19249""]",SBI,savings,Tamil Nadu,19800.00,2,False
23e18122-8159-43c4-ad7b-4d0d037322f3,"[""CMP-20241206-04850"",""CMP-20250207-08198"",""CMP-20250510-13304"",""CMP-20250620-15615"",""CMP-20250729-17981""]",SBI,savings,Rajasthan,216600.00,5,False
2824320b-b68e-4983-a649-5c107c5683f4,"[""CMP-20240912-00542"",""CMP-20240930-01439"",""CMP-20250107-06529"",""CMP-20250118-07111"",""CMP-20250119-07205"",""CMP-20250125-07495"",""CMP-20250411-11635"",""CMP-20250704-16455""]",Bank of Baroda,savings,Rajasthan,168300.00,8,False
cc204a87-be6d-43d6-a4fc-09c4e5ef8e7c,"[""CMP-20240928-01313"",""CMP-20241106-03327"",""CMP-20250110-06697""]",Paytm Payments Bank,wallet,Uttar Pradesh,60200.00,3,False
beeb6c8e-d74b-48da-ae3c-e3456793c905,"[""CMP-20250608-14999"",""CMP-20250803-18275""]",HDFC,savings,Rajasthan,92100.00,2,False
8e15efa4-c0e5-4acc-a8b0-26debcee74f8,"[""CMP-20241119-04007""]",Airtel Payments Bank,savings,West Bengal,31900.00,1,False
8a56f8ed-ce76-49ec-a5c4-50df25af42b8,"[""CMP-20241110-03562"",""CMP-20241114-03739"",""CMP-20250110-06703"",""CMP-20250127-07621"",""CMP-20250430-12724"",""CMP-20250706-16653""]",Paytm Payments Bank,wallet,Rajasthan,206700.00,6,True
242dfa82-107f-4195-a635-57c8de8b4f1c,"[""CMP-20241213-05179"",""CMP-20250409-11540"",""CMP-20250620-15614"",""CMP-20250704-16506"",""CMP-20250727-17869"",""CMP-20250822-19335""]",Paytm Payments Bank,wallet,Rajasthan,222400.00,6,False
2b5e2756-035f-4070-a9f1-3a9ece8b5864,"[""CMP-20241105-03269"",""CMP-20250105-06449"",""CMP-20250201-07847"",""CMP-20250316-10177"",""CMP-20250408-11483"",""CMP-20250416-11915"",""CMP-20250525-14166"",""CMP-20250628-16132"",""CMP-20250829-19768""]",Bank of Baroda,savings,Rajasthan,508900.00,9,False
3b3eb836-6d4f-42be-ae4a-be5d37c34242,"[""CMP-20241009-01848"",""CMP-20241015-02207"",""CMP-20241218-05472"",""CMP-20241223-05729"",""CMP-20250308-09771"",""CMP-20250412-11694"",""CMP-20250429-12691"",""CMP-20250516-13646"",""CMP-20250801-18105""]",Paytm Payments Bank,wallet,Jharkhand,497500.00,9,False
82385962-ef7d-475c-ae18-f4bbb550ff01,"[""CMP-20240919-00875"",""CMP-20241101-03026"",""CMP-20250203-07982"",""CMP-20250216-08704"",""CMP-20250320-10379"",""CMP-20250326-10757"",""CMP-20250326-10776"",""CMP-20250406-11436"",""CMP-20250828-19714""]",SBI,savings,Jharkhand,244500.00,9,True
d7e34c7b-1c8a-43ec-a4e6-42f384256f43,"[""CMP-20250322-10507"",""CMP-20250330-10963"",""CMP-20250525-14132"",""CMP-20250621-15727"",""CMP-20250621-15734"",""CMP-20250628-16073"",""CMP-20250730-18031""]",Airtel Payments Bank,wallet,Uttar Pradesh,294900.00,7,True
073f125a-c53c-4c3e-a733-a912c8c8e0b6,"[""CMP-20240925-01191"",""CMP-20250201-07875""]",SBI,savings,Maharashtra,51300.00,2,False
749fdb55-0964-4275-a4ec-a7962f6f7aaa,"[""CMP-20241205-04796"",""CMP-20250118-07142"",""CMP-20250122-07343"",""CMP-20250416-11956"",""CMP-20250605-14754"",""CMP-20250725-17699""]",SBI,savings,Maharashtra,309100.00,6,False
065d91d9-d45b-43ab-a3e2-06753dcae4a3,"[""CMP-20250309-09788""]",Indian Bank,savings,Maharashtra,17100.00,1,False
13bd172d-1699-46aa-a9d3-6a57cc1a5c20,"[""CMP-20241216-05375"",""CMP-20250214-08522"",""CMP-20250427-12559"",""CMP-20250728-17916""]",Indian Bank,savings,Jharkhand,163200.00,4,False
1ef813d1-b63f-4c36-a4c5-04d657c750e0,"[""CMP-20240915-00710"",""CMP-20241108-03405"",""CMP-20241117-03910"",""CMP-20241202-04684"",""CMP-20250208-08269"",""CMP-20250418-12071"",""CMP-20250504-13005"",""CMP-20250527-14240""]",Paytm Payments Bank,savings,Uttar Pradesh,212700.00,8,False
631ab9b5-4fcc-4816-a96a-8b5897dfdbdc,"[""CMP-20240910-00437"",""CMP-20250308-09724"",""CMP-20250506-13052"",""CMP-20250629-16167""]",Bank of Baroda,savings,Tamil Nadu,237700.00,4,False
9922d0c3-b3a0-4ba2-a208-7cfbb8cbcf84,"[""CMP-20250222-08990"",""CMP-20250316-10176"",""CMP-20250407-11469"",""CMP-20250719-17374"",""CMP-20250825-19595""]",Indian Bank,savings,Jharkhand,134000.00,5,False
1889803d-6100-4f86-a2f4-50196d196da1,"[""CMP-20241208-04947"",""CMP-20241210-05046"",""CMP-20250108-06584"",""CMP-20250207-08185"",""CMP-20250224-09099"",""CMP-20250316-10223"",""CMP-20250403-11249"",""CMP-20250610-15086"",""CMP-20250625-15908"",""CMP-20250815-18903"",""CMP-20250827-19709""]",Axis Bank,savings,Rajasthan,347600.00,11,True
31a04875-3a21-48fc-afa6-78f6fad069d7,"[""CMP-20241210-05073"",""CMP-20241223-05738"",""CMP-20250207-08182"",""CMP-20250304-09509""]",Axis Bank,savings,Jharkhand,227900.00,4,False
85af1720-6734-4873-a68c-0ec1e233196a,"[""CMP-20241004-01611"",""CMP-20241103-03154"",""CMP-20250212-08475"",""CMP-20250214-08538""]",Indian Bank,savings,Uttar Pradesh,217500.00,4,False
d203859a-c7b3-41cf-adc8-5bc42cff35a2,"[""CMP-20241113-03659"",""CMP-20241224-05786"",""CMP-20250130-07768"",""CMP-20250504-12989""]",Bank of Baroda,savings,West Bengal,189900.00,4,False
aa77fdaf-b13f-441f-ac65-3aede5605940,"[""CMP-20240922-01028"",""CMP-20240924-01130"",""CMP-20240927-01285"",""CMP-20241008-01819"",""CMP-20250225-09141"",""CMP-20250330-10979"",""CMP-20250414-11814"",""CMP-20250707-16684""]",Paytm Payments Bank,savings,Tamil Nadu,358400.00,8,False
fc527501-1ed9-4803-acb6-8aacdf317bda,"[""CMP-20240927-01261"",""CMP-20241024-02647"",""CMP-20241026-02769"",""CMP-20241219-05509"",""CMP-20250208-08251""]",Canara Bank,savings,Tamil Nadu,158500.00,5,False
0a666fb5-8c67-4a9a-ae15-13ad5b4b1dae,"[""CMP-20240920-00905"",""CMP-20240921-00983"",""CMP-20241005-01654"",""CMP-20241206-04853"",""CMP-20250212-08474"",""CMP-20250304-09530"",""CMP-20250326-10755"",""CMP-20250807-18491"",""CMP-20250821-19269""]",Axis Bank,savings,Rajasthan,690800.00,9,True
97187b91-47a9-419b-abc6-dfc4d3ef6a29,"[""CMP-20241024-02649"",""CMP-20241227-05951"",""CMP-20250209-08346"",""CMP-20250222-08998"",""CMP-20250305-09600"",""CMP-20250419-12088"",""CMP-20250619-15564""]",Indian Bank,savings,Maharashtra,699000.00,7,True
7fcbb929-8565-4193-a52e-b0fa67e15d53,"[""CMP-20240925-01181"",""CMP-20241117-03925"",""CMP-20250301-09367"",""CMP-20250807-18477"",""CMP-20250823-19420"",""CMP-20250826-19617"",""CMP-20250830-19853""]",Airtel Payments Bank,savings,West Bengal,300800.00,7,False
f35866da-aacb-4d79-abc5-de11e56085fb,"[""CMP-20241214-05267"",""CMP-20250211-08418"",""CMP-20250218-08786"",""CMP-20250701-16303"",""CMP-20250717-17213"",""CMP-20250830-19866""]",ICICI,savings,Uttar Pradesh,328000.00,6,True
ff45a82d-07d8-48ad-afda-f21640c61758,"[""CMP-20240908-00379"",""CMP-20250324-10681"",""CMP-20250429-12657"",""CMP-20250630-16234""]",SBI,savings,Tamil Nadu,191700.00,4,False
b7df64e0-4b68-4380-ad78-b5a2f4557b0d,"[""CMP-20250112-06801"",""CMP-20250303-09473"",""CMP-20250613-15225"",""CMP-20250719-17373"",""CMP-20250802-18221""]",Canara Bank,savings,Rajasthan,363400.00,5,False
5497e01d-d239-4301-a058-e7da0a4167aa,"[""CMP-20241018-02324"",""CMP-20250410-11584"",""CMP-20250526-14222"",""CMP-20250605-14747"",""CMP-20250815-18909""]",Bank of Baroda,savings,Rajasthan,95800.00,5,False
126575b5-df4b-4c2f-a9b6-1c73b226ed88,"[""CMP-20241018-02372"",""CMP-20241109-03483"",""CMP-20250110-06664"",""CMP-20250118-07106"",""CMP-20250325-10716"",""CMP-20250623-15847""]",Bank of Baroda,savings,Jharkhand,115700.00,6,False
e65f945a-fbe4-4571-ae02-30613a2698f9,"[""CMP-20240920-00924"",""CMP-20241214-05276"",""CMP-20250121-07326"",""CMP-20250409-11557"",""CMP-20250613-15226"",""CMP-20250629-16219"",""CMP-20250703-16415"",""CMP-20250710-16829""]",Bank of Baroda,savings,Maharashtra,371700.00,8,False
64c0d211-a83d-43f5-a2f2-ce23b5412541,"[""CMP-20250613-15206""]",SBI,savings,Jharkhand,218900.00,1,False
17dd456d-c6b9-4682-a24a-166e48d13248,"[""CMP-20240909-00404"",""CMP-20241208-04994"",""CMP-20241215-05355"",""CMP-20250208-08265"",""CMP-20250608-14974"",""CMP-20250701-16310"",""CMP-20250809-18577"",""CMP-20250822-19319"",""CMP-20250824-19537""]",Axis Bank,savings,Jharkhand,244300.00,9,False
e9afa87f-d67e-450d-ac17-97d279f8f11b,"[""CMP-20240923-01104"",""CMP-20241113-03671"",""CMP-20250211-08435"",""CMP-20250502-12810"",""CMP-20250512-13402"",""CMP-20250718-17257""]",Indian Bank,savings,Jharkhand,261300.00,6,False
95cdfbda-cf41-4eeb-a6d4-9a9ba95dd5ef,"[""CMP-20241018-02310"",""CMP-20241130-04592"",""CMP-20250831-19993""]",Paytm Payments Bank,savings,Jharkhand,185100.00,3,False
53b8d1f2-a3c6-469a-a54b-ddc9d8ebf597,"[""CMP-20240906-00248"",""CMP-20241220-05600"",""CMP-20250120-07243"",""CMP-20250712-16938""]",Paytm Payments Bank,wallet,Tamil Nadu,128700.00,4,True
626c3e13-249d-46ca-a830-f63207b7b638,"[""CMP-20241010-01889"",""CMP-20241212-05133"",""CMP-20250312-09981"",""CMP-20250501-12785""]",Bank of Baroda,savings,Rajasthan,63900.00,4,False
3b624c2b-b747-4067-a6ad-c22cecc1c7e6,"[""CMP-20241104-03191"",""CMP-20241207-04928"",""CMP-20250225-09169"",""CMP-20250228-09298"",""CMP-20250502-12797"",""CMP-20250705-16507""]",HDFC,savings,Rajasthan,93400.00,6,False
16147d22-e99d-4966-af1d-26343ba9a14c,"[""CMP-20250419-12142"",""CMP-20250423-12342"",""CMP-20250430-12716"",""CMP-20250517-13667"",""CMP-20250612-15187""]",Paytm Payments Bank,wallet,Uttar Pradesh,255500.00,5,True
698be330-e37c-4e86-a2b4-3e3c9265438e,"[""CMP-20240913-00590"",""CMP-20241011-02003"",""CMP-20250124-07465"",""CMP-20250426-12539"",""CMP-20250621-15705"",""CMP-20250827-19687""]",ICICI,savings,Uttar Pradesh,296000.00,6,False
339ed9a2-16e7-4485-a6a6-5b5ac0546e79,"[""CMP-20240925-01159"",""CMP-20241125-04341"",""CMP-20241227-05981"",""CMP-20250204-08023""]",Axis Bank,savings,Jharkhand,158600.00,4,False
f5700e3f-7948-47dc-aa3a-a40a0ae2a60a,"[""CMP-20241108-03412"",""CMP-20241115-03801"",""CMP-20241223-05735"",""CMP-20250329-10902"",""CMP-20250617-15494"",""CMP-20250718-17302"",""CMP-20250724-17657""]",Axis Bank,savings,Tamil Nadu,197200.00,7,False
e3b7cac6-8e72-461e-a383-c0a113e09b1a,"[""CMP-20240915-00678"",""CMP-20240917-00796"",""CMP-20250708-16746"",""CMP-20250709-16787"",""CMP-20250711-16919""]",Canara Bank,savings,Maharashtra,246600.00,5,False
a4654ea9-1eb3-40d5-abcc-57e5a887cef0,"[""CMP-20240914-00627"",""CMP-20240922-01012"",""CMP-20241018-02309"",""CMP-20250125-07510"",""CMP-20250706-16659"",""CMP-20250709-16773""]",Axis Bank,savings,Jharkhand,225000.00,6,False
3fb9a307-7ef5-49b3-a255-ac786e86569d,"[""CMP-20240901-00039"",""CMP-20241011-01960"",""CMP-20241019-02414"",""CMP-20250202-07945"",""CMP-20250608-14990"",""CMP-20250612-15163"",""CMP-20250614-15271""]",Paytm Payments Bank,savings,Uttar Pradesh,571300.00,7,True
6362d61c-3656-4e58-a27a-b1ef125e36c5,"[""CMP-20240912-00546"",""CMP-20250625-15917"",""CMP-20250820-19227""]",Paytm Payments Bank,wallet,Maharashtra,90800.00,3,True
c23a284d-393b-4edf-a6f1-634d892f4f5b,"[""CMP-20240916-00733"",""CMP-20241003-01571"",""CMP-20250615-15358"",""CMP-20250628-16099"",""CMP-20250630-16240"",""CMP-20250821-19271""]",Bank of Baroda,savings,Karnataka,281600.00,6,False
7eabfa14-78b6-49c6-a343-a45884ca8f39,"[""CMP-20240907-00289"",""CMP-20241021-02526"",""CMP-20250223-09052"",""CMP-20250524-14118"",""CMP-20250622-15744"",""CMP-20250711-16892""]",Indian Bank,savings,Jharkhand,183100.00,6,True
26097796-1215-4a1b-abd9-e03f16dba5f4,"[""CMP-20241008-01823"",""CMP-20241025-02681"",""CMP-20241122-04118"",""CMP-20250220-08871"",""CMP-20250322-10515"",""CMP-20250411-11654"",""CMP-20250419-12116""]",Canara Bank,savings,Maharashtra,150600.00,7,False
8467265c-1767-4da1-ad7f-09db6694a037,"[""CMP-20241002-01539"",""CMP-20241226-05911"",""CMP-20250410-11591""]",ICICI,savings,Tamil Nadu,130800.00,3,False
fee622d3-116b-4b23-a3b5-64a964696da2,"[""CMP-20240901-00016"",""CMP-20241011-01991"",""CMP-20250523-14033"",""CMP-20250613-15218"",""CMP-20250628-16135"",""CMP-20250707-16690"",""CMP-20250723-17589"",""CMP-20250821-19298""]",Airtel Payments Bank,wallet,Rajasthan,342600.00,8,False
bbf73b5f-147d-499a-a184-2ca64b684f7f,"[""CMP-20241222-05704"",""CMP-20250103-06311"",""CMP-20250116-07012"",""CMP-20250118-07134"",""CMP-20250218-08798"",""CMP-20250502-12853"",""CMP-20250823-19410""]",HDFC,savings,Tamil Nadu,206300.00,7,False
0eb65cda-be75-46df-a603-accfa232bb5a,"[""CMP-20240908-00331"",""CMP-20240919-00849"",""CMP-20250501-12782"",""CMP-20250620-15622""]",SBI,savings,Uttar Pradesh,127300.00,4,False
3f845613-eff1-4f70-a067-2c87998611ef,"[""CMP-20241121-04091"",""CMP-20241205-04774"",""CMP-20250117-07047"",""CMP-20250215-08657"",""CMP-20250323-10629"",""CMP-20250427-12553""]",Paytm Payments Bank,wallet,Tamil Nadu,186400.00,6,False
d85a1442-b714-41e9-a016-1f833c10ecae,"[""CMP-20241026-02781"",""CMP-20241116-03844"",""CMP-20250427-12600"",""CMP-20250627-16046""]",Bank of Baroda,savings,Maharashtra,244200.00,4,False
0a8862a3-93ec-4d7b-a1d6-c102126c9b00,"[""CMP-20240901-00027"",""CMP-20241125-04345"",""CMP-20241215-05328"",""CMP-20250112-06817"",""CMP-20250225-09138"",""CMP-20250330-10965"",""CMP-20250420-12154"",""CMP-20250604-14707"",""CMP-20250816-19048""]",SBI,savings,Tamil Nadu,363700.00,9,False
78abf123-bf92-4bf5-ab7e-572beb78b1a1,"[""CMP-20240923-01097"",""CMP-20241027-02786"",""CMP-20250111-06723"",""CMP-20250511-13350"",""CMP-20250512-13394"",""CMP-20250516-13618"",""CMP-20250620-15651""]",Paytm Payments Bank,wallet,Tamil Nadu,399400.00,7,False
314bc1a2-3051-4fb2-a5d9-cf9d2766baaa,"[""CMP-20241117-03877"",""CMP-20250314-10083"",""CMP-20250527-14236"",""CMP-20250826-19658""]",Canara Bank,savings,Tamil Nadu,192600.00,4,False
413de358-4d5d-40a8-a044-46d21cc1afae,"[""CMP-20241008-01813"",""CMP-20250109-06609"",""CMP-20250329-10910"",""CMP-20250420-12192"",""CMP-20250603-14662"",""CMP-20250714-17079""]",Axis Bank,savings,Maharashtra,164400.00,6,False
feea8e22-3a5a-472f-a6c1-2a33afe9965f,"[""CMP-20241025-02699"",""CMP-20241105-03278"",""CMP-20250224-09101"",""CMP-20250421-12277"",""CMP-20250427-12561"",""CMP-20250729-17976""]",Canara Bank,savings,West Bengal,147900.00,6,False
f20461a9-47d0-48f1-aacd-b83a27823236,"[""CMP-20241230-06128"",""CMP-20250613-15238"",""CMP-20250620-15638""]",Canara Bank,savings,Jharkhand,111500.00,3,False
10c1cdf8-4f37-40b5-a680-11b36dcaac21,"[""CMP-20241005-01664"",""CMP-20250125-07514"",""CMP-20250211-08392"",""CMP-20250508-13117"",""CMP-20250710-16810"",""CMP-20250731-18069""]",ICICI,savings,Uttar Pradesh,252300.00,6,False
83180e60-0738-4136-a4bb-96e6afe0932b,"[""CMP-20241006-01746"",""CMP-20241104-03222"",""CMP-20250514-13504"",""CMP-20250516-13581""]",ICICI,savings,Uttar Pradesh,100400.00,4,False
4c68a822-2c69-44da-a947-1fe4bbb96946,"[""CMP-20241020-02448"",""CMP-20250102-06250"",""CMP-20250610-15095"",""CMP-20250704-16484"",""CMP-20250715-17124"",""CMP-20250801-18149""]",Bank of Baroda,savings,Uttar Pradesh,235300.00,6,False
23aad28c-98aa-43ce-af62-8c398faf7c20,"[""CMP-20250116-06999"",""CMP-20250225-09153"",""CMP-20250326-10767"",""CMP-20250330-11010"",""CMP-20250406-11432"",""CMP-20250608-15000""]",Bank of Baroda,savings,Uttar Pradesh,447300.00,6,False
1bee156a-85e2-4bb3-a93d-fc1e1f7f85ea,"[""CMP-20240922-01022"",""CMP-20241203-04698"",""CMP-20250303-09501""]",Indian Bank,savings,Karnataka,120700.00,3,False
a8bd3244-560a-4967-a6e0-5aa28af9e221,"[""CMP-20241106-03306"",""CMP-20241123-04182"",""CMP-20250113-06856"",""CMP-20250303-09467"",""CMP-20250304-09549"",""CMP-20250517-13707"",""CMP-20250709-16775"",""CMP-20250808-18550""]",Indian Bank,savings,Maharashtra,276100.00,8,False
64d4170b-5a70-4d2b-a871-11f49de18a7f,"[""CMP-20241117-03870"",""CMP-20241118-03954"",""CMP-20250121-07314"",""CMP-20250520-13856"",""CMP-20250719-17400"",""CMP-20250731-18087"",""CMP-20250822-19374""]",Paytm Payments Bank,savings,Rajasthan,458300.00,7,False
b67ca9d5-4919-45a6-ac6f-ba64a2ce1aff,"[""CMP-20241008-01827"",""CMP-20241110-03513"",""CMP-20241126-04353"",""CMP-20250330-11020"",""CMP-20250709-16766""]",HDFC,savings,Jharkhand,131500.00,5,False
b5378ecd-11a1-4267-a903-2bde19bd7398,"[""CMP-20250204-08036"",""CMP-20250216-08685"",""CMP-20250227-09224"",""CMP-20250503-12894"",""CMP-20250521-13898"",""CMP-20250721-17489""]",Paytm Payments Bank,wallet,Jharkhand,253600.00,6,True
9550587a-7152-4730-aafd-53dd68cd45cb,"[""CMP-20241201-04616"",""CMP-20250310-09884"",""CMP-20250321-10438"",""CMP-20250528-14277"",""CMP-20250628-16067"",""CMP-20250826-19657""]",Paytm Payments Bank,savings,Jharkhand,180000.00,6,False
505c2d27-a10a-443e-ad80-c88b4970a659,"[""CMP-20241025-02690"",""CMP-20241212-05126"",""CMP-20250410-11590"",""CMP-20250527-14256""]",Bank of Baroda,savings,Tamil Nadu,67800.00,4,False
341f4472-0e7c-4e04-aad1-77c08493c425,"[""CMP-20250126-07566"",""CMP-20250219-08849"",""CMP-20250329-10943"",""CMP-20250330-11032"",""CMP-20250418-12029"",""CMP-20250726-17768""]",Paytm Payments Bank,wallet,Rajasthan,231500.00,6,False
57dfbc1b-1661-427e-ad0b-f90b6587e69f,"[""CMP-20240910-00436"",""CMP-20241005-01650"",""CMP-20241022-02559"",""CMP-20241027-02791"",""CMP-20241129-04516"",""CMP-20241231-06173"",""CMP-20250109-06631"",""CMP-20250516-13638"",""CMP-20250704-16505"",""CMP-20250730-18018"",""CMP-20250808-18544""]",Canara Bank,savings,Uttar Pradesh,659600.00,11,True
f6616c2b-a374-4fb3-a9be-5e67e3506957,"[""CMP-20241130-04614"",""CMP-20250719-17388"",""CMP-20250730-18019""]",ICICI,savings,Jharkhand,126500.00,3,False
2fa91631-09c0-42b1-ad0a-a8717ed8e485,"[""CMP-20241203-04725"",""CMP-20250219-08833"",""CMP-20250312-09953"",""CMP-20250324-10694"",""CMP-20250523-14019""]",Airtel Payments Bank,savings,Jharkhand,426900.00,5,False
37c95577-62f4-4fe0-ac5e-481b47c1f1ab,"[""CMP-20241120-04025"",""CMP-20250428-12607"",""CMP-20250507-13083"",""CMP-20250518-13746"",""CMP-20250620-15655"",""CMP-20250809-18616"",""CMP-20250816-19013""]",ICICI,savings,Uttar Pradesh,165800.00,7,False
f221b06c-57f4-4967-a3ae-b7549ec1ab34,"[""CMP-20241005-01684"",""CMP-20241025-02678"",""CMP-20241208-04959"",""CMP-20241222-05713"",""CMP-20250111-06748"",""CMP-20250129-07694"",""CMP-20250208-08276"",""CMP-20250427-12572"",""CMP-20250530-14432"",""CMP-20250617-15477"",""CMP-20250721-17502""]",HDFC,savings,Jharkhand,767500.00,11,True
d992a3ba-eb9c-4959-a000-7c4426ea8e3c,"[""CMP-20241123-04231"",""CMP-20241230-06142"",""CMP-20250322-10566"",""CMP-20250518-13740""]",Axis Bank,savings,Jharkhand,79400.00,4,True
2c0c97a4-7683-4e8b-a8a7-340da20ed367,"[""CMP-20250327-10806"",""CMP-20250409-11550"",""CMP-20250614-15299"",""CMP-20250828-19756""]",Paytm Payments Bank,savings,Uttar Pradesh,153900.00,4,False
045d8c0b-2a60-49a9-a521-a223bbcf842b,"[""CMP-20241115-03762"",""CMP-20250310-09899"",""CMP-20250512-13384"",""CMP-20250607-14866"",""CMP-20250619-15570"",""CMP-20250727-17820""]",Paytm Payments Bank,savings,Maharashtra,165100.00,6,False
a93f6e0b-1fc9-4570-ab99-b55451db9c62,"[""CMP-20240917-00792"",""CMP-20241001-01462"",""CMP-20241006-01732"",""CMP-20241125-04349"",""CMP-20250106-06496""]",SBI,savings,West Bengal,272500.00,5,True
a32f113b-c7b4-4265-a7b3-92362e4bc3eb,"[""CMP-20241231-06171"",""CMP-20250119-07166"",""CMP-20250329-10922"",""CMP-20250607-14862"",""CMP-20250713-17022"",""CMP-20250817-19112""]",Paytm Payments Bank,wallet,Rajasthan,204700.00,6,False
f91df4e8-5240-4975-a687-3dbcb8e5dc3b,"[""CMP-20240908-00329"",""CMP-20250506-13076"",""CMP-20250526-14221""]",Paytm Payments Bank,savings,West Bengal,266500.00,3,False
256d6e29-3ee8-4a93-a731-4db16233a21c,"[""CMP-20250512-13383"",""CMP-20250623-15853""]",SBI,savings,West Bengal,56400.00,2,True
37bc193a-f648-45c8-a2d5-d46b458331d2,"[""CMP-20240907-00278"",""CMP-20240916-00736"",""CMP-20250103-06340"",""CMP-20250210-08363""]",Bank of Baroda,savings,Rajasthan,92400.00,4,False
143cfd0a-8024-4ff9-a1fb-777741bb5431,"[""CMP-20250130-07787"",""CMP-20250416-11916"",""CMP-20250425-12419""]",Paytm Payments Bank,savings,Uttar Pradesh,88600.00,3,False
43341870-a6fe-450e-a6b0-ce85012584a8,"[""CMP-20240929-01417"",""CMP-20241012-02038"",""CMP-20241013-02123"",""CMP-20241016-02253"",""CMP-20250106-06516"",""CMP-20250512-13389"",""CMP-20250513-13423""]",Bank of Baroda,savings,Uttar Pradesh,386100.00,7,True
d91e3ba1-aa40-4698-a0bc-11685ccb70e8,"[""CMP-20241028-02880"",""CMP-20241102-03073"",""CMP-20250524-14075"",""CMP-20250819-19183"",""CMP-20250825-19549""]",Paytm Payments Bank,wallet,Rajasthan,213800.00,5,False
af221df0-cd96-447a-a98f-14219e515819,"[""CMP-20241102-03115"",""CMP-20250215-08606"",""CMP-20250302-09431"",""CMP-20250323-10597"",""CMP-20250528-14288"",""CMP-20250813-18818"",""CMP-20250824-19521""]",HDFC,savings,Jharkhand,699200.00,7,False
4691c092-073e-41c0-a326-435fc5001714,"[""CMP-20250130-07771"",""CMP-20250222-08991"",""CMP-20250302-09454"",""CMP-20250610-15056""]",Axis Bank,savings,Jharkhand,100000.00,4,False
e376c10b-8b15-45b1-ae63-0eac17a004e9,"[""CMP-20241018-02337"",""CMP-20241116-03826"",""CMP-20250211-08439"",""CMP-20250220-08900"",""CMP-20250321-10412"",""CMP-20250421-12269"",""CMP-20250805-18388"",""CMP-20250812-18807"",""CMP-20250830-19894""]",Indian Bank,savings,Jharkhand,278600.00,9,False
fecb5972-4fd7-4d26-aa45-74a5644ee836,"[""CMP-20240912-00550"",""CMP-20250409-11535"",""CMP-20250525-14159"",""CMP-20250822-19366""]",Bank of Baroda,savings,Jharkhand,196700.00,4,False
3a5355b4-f782-43ee-a035-b7ab601c2f28,"[""CMP-20250123-07417"",""CMP-20250421-12236"",""CMP-20250504-12935"",""CMP-20250506-13064"",""CMP-20250520-13872"",""CMP-20250811-18735""]",Paytm Payments Bank,savings,Jharkhand,458800.00,6,True
baeb531d-27ea-4f1f-a7e1-76f06244f830,"[""CMP-20240913-00609"",""CMP-20240919-00844"",""CMP-20241101-03056"",""CMP-20250304-09544"",""CMP-20250318-10300"",""CMP-20250616-15439""]",Airtel Payments Bank,savings,Rajasthan,391700.00,6,False
7abff7f6-5b60-4ee4-a176-a56bd63eed3c,"[""CMP-20240930-01449"",""CMP-20241025-02700"",""CMP-20250331-11084"",""CMP-20250411-11647"",""CMP-20250414-11809"",""CMP-20250605-14776"",""CMP-20250623-15841"",""CMP-20250731-18095""]",Paytm Payments Bank,wallet,Rajasthan,533200.00,8,True
bd100541-5e57-4017-a9d2-448d6cdeaa3b,"[""CMP-20240901-00018"",""CMP-20250319-10333"",""CMP-20250507-13104"",""CMP-20250520-13878"",""CMP-20250625-15947"",""CMP-20250703-16426""]",Bank of Baroda,savings,Tamil Nadu,172300.00,6,False
91cf31b8-a639-45ff-abe1-a85adb357af1,"[""CMP-20240929-01389"",""CMP-20250205-08079"",""CMP-20250430-12721"",""CMP-20250509-13198"",""CMP-20250702-16329""]",Airtel Payments Bank,wallet,Karnataka,95800.00,5,False
1b41a200-a214-4594-a559-f9dfcb2553f3,"[""CMP-20241129-04508"",""CMP-20241210-05068"",""CMP-20250227-09263"",""CMP-20250605-14752""]",ICICI,savings,Uttar Pradesh,101800.00,4,False
b573adbe-a839-4491-a815-ebe2c9fe26cb,"[""CMP-20240929-01410"",""CMP-20241110-03519"",""CMP-20241116-03823"",""CMP-20250113-06883"",""CMP-20250301-09373"",""CMP-20250603-14657"",""CMP-20250710-16852"",""CMP-20250809-18589""]",Indian Bank,savings,Rajasthan,382300.00,8,False
f05a5f7f-6209-4ef8-a417-acba3b29ca80,"[""CMP-20250216-08717"",""CMP-20250220-08893"",""CMP-20250316-10196""]",Bank of Baroda,savings,Jharkhand,157400.00,3,False
3e73b7f6-792f-4f79-ad0b-c0c27eb07b60,"[""CMP-20241126-04370"",""CMP-20250405-11355"",""CMP-20250521-13905""]",SBI,savings,Rajasthan,32300.00,3,False
6284c86f-8868-4032-adf5-1817ab99f0e8,"[""CMP-20241009-01866"",""CMP-20241111-03572"",""CMP-20250504-12943"",""CMP-20250616-15463""]",Canara Bank,savings,Jharkhand,135200.00,4,False
ff9bb743-9222-4916-ad31-3ab8f38feff1,"[""CMP-20241011-01964"",""CMP-20241226-05900"",""CMP-20250330-10994"",""CMP-20250429-12674"",""CMP-20250513-13439"",""CMP-20250528-14297"",""CMP-20250615-15376"",""CMP-20250822-19314""]",ICICI,savings,Rajasthan,278400.00,8,False
77e00f02-d804-45db-ac7a-fe824b656279,"[""CMP-20241107-03355"",""CMP-20250111-06770"",""CMP-20250225-09166"",""CMP-20250410-11603"",""CMP-20250516-13643""]",ICICI,savings,Uttar Pradesh,168600.00,5,True
fc69f57f-755f-43c6-a329-74e09a1fa024,"[""CMP-20241129-04503"",""CMP-20241207-04893"",""CMP-20241209-05012""]",Canara Bank,savings,Rajasthan,62400.00,3,False
dad12824-fd5e-4791-affa-7eac957819a8,"[""CMP-20241010-01912"",""CMP-20241126-04354"",""CMP-20250106-06514"",""CMP-20250330-11008"",""CMP-20250409-11532"",""CMP-20250802-18202""]",Airtel Payments Bank,savings,Uttar Pradesh,147700.00,6,True
f4430289-f1ba-45c8-abef-9bc38c7c59fc,"[""CMP-20241124-04291"",""CMP-20250304-09510"",""CMP-20250307-09651"",""CMP-20250407-11443"",""CMP-20250610-15080"",""CMP-20250720-17466""]",Indian Bank,savings,Jharkhand,211700.00,6,False
de20e922-71dd-43ff-ae4b-7bc7a6c6de82,"[""CMP-20241210-05080"",""CMP-20241228-06024"",""CMP-20250116-06978"",""CMP-20250312-09976"",""CMP-20250625-15919"",""CMP-20250806-18416""]",Axis Bank,savings,Maharashtra,378200.00,6,False
c533ef60-9711-4be1-a734-a262a3beb49d,"[""CMP-20241010-01890"",""CMP-20241013-02092"",""CMP-20241106-03295"",""CMP-20250121-07288"",""CMP-20250223-09083""]",Paytm Payments Bank,wallet,Rajasthan,139200.00,5,False
b7c2ff08-6269-48bd-a2c8-78a6af929cb7,"[""CMP-20241023-02618"",""CMP-20241128-04453"",""CMP-20241214-05299"",""CMP-20241230-06125"",""CMP-20250531-14460"",""CMP-20250610-15057"",""CMP-20250630-16262"",""CMP-20250718-17264""]",Paytm Payments Bank,wallet,Jharkhand,466200.00,8,False
c3e154c8-6634-4dcb-a3e7-9220c19983a9,"[""CMP-20241017-02279"",""CMP-20250225-09144"",""CMP-20250323-10580"",""CMP-20250629-16224""]",SBI,savings,Rajasthan,95300.00,4,True
4163b7e5-17f1-4dae-aa3b-5705d2ba280f,"[""CMP-20240909-00407"",""CMP-20240926-01212"",""CMP-20250311-09952"",""CMP-20250809-18605""]",Bank of Baroda,savings,Tamil Nadu,150400.00,4,True
a52e81a7-779b-44fe-a3c3-4b8bab506366,"[""CMP-20241008-01810"",""CMP-20250814-18895""]",Indian Bank,savings,Jharkhand,84700.00,2,False
8ef4e01d-4640-46d2-a5e3-5c1bafb55c26,"[""CMP-20240918-00820"",""CMP-20241031-03006"",""CMP-20250325-10738"",""CMP-20250531-14452"",""CMP-20250615-15344"",""CMP-20250716-17207""]",SBI,savings,Maharashtra,132100.00,6,False
f8bc51f5-ba21-4bcd-a302-ebccb0407187,"[""CMP-20250406-11415"",""CMP-20250511-13320"",""CMP-20250525-14155"",""CMP-20250729-17954"",""CMP-20250803-18293"",""CMP-20250805-18396"",""CMP-20250822-19350""]",Canara Bank,savings,Uttar Pradesh,282600.00,7,False
7fa3cb89-f4a2-4375-a213-6c50753633eb,"[""CMP-20241102-03125"",""CMP-20241111-03594"",""CMP-20241114-03718"",""CMP-20250104-06360"",""CMP-20250731-18058""]",SBI,savings,Uttar Pradesh,137600.00,5,False
b4feb91f-8f2b-4a76-af80-37e157da3df4,"[""CMP-20240903-00106"",""CMP-20250126-07575"",""CMP-20250314-10074"",""CMP-20250503-12855"",""CMP-20250601-14581"",""CMP-20250622-15806"",""CMP-20250829-19791""]",Airtel Payments Bank,savings,Karnataka,321600.00,7,False
56701d85-6a35-463f-ad98-f5b64a6c411d,"[""CMP-20241108-03430"",""CMP-20250320-10385"",""CMP-20250621-15669"",""CMP-20250830-19893"",""CMP-20250831-19972""]",Bank of Baroda,savings,Karnataka,125000.00,5,False
62086fa3-c8e8-425e-a60d-fe95f6f57856,"[""CMP-20241024-02625"",""CMP-20241119-04017"",""CMP-20250201-07903"",""CMP-20250502-12819"",""CMP-20250615-15340"",""CMP-20250830-19920""]",ICICI,savings,Tamil Nadu,161600.00,6,False
ac2da481-c76e-4fd9-a6e8-56ef0bbfb8fe,"[""CMP-20240903-00114"",""CMP-20250209-08286"",""CMP-20250317-10248"",""CMP-20250530-14421"",""CMP-20250802-18197""]",HDFC,savings,West Bengal,995300.00,5,True
f172a866-5d52-4336-ad4c-2c7f45dbeed1,"[""CMP-20240918-00808"",""CMP-20250303-09478""]",Bank of Baroda,savings,Rajasthan,57100.00,2,True
5c456048-c9e0-4d2f-a2b5-2021b2251b61,"[""CMP-20240925-01162"",""CMP-20241219-05535"",""CMP-20250322-10519"",""CMP-20250604-14741"",""CMP-20250622-15807"",""CMP-20250723-17608""]",Canara Bank,savings,Jharkhand,226600.00,6,True
30322cea-ff2c-48c9-a955-e06f03823e0a,"[""CMP-20240908-00375"",""CMP-20241109-03480"",""CMP-20250113-06860""]",HDFC,savings,Tamil Nadu,176100.00,3,False
3960f317-0347-4126-ae6c-bc2104382e47,"[""CMP-20241108-03377"",""CMP-20250126-07579"",""CMP-20250315-10133""]",ICICI,savings,Maharashtra,160900.00,3,True
219ceaa5-875f-450d-acb2-c7009f0f82c0,"[""CMP-20241025-02719"",""CMP-20241103-03168"",""CMP-20250110-06645"",""CMP-20250213-08489"",""CMP-20250228-09286"",""CMP-20250323-10625"",""CMP-20250411-11612"",""CMP-20250530-14407"",""CMP-20250804-18314"",""CMP-20250805-18379""]",Canara Bank,savings,Rajasthan,626700.00,10,True
93a90bd2-cb01-4929-a382-fda7e9847f1a,"[""CMP-20241127-04394"",""CMP-20250101-06214"",""CMP-20250113-06879"",""CMP-20250217-08769"",""CMP-20250605-14770"",""CMP-20250718-17339"",""CMP-20250810-18690""]",ICICI,savings,Rajasthan,281800.00,7,False
7b831685-2269-463a-a94f-8f8b6dc52ea7,"[""CMP-20241106-03304"",""CMP-20241117-03883"",""CMP-20250328-10868"",""CMP-20250530-14378"",""CMP-20250531-14484"",""CMP-20250628-16087"",""CMP-20250801-18152""]",HDFC,savings,Tamil Nadu,384600.00,7,False
902cd40f-1364-4cad-a937-f6931562dcda,"[""CMP-20240906-00222"",""CMP-20241006-01773"",""CMP-20241101-03038"",""CMP-20250120-07274"",""CMP-20250208-08281"",""CMP-20250216-08713"",""CMP-20250322-10548"",""CMP-20250421-12287"",""CMP-20250815-18911""]",Bank of Baroda,savings,Uttar Pradesh,367300.00,9,False
ec80e94d-f672-4cbf-a03e-2cf3850879c7,"[""CMP-20241208-04945"",""CMP-20250304-09527"",""CMP-20250330-10977"",""CMP-20250601-14553""]",Paytm Payments Bank,savings,Jharkhand,115100.00,4,False
144eff27-2682-439f-a081-81b5f15e4880,"[""CMP-20240929-01362"",""CMP-20241012-02034"",""CMP-20241025-02698"",""CMP-20250413-11770"",""CMP-20250702-16382"",""CMP-20250825-19573"",""CMP-20250830-19877""]",Paytm Payments Bank,savings,Karnataka,179600.00,7,False
d95f3155-adcd-4b25-a06d-9778d4063a23,"[""CMP-20241003-01588"",""CMP-20241221-05641"",""CMP-20250216-08706"",""CMP-20250228-09328"",""CMP-20250718-17283""]",ICICI,savings,West Bengal,180300.00,5,False
49233c7f-c6f0-41c6-ae0a-b73f01ab5a16,"[""CMP-20240916-00721"",""CMP-20241117-03881"",""CMP-20241126-04392"",""CMP-20250206-08119"",""CMP-20250817-19121""]",Indian Bank,savings,Jharkhand,489400.00,5,False
14924153-959e-4a09-ab20-70a1802a694d,"[""CMP-20250101-06217"",""CMP-20250320-10392"",""CMP-20250427-12548"",""CMP-20250515-13545"",""CMP-20250525-14163"",""CMP-20250624-15873""]",Paytm Payments Bank,wallet,Rajasthan,173400.00,6,True
5020e3a7-956f-4cc7-a6b7-2c73ab73beaa,"[""CMP-20240905-00208"",""CMP-20241127-04423"",""CMP-20241212-05129"",""CMP-20250226-09213"",""CMP-20250725-17721""]",SBI,savings,Uttar Pradesh,85300.00,5,False
a8dc6e83-6119-409c-a715-936079218059,"[""CMP-20240919-00847"",""CMP-20241231-06157"",""CMP-20250630-16265"",""CMP-20250702-16332"",""CMP-20250712-16972"",""CMP-20250722-17579"",""CMP-20250727-17833""]",ICICI,savings,Tamil Nadu,173100.00,7,False
4f203e16-76d7-4021-a75b-b61ea013dd4d,"[""CMP-20250124-07429"",""CMP-20250205-08106"",""CMP-20250703-16428"",""CMP-20250826-19616""]",Airtel Payments Bank,savings,Maharashtra,274900.00,4,False
48c79953-026b-482f-a9f0-c9f410c2c572,"[""CMP-20241220-05547"",""CMP-20250119-07170"",""CMP-20250214-08542"",""CMP-20250322-10529"",""CMP-20250709-16799"",""CMP-20250712-16960""]",Paytm Payments Bank,wallet,Jharkhand,168300.00,6,True
ae210716-d497-4df8-ab89-ed29c43fb6f0,"[""CMP-20250312-09974"",""CMP-20250516-13592"",""CMP-20250617-15508""]",SBI,savings,Tamil Nadu,151400.00,3,True
a3f711f3-05fb-40cf-a1b2-6a4aa397b357,"[""CMP-20250222-08962"",""CMP-20250403-11252"",""CMP-20250411-11610"",""CMP-20250415-11882"",""CMP-20250726-17780""]",Paytm Payments Bank,savings,Rajasthan,100200.00,5,False
300e5a3b-66be-4c67-ae8b-7bc35341ae5b,"[""CMP-20241027-02784"",""CMP-20250106-06483"",""CMP-20250121-07309"",""CMP-20250123-07418"",""CMP-20250222-08960"",""CMP-20250405-11340"",""CMP-20250503-12891"",""CMP-20250701-16327"",""CMP-20250803-18256""]",Canara Bank,savings,Tamil Nadu,640200.00,9,True
099d878e-5471-48cd-a983-01339c2617c3,"[""CMP-20241121-04066"",""CMP-20250113-06855"",""CMP-20250116-07006"",""CMP-20250129-07728"",""CMP-20250213-08514"",""CMP-20250706-16594""]",Axis Bank,savings,Karnataka,388700.00,6,False
b5876cde-ff9f-4a6f-a36b-f6364338570f,"[""CMP-20241018-02323"",""CMP-20241201-04661"",""CMP-20250117-07033"",""CMP-20250311-09923"",""CMP-20250525-14141"",""CMP-20250615-15371"",""CMP-20250622-15814"",""CMP-20250624-15867"",""CMP-20250718-17301"",""CMP-20250726-17744""]",SBI,savings,Rajasthan,357500.00,10,False
da243589-05e0-4589-a883-8dc9a3ed01db,"[""CMP-20240922-01051"",""CMP-20241013-02094"",""CMP-20241023-02600"",""CMP-20241214-05295"",""CMP-20250121-07310"",""CMP-20250209-08326"",""CMP-20250308-09774"",""CMP-20250423-12353"",""CMP-20250626-15955"",""CMP-20250726-17786"",""CMP-20250830-19862""]",Paytm Payments Bank,wallet,Jharkhand,581600.00,11,True
46b20a2a-b109-4deb-a91f-26c6b0337ad2,"[""CMP-20240903-00115"",""CMP-20241008-01825"",""CMP-20250120-07279"",""CMP-20250411-11613"",""CMP-20250417-11976"",""CMP-20250510-13263"",""CMP-20250516-13647"",""CMP-20250617-15506""]",Indian Bank,savings,Tamil Nadu,194900.00,8,False
6b0733f7-d9b3-4837-ab66-78e07cb18f99,"[""CMP-20241010-01899"",""CMP-20241118-03943"",""CMP-20250407-11459""]",Paytm Payments Bank,wallet,Uttar Pradesh,188300.00,3,False
4c82f229-f47a-4d23-a5e4-6c843be6ad82,"[""CMP-20250111-06759"",""CMP-20250307-09713"",""CMP-20250315-10143"",""CMP-20250403-11231"",""CMP-20250420-12210"",""CMP-20250511-13317"",""CMP-20250525-14192""]",Canara Bank,savings,Uttar Pradesh,437700.00,7,False
aa96f08a-825e-4b78-a405-d37b41fff59d,"[""CMP-20240916-00745"",""CMP-20241029-02895"",""CMP-20241226-05898"",""CMP-20250408-11503""]",Canara Bank,savings,Rajasthan,181500.00,4,False
e86ead80-eb22-4596-a676-4dcf54ed98c7,"[""CMP-20250207-08201"",""CMP-20250313-10024"",""CMP-20250411-11619"",""CMP-20250428-12640"",""CMP-20250502-12812"",""CMP-20250628-16126"",""CMP-20250810-18685""]",Canara Bank,savings,Jharkhand,212900.00,7,True
920a4bbe-8468-4e14-af7e-a8e22794cc24,"[""CMP-20241006-01757"",""CMP-20241217-05441"",""CMP-20250202-07950"",""CMP-20250317-10249"",""CMP-20250810-18708"",""CMP-20250830-19909""]",HDFC,savings,Karnataka,291000.00,6,False
9288d0c6-85b8-4111-a1c6-38889f162d77,"[""CMP-20240907-00286"",""CMP-20241231-06179"",""CMP-20250104-06359"",""CMP-20250420-12202"",""CMP-20250712-16937"",""CMP-20250808-18552""]",Bank of Baroda,savings,Uttar Pradesh,137300.00,6,False
1135c282-cde1-425d-a4e2-d7670ca3d553,"[""CMP-20240908-00364"",""CMP-20240929-01380"",""CMP-20241106-03309""]",Indian Bank,savings,Uttar Pradesh,101400.00,3,True
cbea3b39-b0c8-41e9-ac6a-c1757120763f,"[""CMP-20241104-03202"",""CMP-20241207-04920"",""CMP-20250601-14564"",""CMP-20250619-15571""]",Bank of Baroda,savings,Jharkhand,123600.00,4,False
5edcbdce-e6d7-4885-a840-219d11941ccb,"[""CMP-20241013-02110"",""CMP-20250402-11163"",""CMP-20250417-11994"",""CMP-20250625-15921""]",Paytm Payments Bank,savings,Uttar Pradesh,109800.00,4,True
03c86b78-fa79-4c75-aebf-5c3507c1d6e1,"[""CMP-20241023-02619"",""CMP-20250112-06823"",""CMP-20250125-07498"",""CMP-20250607-14863"",""CMP-20250705-16526""]",Axis Bank,savings,Jharkhand,310700.00,5,True
ddfb0ada-9005-48f4-a4ee-f812ae0e44a3,"[""CMP-20240903-00121"",""CMP-20250119-07163"",""CMP-20250321-10417"",""CMP-20250401-11126"",""CMP-20250509-13183"",""CMP-20250521-13921""]",Paytm Payments Bank,wallet,Maharashtra,152800.00,6,False
0e07c6f4-a9d3-47ed-a14e-015f7e9998a2,"[""CMP-20241205-04794"",""CMP-20250204-08033"",""CMP-20250531-14501"",""CMP-20250608-15001"",""CMP-20250728-17914"",""CMP-20250802-18167"",""CMP-20250822-19333""]",Axis Bank,savings,Jharkhand,178500.00,7,False
32726f4f-0040-4dbc-a457-ff2a655fa545,"[""CMP-20241011-01941"",""CMP-20250131-07823"",""CMP-20250215-08640"",""CMP-20250222-09010"",""CMP-20250323-10638"",""CMP-20250726-17769"",""CMP-20250815-18955"",""CMP-20250824-19492""]",HDFC,savings,Rajasthan,503600.00,8,True
2b71dde8-2d38-4e56-a4e1-6f6d6f555bc3,"[""CMP-20240922-01037"",""CMP-20241101-03035"",""CMP-20241231-06186""]",Paytm Payments Bank,savings,Jharkhand,76600.00,3,True
61c38c0c-17fa-430e-a0e7-3c010493a4d0,"[""CMP-20240925-01165"",""CMP-20241030-02936"",""CMP-20250312-09985"",""CMP-20250315-10144"",""CMP-20250509-13171""]",Axis Bank,savings,Tamil Nadu,159700.00,5,True
af529a64-7fd8-4d65-aa0e-4d9196ad1c49,"[""CMP-20241205-04771"",""CMP-20250209-08295"",""CMP-20250404-11293"",""CMP-20250421-12268"",""CMP-20250606-14790""]",SBI,savings,Rajasthan,258600.00,5,True
56f9d171-a7cd-43de-a8e4-67bcb1020c18,"[""CMP-20250304-09534"",""CMP-20250309-09840"",""CMP-20250415-11853"",""CMP-20250712-16931""]",Airtel Payments Bank,wallet,Jharkhand,81200.00,4,False
ecc7551f-bb4c-4959-a1d4-b087d239b6e4,"[""CMP-20241019-02407"",""CMP-20250330-11026"",""CMP-20250516-13589"",""CMP-20250517-13714"",""CMP-20250530-14422"",""CMP-20250620-15595"",""CMP-20250719-17345""]",Paytm Payments Bank,savings,Tamil Nadu,163800.00,7,True
434bb116-6318-491c-acce-499d1f31124e,"[""CMP-20250522-13950""]",ICICI,savings,Rajasthan,15100.00,1,True
4808827b-55c0-4d12-a9c1-be4868218411,"[""CMP-20241221-05619"",""CMP-20250216-08673"",""CMP-20250419-12105"",""CMP-20250609-15041"",""CMP-20250625-15912""]",Paytm Payments Bank,wallet,Karnataka,151000.00,5,True
4ad774b6-7995-46c3-a84e-4914844f1623,"[""CMP-20240910-00444"",""CMP-20240929-01398"",""CMP-20241220-05575"",""CMP-20250328-10864"",""CMP-20250612-15178"",""CMP-20250809-18585"",""CMP-20250825-19581""]",Axis Bank,savings,Maharashtra,222500.00,7,True
4662e412-2bf0-451e-aa54-9ea11fb321e4,"[""CMP-20240927-01258"",""CMP-20241215-05344"",""CMP-20250110-06669"",""CMP-20250801-18117"",""CMP-20250801-18153""]",Airtel Payments Bank,wallet,Uttar Pradesh,156100.00,5,True
3da3a105-d0eb-47ab-a6dc-695f8ee52fcd,"[""CMP-20240907-00309"",""CMP-20241214-05254"",""CMP-20250420-12176"",""CMP-20250509-13236"",""CMP-20250710-16832""]",Indian Bank,savings,Jharkhand,153400.00,5,False
6998242a-bdef-4664-aa62-bba68bbf0aad,"[""CMP-20241011-01948"",""CMP-20241207-04916"",""CMP-20250425-12426"",""CMP-20250510-13301"",""CMP-20250826-19601""]",HDFC,savings,Rajasthan,190500.00,5,False
d0597e15-585d-4aa1-af89-98e232e51a78,"[""CMP-20241112-03613"",""CMP-20241206-04839"",""CMP-20241222-05694"",""CMP-20250215-08624"",""CMP-20250615-15402""]",ICICI,savings,Jharkhand,225400.00,5,False
5c2e0449-4d68-4ee5-ab43-010b86e68a0b,"[""CMP-20240916-00728"",""CMP-20250815-18950""]",ICICI,savings,Jharkhand,91600.00,2,True
4e3e31ae-fb15-45bb-afe5-7baebb3735df,"[""CMP-20240924-01127"",""CMP-20240925-01178"",""CMP-20241111-03569"",""CMP-20241128-04429"",""CMP-20250208-08223""]",Canara Bank,savings,Jharkhand,398900.00,5,False
c276b2b0-a07b-44c4-aeed-4929fa1d7097,"[""CMP-20241207-04900"",""CMP-20241213-05194"",""CMP-20241221-05637"",""CMP-20250220-08887"",""CMP-20250316-10222"",""CMP-20250324-10691"",""CMP-20250408-11516"",""CMP-20250815-18984"",""CMP-20250826-19615"",""CMP-20250829-19779""]",Axis Bank,savings,Uttar Pradesh,606700.00,10,True
9b2a80e5-469e-448e-a4af-81b563c12e71,"[""CMP-20240922-01011"",""CMP-20241004-01613"",""CMP-20241113-03683"",""CMP-20241121-04077"",""CMP-20250101-06242"",""CMP-20250502-12835"",""CMP-20250628-16119"",""CMP-20250705-16521"",""CMP-20250826-19626""]",Axis Bank,savings,Rajasthan,418900.00,9,False
f0f8aeac-9662-43c2-a741-af09fc7a761b,"[""CMP-20241110-03536"",""CMP-20241129-04529"",""CMP-20250207-08153"",""CMP-20250215-08646"",""CMP-20250413-11775"",""CMP-20250501-12772"",""CMP-20250523-13998"",""CMP-20250525-14183"",""CMP-20250608-14993"",""CMP-20250727-17873"",""CMP-20250805-18366"",""CMP-20250816-19012""]",Paytm Payments Bank,savings,Jharkhand,498600.00,12,True
e56f178e-db70-4704-a1e6-31ff7ee3ffb6,"[""CMP-20241221-05657"",""CMP-20250103-06315"",""CMP-20250105-06468"",""CMP-20250117-07073"",""CMP-20250225-09154"",""CMP-20250409-11537"",""CMP-20250414-11832"",""CMP-20250611-15130""]",Canara Bank,savings,Rajasthan,188700.00,8,False
a66c5481-0cc0-4808-a725-3e7922d75bf2,"[""CMP-20250226-09204"",""CMP-20250516-13630""]",Indian Bank,savings,Rajasthan,159600.00,2,False
8d69e74b-47cf-4cda-a214-da8c640f2e44,"[""CMP-20241026-02771"",""CMP-20241113-03693"",""CMP-20241228-05988"",""CMP-20250116-07009"",""CMP-20250327-10798"",""CMP-20250413-11754"",""CMP-20250512-13385"",""CMP-20250517-13720"",""CMP-20250610-15081"",""CMP-20250719-17354"",""CMP-20250814-18847""]",Paytm Payments Bank,savings,Uttar Pradesh,600300.00,11,True
8a376311-dc74-4c88-ad6b-2e3de8ea9eff,"[""CMP-20241014-02139"",""CMP-20241026-02762"",""CMP-20241220-05577"",""CMP-20250124-07432"",""CMP-20250627-16034"",""CMP-20250802-18195"",""CMP-20250821-19268""]",HDFC,savings,Uttar Pradesh,298100.00,7,False
c7242481-5fa0-4708-a6bf-57bda4f18dea,"[""CMP-20241129-04494"",""CMP-20250112-06830"",""CMP-20250802-18165"",""CMP-20250808-18545"",""CMP-20250819-19219""]",Bank of Baroda,savings,Jharkhand,302200.00,5,False
5aa9978f-6b8f-4eee-a052-a68b3b2b80dd,"[""CMP-20241214-05282"",""CMP-20250107-06541"",""CMP-20250713-17053"",""CMP-20250810-18681""]",Bank of Baroda,savings,Jharkhand,161600.00,4,False
7ce81436-ad69-41bb-a349-94fba83c5bc2,"[""CMP-20241214-05303"",""CMP-20250207-08194"",""CMP-20250420-12186"",""CMP-20250421-12256"",""CMP-20250508-13164"",""CMP-20250509-13240"",""CMP-20250713-17057"",""CMP-20250823-19437"",""CMP-20250830-19871""]",Axis Bank,savings,Jharkhand,350500.00,9,False
d5d59e5e-c68d-4a77-a1c5-32ab537e1665,"[""CMP-20241218-05477"",""CMP-20250305-09566"",""CMP-20250328-10849"",""CMP-20250619-15584"",""CMP-20250711-16880"",""CMP-20250723-17592"",""CMP-20250803-18268""]",HDFC,savings,Tamil Nadu,287600.00,7,False
72c73924-fbd3-485d-a7a5-fa23b66249c8,"[""CMP-20240922-01055"",""CMP-20241105-03286"",""CMP-20241118-03978"",""CMP-20241123-04213"",""CMP-20241130-04561"",""CMP-20241212-05134"",""CMP-20250227-09249"",""CMP-20250331-11047"",""CMP-20250503-12880"",""CMP-20250512-13420""]",Paytm Payments Bank,wallet,Rajasthan,417700.00,10,False
2dee51cc-8d22-451f-a1c7-3afae9d34dcf,"[""CMP-20241002-01512"",""CMP-20241003-01557"",""CMP-20241013-02089"",""CMP-20241219-05500"",""CMP-20241224-05793"",""CMP-20250118-07135"",""CMP-20250120-07252"",""CMP-20250408-11486"",""CMP-20250718-17331""]",ICICI,savings,West Bengal,546700.00,9,True
3608eade-034b-4373-abe5-131f1e7541c5,"[""CMP-20241110-03543"",""CMP-20241111-03583"",""CMP-20241126-04368"",""CMP-20250114-06902"",""CMP-20250507-13084"",""CMP-20250522-13953"",""CMP-20250601-14580""]",HDFC,savings,Rajasthan,390100.00,7,False
9d69efb0-454d-4725-a723-1988c5752da4,"[""CMP-20240914-00641"",""CMP-20250426-12475"",""CMP-20250429-12675"",""CMP-20250514-13470"",""CMP-20250823-19445"",""CMP-20250830-19906""]",Canara Bank,savings,Jharkhand,237600.00,6,True
b8044240-2090-43f5-a553-02f4fcc9ea92,"[""CMP-20241218-05465"",""CMP-20241230-06129"",""CMP-20250102-06256"",""CMP-20250304-09552"",""CMP-20250411-11650"",""CMP-20250804-18332""]",Axis Bank,savings,Rajasthan,151600.00,6,True
d985f9b8-7fe8-4d08-a132-f673dfba12be,"[""CMP-20241115-03787"",""CMP-20241116-03829"",""CMP-20241123-04198"",""CMP-20241218-05489"",""CMP-20250104-06347"",""CMP-20250109-06599"",""CMP-20250518-13764"",""CMP-20250727-17812""]",Airtel Payments Bank,savings,Rajasthan,310400.00,8,False
75c81aa3-64f8-4ff4-ac02-c47d4723694f,"[""CMP-20240901-00055"",""CMP-20241124-04292"",""CMP-20241209-05028"",""CMP-20241217-05461"",""CMP-20250105-06464"",""CMP-20250518-13753""]",Axis Bank,savings,Tamil Nadu,182900.00,6,False
9e1b720d-8ae6-4c32-a70f-5da953112efb,"[""CMP-20240906-00257"",""CMP-20250128-07674"",""CMP-20250130-07777"",""CMP-20250502-12843""]",Airtel Payments Bank,wallet,Jharkhand,107700.00,4,False
f8afc8c5-05de-48fc-a153-4054e149bb14,"[""CMP-20240903-00112"",""CMP-20250111-06745"",""CMP-20250427-12560"",""CMP-20250609-15030"",""CMP-20250802-18216""]",HDFC,savings,Rajasthan,141800.00,5,False
ebe47533-a003-4b47-a90b-d95eeb4ac26e,"[""CMP-20241017-02287"",""CMP-20241106-03298"",""CMP-20250124-07483"",""CMP-20250313-09996"",""CMP-20250510-13281"",""CMP-20250601-14538"",""CMP-20250606-14828""]",Indian Bank,savings,Jharkhand,249800.00,7,False
e45e4764-e652-449c-a823-b269fc766c3c,"[""CMP-20240915-00686"",""CMP-20241017-02273"",""CMP-20241229-06079"",""CMP-20250211-08416"",""CMP-20250214-08572"",""CMP-20250618-15553"",""CMP-20250816-19010""]",ICICI,savings,Rajasthan,376500.00,7,False
6fd798c7-1cbb-4610-ac70-914d1ae0c7e0,"[""CMP-20250212-08454"",""CMP-20250530-14387"",""CMP-20250530-14418"",""CMP-20250613-15266""]",Bank of Baroda,savings,Tamil Nadu,290200.00,4,False
07f99a82-e720-428e-a5ef-81f091b66a29,"[""CMP-20241014-02132"",""CMP-20241130-04574"",""CMP-20241203-04723"",""CMP-20250218-08790"",""CMP-20250304-09532""]",Paytm Payments Bank,savings,Maharashtra,95300.00,5,False
3ebe6a1b-00cc-42aa-adc7-63eb4bacb338,"[""CMP-20240903-00130"",""CMP-20250227-09223"",""CMP-20250309-09812"",""CMP-20250504-12976"",""CMP-20250705-16528"",""CMP-20250824-19474""]",SBI,savings,Jharkhand,296000.00,6,False
566bda22-f411-4403-a5fe-acd8c83b39c1,"[""CMP-20241206-04829"",""CMP-20250418-12009"",""CMP-20250426-12517"",""CMP-20250508-13149""]",SBI,savings,Uttar Pradesh,244000.00,4,False
ae6b25ad-12cd-47eb-a153-0d3a4a99b3cd,"[""CMP-20241122-04106"",""CMP-20241210-05045"",""CMP-20241213-05196"",""CMP-20250211-08401"",""CMP-20250226-09212"",""CMP-20250307-09677""]",Indian Bank,savings,Uttar Pradesh,150800.00,6,False
521c62cd-c63d-4e17-a13b-c5785228588a,"[""CMP-20241102-03070"",""CMP-20241207-04886"",""CMP-20250116-07024"",""CMP-20250128-07653"",""CMP-20250221-08955"",""CMP-20250501-12774"",""CMP-20250530-14405""]",Airtel Payments Bank,wallet,Karnataka,151700.00,7,True
481506d7-84d0-4f3d-a740-403a3030f0d2,"[""CMP-20241011-02002"",""CMP-20241206-04860"",""CMP-20250117-07038"",""CMP-20250118-07153""]",Airtel Payments Bank,savings,Tamil Nadu,182300.00,4,True
9e821278-5459-4d98-a4c8-73987b3d65dc,"[""CMP-20240924-01115"",""CMP-20250205-08069"",""CMP-20250326-10751""]",ICICI,savings,West Bengal,52100.00,3,False
b9390a77-72ee-47d6-ab32-ab30ae04f9e1,"[""CMP-20241009-01882"",""CMP-20241123-04211"",""CMP-20250124-07473""]",HDFC,savings,Jharkhand,155900.00,3,True
18954f38-f471-4a58-a4ff-227349e80c2a,"[""CMP-20241106-03325"",""CMP-20241215-05323"",""CMP-20250109-06640"",""CMP-20250209-08331"",""CMP-20250810-18668"",""CMP-20250815-18977""]",Axis Bank,savings,Uttar Pradesh,180500.00,6,False
8565ccd3-e5d1-4b7f-a169-5ba2aa50361c,"[""CMP-20240911-00476"",""CMP-20250216-08687"",""CMP-20250406-11393"",""CMP-20250415-11855"",""CMP-20250504-12952"",""CMP-20250525-14142"",""CMP-20250724-17642"",""CMP-20250727-17858""]",Axis Bank,savings,Karnataka,338300.00,8,False
eb7afd95-d476-4de6-a0cc-f89ec302f379,"[""CMP-20240904-00139"",""CMP-20241210-05072"",""CMP-20250101-06204"",""CMP-20250118-07151"",""CMP-20250401-11128""]",SBI,savings,Karnataka,117100.00,5,False
074a4450-5c6d-48fb-ae6a-2ba6d0d67dda,"[""CMP-20241010-01918"",""CMP-20241221-05647"",""CMP-20250206-08128"",""CMP-20250620-15598"",""CMP-20250712-16958""]",SBI,savings,Rajasthan,290400.00,5,True
735ca9cf-7d11-4dda-a193-727d3040b1ff,"[""CMP-20241017-02266"",""CMP-20250517-13729"",""CMP-20250614-15332"",""CMP-20250614-15338"",""CMP-20250704-16439"",""CMP-20250808-18571""]",Canara Bank,savings,Tamil Nadu,175000.00,6,False
3b84163b-b5a3-4738-a1b4-3a8d24a87881,"[""CMP-20241006-01724"",""CMP-20250123-07410"",""CMP-20250208-08236"",""CMP-20250208-08273"",""CMP-20250415-11850"",""CMP-20250419-12144""]",Paytm Payments Bank,wallet,Maharashtra,223500.00,6,False
736be891-87fb-4eb5-a81e-4e7d044def83,"[""CMP-20241207-04897"",""CMP-20250108-06588"",""CMP-20250503-12930"",""CMP-20250719-17372""]",Bank of Baroda,savings,Uttar Pradesh,182400.00,4,False
e668cf75-f77a-4b26-a7a0-88494c8d2c69,"[""CMP-20241225-05843"",""CMP-20250426-12473"",""CMP-20250621-15719"",""CMP-20250727-17835"",""CMP-20250730-18023"",""CMP-20250731-18077""]",Indian Bank,savings,Jharkhand,156700.00,6,True
8fe1e077-9547-45f0-aa28-656a3a83f358,"[""CMP-20240923-01073"",""CMP-20241005-01644"",""CMP-20250112-06844"",""CMP-20250119-07216"",""CMP-20250312-09978"",""CMP-20250515-13534"",""CMP-20250823-19443""]",SBI,savings,Jharkhand,447300.00,7,False
6dc05502-68dd-45fe-af86-82ce3d001c5c,"[""CMP-20240923-01058"",""CMP-20241019-02394"",""CMP-20250426-12500"",""CMP-20250517-13724"",""CMP-20250715-17116"",""CMP-20250718-17319""]",Axis Bank,savings,Jharkhand,239600.00,6,False
4acf4cc0-f7ae-4aa1-a934-e2f2c3358691,"[""CMP-20241129-04527"",""CMP-20250329-10924"",""CMP-20250622-15772"",""CMP-20250824-19472""]",Paytm Payments Bank,wallet,Maharashtra,180600.00,4,False
81caebba-0a47-488b-affb-f75db5bdaebd,"[""CMP-20241026-02749"",""CMP-20250302-09434""]",Bank of Baroda,savings,Uttar Pradesh,49100.00,2,False
84316a2f-4878-44bb-a53e-bf5ae93f5373,"[""CMP-20250105-06460"",""CMP-20250205-08072"",""CMP-20250603-14670"",""CMP-20250607-14905"",""CMP-20250724-17656"",""CMP-20250729-17979""]",Canara Bank,savings,West Bengal,201500.00,6,False
a119dfb0-1416-4224-a1e6-73f73d3ca245,"[""CMP-20250214-08536"",""CMP-20250603-14661"",""CMP-20250626-15962"",""CMP-20250629-16178"",""CMP-20250818-19150""]",Paytm Payments Bank,savings,Jharkhand,252100.00,5,True
2711f708-774f-461a-abbc-c4affcd7567f,"[""CMP-20241108-03404"",""CMP-20250220-08882"",""CMP-20250222-08968"",""CMP-20250401-11136"",""CMP-20250601-14528"",""CMP-20250819-19214""]",Paytm Payments Bank,savings,Jharkhand,99400.00,6,False
642e7751-dcbb-42fc-a2c9-7176a2cb7cf0,"[""CMP-20241206-04838"",""CMP-20250406-11425"",""CMP-20250511-13367"",""CMP-20250704-16461""]",Canara Bank,savings,Maharashtra,219800.00,4,False
40859c56-f381-4f47-ada7-40ed0c155a57,"[""CMP-20241005-01669"",""CMP-20241011-02012"",""CMP-20241127-04421"",""CMP-20250124-07439"",""CMP-20250614-15318"",""CMP-20250616-15434"",""CMP-20250728-17926""]",HDFC,savings,West Bengal,200100.00,7,False
ef067de6-09ec-4745-a767-32368505a991,"[""CMP-20240908-00363"",""CMP-20241102-03069"",""CMP-20250219-08857"",""CMP-20250308-09777"",""CMP-20250603-14685"",""CMP-20250729-17945""]",Airtel Payments Bank,wallet,West Bengal,204100.00,6,False
cab92a2a-f3ff-4e1f-af6b-910345debbfa,"[""CMP-20240912-00519"",""CMP-20241019-02397"",""CMP-20241209-05018"",""CMP-20250202-07948""]",HDFC,savings,Jharkhand,146800.00,4,True
cb6c6386-61e7-4354-a568-f1c8694c3277,"[""CMP-20241209-05008"",""CMP-20250208-08233"",""CMP-20250329-10937"",""CMP-20250415-11884"",""CMP-20250503-12885""]",Indian Bank,savings,Jharkhand,343700.00,5,True
edd51bf7-e1eb-4a2d-a929-167d5a265980,"[""CMP-20241102-03127"",""CMP-20241113-03677"",""CMP-20241211-05122"",""CMP-20250305-09579"",""CMP-20250307-09701"",""CMP-20250403-11239"",""CMP-20250703-16412""]",Paytm Payments Bank,savings,Rajasthan,207500.00,7,False
4d357361-3b59-44db-a47f-37d3c97ca9f5,"[""CMP-20241108-03383"",""CMP-20250125-07531"",""CMP-20250407-11452"",""CMP-20250717-17235""]",HDFC,savings,Tamil Nadu,239900.00,4,False
cc82723c-1723-4971-a910-0b6da48758e6,"[""CMP-20250112-06798"",""CMP-20250417-11993"",""CMP-20250509-13225"",""CMP-20250510-13248"",""CMP-20250531-14498"",""CMP-20250615-15364"",""CMP-20250624-15894"",""CMP-20250706-16604"",""CMP-20250711-16887""]",SBI,savings,Rajasthan,340700.00,9,True
d4ae88a4-ac08-459e-ac0a-3371038767fb,"[""CMP-20241022-02538"",""CMP-20250111-06739"",""CMP-20250320-10365"",""CMP-20250418-12028"",""CMP-20250429-12680"",""CMP-20250507-13110""]",Canara Bank,savings,Jharkhand,247200.00,6,False
284769fd-43ba-458d-a530-02ef93fe84ff,"[""CMP-20241102-03120"",""CMP-20241128-04469"",""CMP-20250222-08989"",""CMP-20250310-09876"",""CMP-20250522-13956"",""CMP-20250815-18919""]",HDFC,savings,Jharkhand,158900.00,6,False
7eace185-2aea-4a7b-a543-628704e1c1ed,"[""CMP-20241006-01747"",""CMP-20241129-04497"",""CMP-20241209-05033"",""CMP-20241223-05763"",""CMP-20250618-15543""]",Bank of Baroda,savings,Jharkhand,105700.00,5,False
96048b8f-5549-4ba0-a15d-7316594673ab,"[""CMP-20241118-03975"",""CMP-20250403-11215"",""CMP-20250820-19225""]",Paytm Payments Bank,wallet,Tamil Nadu,73500.00,3,True
81543444-42bc-4804-a819-542463cc3e62,"[""CMP-20241011-01939"",""CMP-20250128-07644"",""CMP-20250301-09377"",""CMP-20250320-10394"",""CMP-20250615-15386"",""CMP-20250727-17815"",""CMP-20250809-18611""]",HDFC,savings,Maharashtra,193200.00,7,False
c78bc88e-3d05-48eb-a4b6-2440f379f40f,"[""CMP-20241023-02595"",""CMP-20241206-04827"",""CMP-20250224-09109"",""CMP-20250520-13879""]",HDFC,savings,Uttar Pradesh,162400.00,4,False
5ee98fc6-fdb7-4b54-a032-3713c09f8b08,"[""CMP-20240910-00428"",""CMP-20241004-01638"",""CMP-20250218-08809"",""CMP-20250416-11930"",""CMP-20250610-15085"",""CMP-20250620-15639"",""CMP-20250706-16645"",""CMP-20250825-19562""]",Canara Bank,savings,Karnataka,241000.00,8,False
163ad76e-95b1-4f4c-a340-f8cb42ed5d44,"[""CMP-20241204-04759"",""CMP-20250205-08099"",""CMP-20250225-09173"",""CMP-20250314-10054"",""CMP-20250621-15681"",""CMP-20250811-18733""]",Airtel Payments Bank,savings,Tamil Nadu,211200.00,6,False
e9c40e0d-36c3-445b-a00e-fe9bb5bf3adf,"[""CMP-20250208-08268"",""CMP-20250409-11525"",""CMP-20250513-13449"",""CMP-20250514-13513"",""CMP-20250803-18310""]",Bank of Baroda,savings,West Bengal,170300.00,5,False
f4618d00-956f-49dc-a478-29233b0dedd0,"[""CMP-20240927-01287"",""CMP-20250110-06701"",""CMP-20250125-07518"",""CMP-20250604-14698""]",Canara Bank,savings,Jharkhand,90200.00,4,False
741ad65c-6201-48a9-a7bd-1d228846ad5c,"[""CMP-20240910-00442"",""CMP-20250101-06237"",""CMP-20250208-08228"",""CMP-20250715-17115""]",ICICI,savings,Tamil Nadu,168800.00,4,True
f6c2934d-944c-4c29-a900-ac0163db567b,"[""CMP-20240923-01091"",""CMP-20241206-04872"",""CMP-20241216-05416"",""CMP-20250205-08056"",""CMP-20250521-13894"",""CMP-20250803-18295""]",Axis Bank,savings,Karnataka,524700.00,6,True
4cd2e89d-a3f2-4ea3-abbd-8f4fab9078a1,"[""CMP-20241004-01636"",""CMP-20250117-07089"",""CMP-20250403-11235"",""CMP-20250629-16157"",""CMP-20250718-17270"",""CMP-20250721-17487"",""CMP-20250723-17607""]",Airtel Payments Bank,savings,Karnataka,405200.00,7,False
1d05e042-08fb-4c30-a221-a03d6ff929cd,"[""CMP-20241102-03076"",""CMP-20241202-04683"",""CMP-20250823-19418""]",SBI,savings,West Bengal,107900.00,3,True
3e24d426-b7ad-45f4-aaf0-731b93530562,"[""CMP-20241110-03525"",""CMP-20241213-05172"",""CMP-20250514-13510"",""CMP-20250723-17600"",""CMP-20250826-19659""]",Canara Bank,savings,Tamil Nadu,198400.00,5,False
5ef3917c-8d3d-405b-a33f-d0c0d44f832c,"[""CMP-20241016-02226"",""CMP-20241018-02316"",""CMP-20250422-12325"",""CMP-20250620-15602"",""CMP-20250716-17180""]",Canara Bank,savings,Jharkhand,254300.00,5,False
d742ea95-cde9-43b0-a70c-e25080b71bbc,"[""CMP-20240920-00930"",""CMP-20240922-01043"",""CMP-20250425-12429""]",Axis Bank,savings,Rajasthan,177500.00,3,False
50d74d9d-83a3-453b-a6f2-ce418fb9fa91,"[""CMP-20241103-03134"",""CMP-20241104-03199"",""CMP-20241208-04995"",""CMP-20250210-08355"",""CMP-20250215-08643"",""CMP-20250710-16823"",""CMP-20250716-17158"",""CMP-20250808-18525""]",Axis Bank,savings,Tamil Nadu,432700.00,8,False
531f3740-9751-48b4-af53-ef1aa1d1ffe3,"[""CMP-20240929-01382"",""CMP-20241110-03537"",""CMP-20250105-06462"",""CMP-20250212-08467""]",Canara Bank,savings,Jharkhand,248500.00,4,True
a991c270-7c48-4d4b-a548-e0368aed4162,"[""CMP-20240925-01179"",""CMP-20241109-03453"",""CMP-20250117-07093"",""CMP-20250218-08794"",""CMP-20250328-10877""]",Paytm Payments Bank,wallet,Karnataka,276300.00,5,False
8702c3a5-1d4e-4da7-aa70-1a1e6caad294,"[""CMP-20241203-04720"",""CMP-20250202-07943"",""CMP-20250702-16355""]",Bank of Baroda,savings,Uttar Pradesh,68200.00,3,True
445610f0-2975-4854-a9e0-b6178946a0dd,"[""CMP-20240915-00713"",""CMP-20241031-03000"",""CMP-20241115-03755"",""CMP-20241122-04107"",""CMP-20250119-07203"",""CMP-20250307-09670"",""CMP-20250404-11265"",""CMP-20250822-19353""]",SBI,savings,Tamil Nadu,443500.00,8,True
3e5547ff-b2ca-45e6-a758-43a8105fff63,"[""CMP-20240927-01272"",""CMP-20241231-06193"",""CMP-20250114-06920"",""CMP-20250222-09019"",""CMP-20250724-17637""]",Indian Bank,savings,Uttar Pradesh,412200.00,5,False
8680ac18-9dd7-43f3-a27d-c090cf9017d9,"[""CMP-20241020-02470"",""CMP-20250202-07958"",""CMP-20250222-08984"",""CMP-20250606-14803""]",Airtel Payments Bank,wallet,Karnataka,136700.00,4,False
035df036-2116-4c04-a177-f9f6cd6cef6e,"[""CMP-20241029-02916"",""CMP-20250102-06264"",""CMP-20250105-06417"",""CMP-20250430-12730""]",Bank of Baroda,savings,Karnataka,161400.00,4,False
f3fdd458-3c5a-470e-a784-2e4dffb84063,"[""CMP-20241006-01748"",""CMP-20241010-01909"",""CMP-20241212-05136"",""CMP-20250401-11134""]",Axis Bank,savings,Jharkhand,236900.00,4,True
6ad48927-e66e-4b24-a17f-b9735b078c39,"[""CMP-20241004-01600"",""CMP-20241027-02795"",""CMP-20241124-04251"",""CMP-20241214-05271"",""CMP-20241216-05417"",""CMP-20241227-05925"",""CMP-20250406-11385"",""CMP-20250518-13794"",""CMP-20250819-19186""]",ICICI,savings,Rajasthan,521000.00,9,True
f5085e51-1c80-42fd-ac62-0546d297b8ab,"[""CMP-20240903-00120"",""CMP-20240921-00943"",""CMP-20250307-09661"",""CMP-20250308-09747"",""CMP-20250429-12676"",""CMP-20250516-13629"",""CMP-20250519-13839"",""CMP-20250606-14800"",""CMP-20250829-19829""]",Airtel Payments Bank,wallet,Uttar Pradesh,584700.00,9,True
c667b3f2-0e6f-4bd4-aa7f-553f41e2fa63,"[""CMP-20240905-00209"",""CMP-20240924-01134"",""CMP-20250401-11137""]",Airtel Payments Bank,savings,Karnataka,109500.00,3,False
228f4f60-81fd-479c-a657-c217e2bf83a6,"[""CMP-20241102-03074"",""CMP-20250105-06436"",""CMP-20250428-12627""]",ICICI,savings,Tamil Nadu,395300.00,3,True
af06af9b-cd2f-4f27-a2e0-bc5f96db082e,"[""CMP-20241020-02459"",""CMP-20241123-04192"",""CMP-20250308-09742"",""CMP-20250330-11019"",""CMP-20250414-11834"",""CMP-20250510-13309"",""CMP-20250621-15687"",""CMP-20250705-16551""]",Bank of Baroda,savings,Rajasthan,192400.00,8,True
1a11fed8-a5f4-4211-aed5-2b973dc058e3,"[""CMP-20241208-04996"",""CMP-20250121-07319"",""CMP-20250312-09970"",""CMP-20250323-10606"",""CMP-20250713-17001""]",Bank of Baroda,savings,Rajasthan,159800.00,5,False
95891e87-0001-4379-ac0a-096e04916246,"[""CMP-20241005-01698"",""CMP-20250127-07608"",""CMP-20250530-14389""]",Airtel Payments Bank,wallet,Uttar Pradesh,204800.00,3,False
c5ea3ff7-f30b-4e87-aac1-b5f12131fe80,"[""CMP-20240927-01277"",""CMP-20250106-06495"",""CMP-20250202-07922"",""CMP-20250504-13009"",""CMP-20250728-17921"",""CMP-20250808-18530"",""CMP-20250811-18749"",""CMP-20250825-19550""]",HDFC,savings,Uttar Pradesh,323800.00,8,False
e17b121d-f16d-46f9-ac0b-45fcc23ab0d3,"[""CMP-20241007-01787"",""CMP-20241213-05206"",""CMP-20241229-06075"",""CMP-20250322-10545"",""CMP-20250714-17110"",""CMP-20250825-19577""]",Canara Bank,savings,Tamil Nadu,387600.00,6,False
c8b1620b-0e4e-42dc-a6f6-3d0e43d57313,"[""CMP-20240925-01170"",""CMP-20250215-08607"",""CMP-20250803-18263""]",HDFC,savings,Maharashtra,173900.00,3,False
9d25b9f0-57e1-4f77-a9d1-d3c850db052b,"[""CMP-20241012-02039"",""CMP-20241121-04062"",""CMP-20241221-05640"",""CMP-20250116-07005"",""CMP-20250306-09613"",""CMP-20250307-09663"",""CMP-20250408-11512""]",SBI,savings,Rajasthan,136200.00,7,False
db2de7f6-1de2-4a40-a688-412fe12e62bd,"[""CMP-20241123-04232"",""CMP-20241214-05296"",""CMP-20250107-06560"",""CMP-20250823-19428""]",Indian Bank,savings,Rajasthan,139700.00,4,False
9c549cef-1ac7-4558-ad55-26d7afb1661b,"[""CMP-20240922-00997"",""CMP-20241221-05662"",""CMP-20250108-06582""]",Axis Bank,savings,Tamil Nadu,114400.00,3,True
7eaa55a0-b666-41cf-a968-2b4aa6244a22,"[""CMP-20241209-05026"",""CMP-20241211-05097"",""CMP-20241224-05797"",""CMP-20250214-08553"",""CMP-20250611-15128"",""CMP-20250725-17678"",""CMP-20250726-17779"",""CMP-20250818-19172""]",ICICI,savings,Jharkhand,263700.00,8,False
12f550a0-d61a-468c-a659-f348ecab4974,"[""CMP-20241012-02015"",""CMP-20250401-11103"",""CMP-20250428-12632"",""CMP-20250726-17785"",""CMP-20250828-19762""]",HDFC,savings,Tamil Nadu,197100.00,5,False
443fa345-4faf-40de-af05-b77f38ba2fcf,"[""CMP-20240907-00311"",""CMP-20241206-04815"",""CMP-20250122-07336"",""CMP-20250416-11913"",""CMP-20250727-17822"",""CMP-20250802-18219"",""CMP-20250830-19842""]",Axis Bank,savings,Tamil Nadu,335600.00,7,False
a2697c69-5216-40fb-a001-470a5be13ca5,"[""CMP-20241011-01961"",""CMP-20250307-09665"",""CMP-20250420-12161"",""CMP-20250618-15515""]",Canara Bank,savings,Uttar Pradesh,106400.00,4,True
7b615d55-445a-4151-a172-a5d5156da34f,"[""CMP-20241101-03042"",""CMP-20241215-05345"",""CMP-20250108-06585"",""CMP-20250127-07626"",""CMP-20250203-07962"",""CMP-20250219-08852"",""CMP-20250523-14014"",""CMP-20250816-19007""]",Airtel Payments Bank,wallet,Rajasthan,262900.00,8,False
cc935746-8f34-4ff1-a08e-717034fd48c3,"[""CMP-20241029-02906"",""CMP-20241213-05182"",""CMP-20241221-05638"",""CMP-20250714-17074""]",HDFC,savings,Rajasthan,424700.00,4,False
0389f206-f191-49da-a165-379c25011df6,"[""CMP-20241021-02518"",""CMP-20241024-02626"",""CMP-20241102-03109"",""CMP-20241109-03489"",""CMP-20250209-08332"",""CMP-20250609-15029"",""CMP-20250701-16308""]",Paytm Payments Bank,wallet,Jharkhand,203800.00,7,False
f9702738-0443-435e-aba9-55ec0b8b4653,"[""CMP-20240907-00285"",""CMP-20241029-02883"",""CMP-20241103-03148"",""CMP-20241114-03734"",""CMP-20250308-09760"",""CMP-20250426-12528"",""CMP-20250517-13669""]",Airtel Payments Bank,savings,Rajasthan,403200.00,7,True
75388528-1fbf-4bd1-a611-5fd8eea10bb6,"[""CMP-20241123-04167"",""CMP-20250123-07419"",""CMP-20250305-09572"",""CMP-20250407-11457"",""CMP-20250725-17717"",""CMP-20250816-19030"",""CMP-20250818-19174""]",Canara Bank,savings,Rajasthan,189700.00,7,False
552d6606-d67b-4255-a86b-a3af2d44760f,"[""CMP-20241102-03126"",""CMP-20241225-05866"",""CMP-20250130-07762"",""CMP-20250425-12459"",""CMP-20250629-16146""]",Axis Bank,savings,Uttar Pradesh,531500.00,5,True
7ca118c2-33cc-4c74-a12f-d07545071163,"[""CMP-20241025-02714"",""CMP-20250302-09449"",""CMP-20250311-09931""]",Axis Bank,savings,Rajasthan,82300.00,3,True
97c85d76-9856-46ff-a44a-f9827198a0aa,"[""CMP-20241208-04958"",""CMP-20250106-06471"",""CMP-20250518-13760"",""CMP-20250804-18320""]",Bank of Baroda,savings,Rajasthan,130600.00,4,False
e693c49b-c9af-4377-a32e-625a93936600,"[""CMP-20240915-00706"",""CMP-20241213-05164"",""CMP-20241224-05821"",""CMP-20241230-06126"",""CMP-20250103-06314"",""CMP-20250121-07301"",""CMP-20250223-09082"",""CMP-20250824-19480""]",ICICI,savings,Maharashtra,524600.00,8,True
a56d0d25-2dc3-4ef4-a4e1-882b7a0d97e4,"[""CMP-20240926-01225"",""CMP-20250211-08423"",""CMP-20250417-11970"",""CMP-20250613-15243"",""CMP-20250820-19230""]",SBI,savings,Rajasthan,176000.00,5,False
a5764d82-a539-4944-a9ed-da3fc2ad6051,"[""CMP-20240924-01131"",""CMP-20250503-12921"",""CMP-20250626-15980""]",Axis Bank,savings,Rajasthan,151600.00,3,False
545ce2da-5be1-4265-a4f6-d4d96e1e3225,"[""CMP-20241224-05818"",""CMP-20250203-07999"",""CMP-20250522-13944"",""CMP-20250612-15189"",""CMP-20250613-15261"",""CMP-20250621-15688""]",ICICI,savings,Maharashtra,116200.00,6,False
6e4d60d8-2416-4446-a990-b958ef8bcdf6,"[""CMP-20241023-02594"",""CMP-20241222-05695"",""CMP-20250401-11107"",""CMP-20250413-11784"",""CMP-20250722-17576""]",Bank of Baroda,savings,Jharkhand,142200.00,5,False
ce736603-e500-4d1f-abee-c110320927c0,"[""CMP-20240922-01029"",""CMP-20241019-02420""]",Bank of Baroda,savings,Jharkhand,99500.00,2,False
12899ce6-2c2c-4c3b-abf1-d5c153c94440,"[""CMP-20240908-00372"",""CMP-20241109-03485"",""CMP-20241201-04632"",""CMP-20250127-07619"",""CMP-20250130-07749"",""CMP-20250702-16370"",""CMP-20250817-19069""]",Airtel Payments Bank,wallet,Jharkhand,175400.00,7,False
67fcddf5-e776-4f90-ae7f-1d1ba9d56bad,"[""CMP-20240927-01296"",""CMP-20250511-13344"",""CMP-20250520-13873"",""CMP-20250521-13925"",""CMP-20250614-15328"",""CMP-20250705-16543"",""CMP-20250810-18716""]",Indian Bank,savings,Rajasthan,287500.00,7,False
a8486fae-296f-464d-aeb7-e8b0662d7eb8,"[""CMP-20241122-04127"",""CMP-20241128-04446"",""CMP-20250511-13355"",""CMP-20250607-14893"",""CMP-20250611-15102""]",Canara Bank,savings,West Bengal,160400.00,5,False
bae40138-30a9-49b8-a466-6126c330a6d3,"[""CMP-20241105-03270"",""CMP-20241122-04146"",""CMP-20241203-04724"",""CMP-20241229-06093"",""CMP-20250110-06683"",""CMP-20250213-08491"",""CMP-20250706-16618"",""CMP-20250808-18561""]",Bank of Baroda,savings,West Bengal,343900.00,8,False
3d6c953f-09ec-4592-a585-3fc7e65bf2b7,"[""CMP-20241114-03711"",""CMP-20250114-06908"",""CMP-20250308-09745"",""CMP-20250507-13098"",""CMP-20250608-14975""]",Bank of Baroda,savings,Jharkhand,331900.00,5,True
b9573709-7d17-4845-a0ca-b822a9ef2976,"[""CMP-20241022-02537"",""CMP-20241102-03131"",""CMP-20241229-06076"",""CMP-20250411-11628"",""CMP-20250716-17181"",""CMP-20250815-18982""]",Paytm Payments Bank,savings,Karnataka,167500.00,6,False
82bdc967-c394-4406-acff-8b42cda361b1,"[""CMP-20241114-03707"",""CMP-20250123-07385"",""CMP-20250619-15559""]",Indian Bank,savings,Rajasthan,119100.00,3,False
d5ce8ae6-a12a-402a-ac06-7271692779f5,"[""CMP-20240926-01207"",""CMP-20241010-01911"",""CMP-20241010-01914"",""CMP-20241218-05474"",""CMP-20250208-08248"",""CMP-20250402-11183"",""CMP-20250410-11568""]",ICICI,savings,Tamil Nadu,252500.00,7,False
7257f61b-82b8-49c6-ac91-67afed5c1bd3,"[""CMP-20241022-02557"",""CMP-20250129-07721"",""CMP-20250503-12868"",""CMP-20250531-14458"",""CMP-20250601-14546"",""CMP-20250617-15476"",""CMP-20250629-16188"",""CMP-20250728-17905"",""CMP-20250806-18438""]",Airtel Payments Bank,savings,Uttar Pradesh,658000.00,9,False
23ee66b9-d6e3-4257-a42e-4682a5dd5a14,"[""CMP-20241209-05039"",""CMP-20241220-05592""]",ICICI,savings,Jharkhand,155300.00,2,True
736ef3a5-9cac-4297-a84e-d1571ce5c3c5,"[""CMP-20250411-11645"",""CMP-20250428-12641"",""CMP-20250828-19752""]",HDFC,savings,Jharkhand,75200.00,3,False
8c942a2e-687f-4a5e-ac3d-62c65d2acde7,"[""CMP-20241024-02624"",""CMP-20241031-02980"",""CMP-20241208-04986"",""CMP-20241214-05272"",""CMP-20250517-13698"",""CMP-20250518-13800"",""CMP-20250611-15103"",""CMP-20250725-17671"",""CMP-20250730-18026"",""CMP-20250809-18603"",""CMP-20250820-19254""]",Paytm Payments Bank,wallet,Tamil Nadu,481600.00,11,True
bc23c90b-d2fc-4609-a283-b1f6d67aac72,"[""CMP-20240928-01337"",""CMP-20241111-03592"",""CMP-20241216-05384"",""CMP-20250210-08358"",""CMP-20250222-08973"",""CMP-20250722-17542""]",ICICI,savings,Uttar Pradesh,526700.00,6,True
650ebfe6-042b-4e77-a7bf-c9dd846f17a1,"[""CMP-20241101-03018"",""CMP-20250213-08487"",""CMP-20250501-12758"",""CMP-20250716-17173""]",Canara Bank,savings,Rajasthan,166300.00,4,False
1e62fa02-b316-42fe-ae98-28a3badccc36,"[""CMP-20241016-02222"",""CMP-20241109-03465"",""CMP-20250310-09895"",""CMP-20250426-12520"",""CMP-20250604-14745""]",Paytm Payments Bank,wallet,Jharkhand,214400.00,5,True
b9fb6fac-d6dc-4029-a8c0-283c54ed00dc,"[""CMP-20250118-07113"",""CMP-20250120-07251"",""CMP-20250203-08000"",""CMP-20250206-08121"",""CMP-20250404-11289"",""CMP-20250512-13387"",""CMP-20250620-15649"",""CMP-20250625-15926"",""CMP-20250829-19832""]",Bank of Baroda,savings,Jharkhand,220100.00,9,False
672145f0-102f-474c-a124-f83e9f3aaab0,"[""CMP-20241008-01820"",""CMP-20241031-02978"",""CMP-20250106-06485"",""CMP-20250129-07727"",""CMP-20250314-10085"",""CMP-20250408-11491"",""CMP-20250807-18486"",""CMP-20250819-19203"",""CMP-20250827-19672""]",Paytm Payments Bank,savings,Uttar Pradesh,375500.00,9,False
d836d822-7f09-4e8b-afb8-708c586600fc,"[""CMP-20250506-13066"",""CMP-20250616-15462"",""CMP-20250804-18353"",""CMP-20250821-19301""]",Canara Bank,savings,Karnataka,120100.00,4,False
658ce9e0-d040-4bb0-a1e4-7a1056908da7,"[""CMP-20241214-05286"",""CMP-20250101-06247"",""CMP-20250522-13939"",""CMP-20250705-16517"",""CMP-20250802-18217""]",SBI,savings,Jharkhand,175200.00,5,False
552be0b6-5fd1-4c53-a335-ceac121ed034,"[""CMP-20241001-01496"",""CMP-20241223-05754"",""CMP-20250212-08463"",""CMP-20250409-11539"",""CMP-20250717-17214""]",Paytm Payments Bank,wallet,Rajasthan,156300.00,5,False
718b0f47-21df-4d30-a9bf-693cafaf41b5,"[""CMP-20241117-03907"",""CMP-20250530-14391"",""CMP-20250711-16888""]",SBI,savings,Tamil Nadu,215000.00,3,False
e4810ce8-2b19-49f8-a970-f5667b9681e4,"[""CMP-20241125-04347"",""CMP-20250207-08192"",""CMP-20250301-09339"",""CMP-20250330-10995"",""CMP-20250425-12456"",""CMP-20250530-14419""]",HDFC,savings,Rajasthan,405200.00,6,False
97dc98ed-0367-4728-a5f2-98edef3177c8,"[""CMP-20240906-00227"",""CMP-20250118-07147"",""CMP-20250430-12714"",""CMP-20250511-13319"",""CMP-20250627-16033""]",HDFC,savings,Rajasthan,217400.00,5,False
746a44c9-2aa4-4186-a7d6-1a90d0171536,"[""CMP-20250426-12478"",""CMP-20250607-14875"",""CMP-20250723-17593"",""CMP-20250802-18208""]",SBI,savings,Rajasthan,113900.00,4,False
370d52f1-a87e-4bba-a3d3-e1190dab3099,"[""CMP-20240923-01084"",""CMP-20241007-01802"",""CMP-20250517-13708"",""CMP-20250727-17838"",""CMP-20250801-18157""]",Bank of Baroda,savings,West Bengal,130000.00,5,True
311bb9d6-6f7c-4e00-a612-a6b4b0aacc27,"[""CMP-20241202-04674"",""CMP-20241210-05064"",""CMP-20250106-06524"",""CMP-20250118-07124"",""CMP-20250315-10152"",""CMP-20250503-12887"",""CMP-20250522-13936"",""CMP-20250803-18312""]",Paytm Payments Bank,wallet,Karnataka,293200.00,8,False
06165566-fe53-4fdd-ad63-3e5d39b94809,"[""CMP-20240913-00603"",""CMP-20250126-07565"",""CMP-20250216-08699"",""CMP-20250421-12265"",""CMP-20250824-19493""]",Airtel Payments Bank,wallet,Rajasthan,216200.00,5,False
b75f05eb-a244-41d1-a447-d7a93e18a75c,"[""CMP-20250314-10082"",""CMP-20250501-12751"",""CMP-20250518-13788""]",HDFC,savings,Maharashtra,115700.00,3,True
aab90201-2328-413d-a20a-d1f1f97f433c,"[""CMP-20240927-01270"",""CMP-20241021-02503"",""CMP-20241108-03431"",""CMP-20241215-05365"",""CMP-20250526-14212"",""CMP-20250829-19822""]",Bank of Baroda,savings,Maharashtra,350200.00,6,False
d2f6e150-b8d3-40ec-ac68-1860e2d99021,"[""CMP-20250131-07817"",""CMP-20250321-10449"",""CMP-20250328-10832"",""CMP-20250513-13443"",""CMP-20250602-14623"",""CMP-20250822-19351""]",Airtel Payments Bank,wallet,Jharkhand,428100.00,6,True
93749bed-7627-4068-a700-8a9bea5d08a9,"[""CMP-20250603-14638"",""CMP-20250702-16334""]",Airtel Payments Bank,wallet,Tamil Nadu,129000.00,2,False
c17c4633-b6b6-472b-a406-fa116caed4cb,"[""CMP-20241022-02548"",""CMP-20241022-02569"",""CMP-20250504-12984"",""CMP-20250529-14351""]",Indian Bank,savings,Jharkhand,188200.00,4,False
d6358756-0bba-45e5-a745-d28b11dd73e9,"[""CMP-20240925-01175"",""CMP-20250315-10130"",""CMP-20250705-16585""]",Paytm Payments Bank,wallet,Uttar Pradesh,59900.00,3,False
b741de6d-da3e-424c-a388-f3bd2ce341a8,"[""CMP-20240919-00855"",""CMP-20240927-01294"",""CMP-20241025-02707"",""CMP-20250224-09117"",""CMP-20250514-13511""]",Paytm Payments Bank,wallet,Rajasthan,230700.00,5,False
882d8323-0213-4347-a017-024fb3e9b725,"[""CMP-20240916-00761"",""CMP-20241002-01534"",""CMP-20250214-08554"",""CMP-20250418-12043"",""CMP-20250518-13786"",""CMP-20250530-14395"",""CMP-20250703-16424"",""CMP-20250720-17444""]",HDFC,savings,Karnataka,499800.00,8,False
566b4137-c856-44c9-a6f6-c4d33c1bf188,"[""CMP-20241029-02884"",""CMP-20241129-04515"",""CMP-20241228-05984"",""CMP-20250116-07010"",""CMP-20250614-15288"",""CMP-20250717-17221"",""CMP-20250804-18328"",""CMP-20250816-19033""]",Indian Bank,savings,Uttar Pradesh,260100.00,8,False
965a6bcd-0454-425d-a415-5d0b43e132b9,"[""CMP-20240911-00467"",""CMP-20241122-04096"",""CMP-20241122-04102"",""CMP-20250131-07833"",""CMP-20250217-08758"",""CMP-20250307-09678"",""CMP-20250323-10598"",""CMP-20250330-11043""]",SBI,savings,Jharkhand,296800.00,8,False
ba8ae2e0-f9ef-418c-a849-d0557921e3a7,"[""CMP-20250128-07642"",""CMP-20250128-07683"",""CMP-20250302-09401"",""CMP-20250409-11538""]",Paytm Payments Bank,wallet,Jharkhand,467500.00,4,False
07e58491-a5cd-4ae9-a32e-69b3100a8980,"[""CMP-20241102-03118"",""CMP-20241215-05357"",""CMP-20250201-07867"",""CMP-20250514-13472"",""CMP-20250713-17016"",""CMP-20250728-17896""]",Canara Bank,savings,Karnataka,230100.00,6,False
4bf11e14-eab0-4a26-a0d7-1043d3823390,"[""CMP-20241116-03854"",""CMP-20241128-04441"",""CMP-20250106-06478"",""CMP-20250401-11142"",""CMP-20250510-13254"",""CMP-20250602-14597"",""CMP-20250816-19044"",""CMP-20250823-19403"",""CMP-20250827-19665""]",Bank of Baroda,savings,Karnataka,702200.00,9,True
7776b6c7-161b-42da-aa09-2cd86befa06c,"[""CMP-20241105-03246"",""CMP-20250117-07076"",""CMP-20250306-09632""]",SBI,savings,Maharashtra,275100.00,3,False
9621b498-71f5-4e45-a51e-aa13adc08308,"[""CMP-20240914-00670"",""CMP-20240925-01172"",""CMP-20241022-02535"",""CMP-20250328-10844"",""CMP-20250417-11991"",""CMP-20250723-17588"",""CMP-20250817-19099"",""CMP-20250828-19727""]",Bank of Baroda,savings,Tamil Nadu,307200.00,8,True
79c44d53-7b56-44a8-afed-56ef9ccdba56,"[""CMP-20240926-01235"",""CMP-20250129-07731"",""CMP-20250305-09556"",""CMP-20250311-09911"",""CMP-20250701-16318""]",Axis Bank,savings,Rajasthan,207200.00,5,False
e4ddc2b8-0ce2-4a89-abeb-2729bb3e3856,"[""CMP-20240913-00577"",""CMP-20241017-02292"",""CMP-20241224-05768"",""CMP-20250201-07907"",""CMP-20250213-08512"",""CMP-20250223-09064"",""CMP-20250227-09243"",""CMP-20250425-12431"",""CMP-20250726-17790""]",Indian Bank,savings,Karnataka,446800.00,9,False
f80dc66e-b189-4047-a8b3-27317f0bcddf,"[""CMP-20241002-01532"",""CMP-20241017-02278"",""CMP-20250219-08838"",""CMP-20250422-12318"",""CMP-20250516-13611"",""CMP-20250622-15810"",""CMP-20250808-18564"",""CMP-20250823-19454""]",HDFC,savings,Tamil Nadu,421600.00,8,False
eae79e0d-6126-457b-ae3b-bc963af05874,"[""CMP-20241111-03575"",""CMP-20241115-03768"",""CMP-20241210-05079"",""CMP-20250518-13736"",""CMP-20250606-14832"",""CMP-20250705-16566""]",Axis Bank,savings,Rajasthan,477500.00,6,False
d96dcdbf-a9e1-4ec2-a899-14db0a4f3fb9,"[""CMP-20240927-01273"",""CMP-20241123-04195"",""CMP-20250322-10563"",""CMP-20250327-10782"",""CMP-20250426-12483"",""CMP-20250607-14883"",""CMP-20250721-17522"",""CMP-20250828-19736""]",SBI,savings,Uttar Pradesh,338700.00,8,False
2584c271-0d3c-4ff4-a7b8-808413d3ca1d,"[""CMP-20240906-00241"",""CMP-20241019-02412"",""CMP-20241102-03105"",""CMP-20241121-04086"",""CMP-20250205-08070"",""CMP-20250719-17397""]",HDFC,savings,Karnataka,152400.00,6,False
ec2f2ac1-e632-49c8-a50c-b8edf81fb828,"[""CMP-20240909-00402"",""CMP-20240929-01356"",""CMP-20241005-01655"",""CMP-20250206-08117"",""CMP-20250322-10495"",""CMP-20250511-13334"",""CMP-20250523-14013"",""CMP-20250817-19096""]",Canara Bank,savings,Rajasthan,244200.00,8,True
05eb1e70-cc1f-4812-ad62-a2035687f8a3,"[""CMP-20241013-02109"",""CMP-20241028-02855"",""CMP-20241213-05218"",""CMP-20241215-05309"",""CMP-20241226-05909"",""CMP-20250309-09841"",""CMP-20250323-10579"",""CMP-20250417-11982"",""CMP-20250430-12729"",""CMP-20250510-13298""]",Indian Bank,savings,Jharkhand,340300.00,10,False
659a8d71-97b5-4d46-ae4a-2248b82c3eca,"[""CMP-20240909-00405"",""CMP-20241130-04591"",""CMP-20241208-04987"",""CMP-20241211-05101"",""CMP-20250108-06576"",""CMP-20250121-07298"",""CMP-20250322-10533"",""CMP-20250505-13022"",""CMP-20250717-17231""]",Canara Bank,savings,Jharkhand,257400.00,9,False
b7c0ec5f-8371-4640-ab04-5293af19bab9,"[""CMP-20240906-00223"",""CMP-20240911-00464"",""CMP-20241105-03244"",""CMP-20250107-06542"",""CMP-20250413-11749"",""CMP-20250424-12385"",""CMP-20250606-14801"",""CMP-20250706-16596"",""CMP-20250718-17321""]",Indian Bank,savings,Rajasthan,341300.00,9,False
7eafb529-973c-46aa-a0ea-5bff4fd8a9de,"[""CMP-20241023-02583"",""CMP-20250208-08225"",""CMP-20250607-14903""]",Airtel Payments Bank,savings,Karnataka,97800.00,3,True
ef381f64-5628-47a2-aa45-165c0bad8a1d,"[""CMP-20250113-06867"",""CMP-20250123-07391"",""CMP-20250405-11321"",""CMP-20250412-11689"",""CMP-20250715-17153"",""CMP-20250825-19587""]",SBI,savings,Karnataka,152800.00,6,True
fac638f2-1028-4cf1-af2a-037033fe3be5,"[""CMP-20241022-02552"",""CMP-20241028-02841"",""CMP-20241124-04237"",""CMP-20241207-04881"",""CMP-20250326-10754"",""CMP-20250508-13146"",""CMP-20250809-18602""]",Indian Bank,savings,Jharkhand,284600.00,7,False
56d51616-75eb-46f6-a940-e39d365496b0,"[""CMP-20241015-02193"",""CMP-20250115-06945"",""CMP-20250131-07845"",""CMP-20250201-07866"",""CMP-20250213-08486"",""CMP-20250320-10378""]",HDFC,savings,Uttar Pradesh,325700.00,6,False
ba4c8843-a026-4d0a-a326-009f9cc58e47,"[""CMP-20250825-19591""]",SBI,savings,Rajasthan,48800.00,1,True
29e430ad-d051-43b5-a919-fe9b73251f77,"[""CMP-20241020-02482"",""CMP-20241105-03274"",""CMP-20250503-12870"",""CMP-20250828-19734""]",ICICI,savings,Jharkhand,151000.00,4,False
0b052fe0-4434-41d4-ae95-9e0e9b1d925a,"[""CMP-20250220-08884"",""CMP-20250504-12941"",""CMP-20250520-13866"",""CMP-20250710-16833""]",Airtel Payments Bank,wallet,Tamil Nadu,412800.00,4,False
aad12403-924a-42b2-a3b8-db4221f36207,"[""CMP-20241214-05279"",""CMP-20241227-05923"",""CMP-20241227-05971"",""CMP-20250117-07079"",""CMP-20250212-08479"",""CMP-20250224-09131"",""CMP-20250413-11781"",""CMP-20250531-14487"",""CMP-20250601-14537""]",Axis Bank,savings,Rajasthan,322500.00,9,False
efdd7c56-52f5-4953-ace6-6423af00dce3,"[""CMP-20241216-05394"",""CMP-20250324-10657"",""CMP-20250414-11831"",""CMP-20250517-13690"",""CMP-20250721-17495""]",SBI,savings,Rajasthan,227100.00,5,False
003d4092-6307-426c-ae21-7440e86dfb6f,"[""CMP-20241114-03740"",""CMP-20241220-05580"",""CMP-20250306-09615"",""CMP-20250420-12213"",""CMP-20250612-15170"",""CMP-20250829-19771""]",Paytm Payments Bank,wallet,Jharkhand,152800.00,6,True
2a96ee19-0ea6-42d7-abb8-f397ff258be3,"[""CMP-20250608-14968"",""CMP-20250614-15292"",""CMP-20250803-18250"",""CMP-20250807-18458""]",HDFC,savings,Rajasthan,228700.00,4,False
e64a0f15-ef02-42ea-a20c-46f786109099,"[""CMP-20241021-02507"",""CMP-20241026-02765"",""CMP-20241103-03161"",""CMP-20250205-08074"",""CMP-20250220-08902"",""CMP-20250324-10680"",""CMP-20250329-10909""]",SBI,savings,Jharkhand,218600.00,7,False
5971e5e7-6fce-432c-a9c9-d4f6a116cea9,"[""CMP-20241019-02417"",""CMP-20250214-08561"",""CMP-20250416-11934"",""CMP-20250523-14021"",""CMP-20250524-14064"",""CMP-20250711-16873""]",Canara Bank,savings,Uttar Pradesh,378200.00,6,True
448720d8-cd3e-438c-af31-e837c2334aa0,"[""CMP-20240928-01325"",""CMP-20241030-02937"",""CMP-20241103-03172""]",Axis Bank,savings,Jharkhand,121800.00,3,True
19f63647-02e4-4772-a9df-a71ef6855e29,"[""CMP-20241004-01593"",""CMP-20241012-02037"",""CMP-20241219-05538"",""CMP-20241222-05674"",""CMP-20250126-07568"",""CMP-20250715-17135"",""CMP-20250720-17411"",""CMP-20250802-18213"",""CMP-20250829-19830""]",Axis Bank,savings,Jharkhand,373300.00,9,False
a13570bc-11a4-437b-a6d8-f300dfc45179,"[""CMP-20240908-00385"",""CMP-20250412-11687"",""CMP-20250630-16246"",""CMP-20250809-18597""]",Axis Bank,savings,Tamil Nadu,173700.00,4,False
45b119df-9f6c-4b03-a695-bf8ee64f74af,"[""CMP-20241112-03612"",""CMP-20250119-07230"",""CMP-20250216-08678"",""CMP-20250413-11797""]",HDFC,savings,West Bengal,281800.00,4,False
33c27f30-51b5-4685-a75e-5146450068a7,"[""CMP-20241122-04104"",""CMP-20250119-07164"",""CMP-20250126-07576"",""CMP-20250208-08249"",""CMP-20250221-08922"",""CMP-20250501-12748"",""CMP-20250717-17217""]",Indian Bank,savings,Jharkhand,312700.00,7,False
6a5d75ab-3160-4f7f-a981-6ac5bc3cee4e,"[""CMP-20240923-01088"",""CMP-20250318-10301"",""CMP-20250409-11555"",""CMP-20250503-12915""]",HDFC,savings,Rajasthan,171900.00,4,False
40c883b4-2abf-452a-a7e8-2a651d80a2b4,"[""CMP-20241008-01841"",""CMP-20241022-02566"",""CMP-20241026-02757"",""CMP-20250210-08373"",""CMP-20250214-08524"",""CMP-20250214-08526"",""CMP-20250618-15526"",""CMP-20250626-15975""]",HDFC,savings,Tamil Nadu,537600.00,8,True
2cca30ef-a49f-43ed-a9b5-bf6629fd71bb,"[""CMP-20241010-01927"",""CMP-20250507-13105"",""CMP-20250522-13931"",""CMP-20250809-18615"",""CMP-20250813-18830""]",Canara Bank,savings,Tamil Nadu,300800.00,5,False
d08d1d50-d7db-48f6-a0fa-c2266828f34e,"[""CMP-20241105-03236"",""CMP-20250302-09450"",""CMP-20250425-12423"",""CMP-20250428-12635"",""CMP-20250603-14671""]",Paytm Payments Bank,wallet,Jharkhand,216600.00,5,False
8500ad85-4913-43d9-ac8b-5f66a69b2e98,"[""CMP-20250220-08863"",""CMP-20250323-10617"",""CMP-20250505-13010"",""CMP-20250709-16753"",""CMP-20250731-18067"",""CMP-20250816-19035""]",ICICI,savings,Tamil Nadu,194300.00,6,False
53389adb-ba8b-4ab3-a3cc-04dd4799266e,"[""CMP-20240920-00911"",""CMP-20250129-07726"",""CMP-20250816-19002""]",Bank of Baroda,savings,West Bengal,97700.00,3,False
2e7566e2-1ce4-47c4-a797-b5ed5165d76d,"[""CMP-20250101-06238"",""CMP-20250124-07421"",""CMP-20250128-07656"",""CMP-20250515-13548"",""CMP-20250608-14978""]",Indian Bank,savings,Jharkhand,439000.00,5,False
26829113-6169-4871-a85e-2a3fdf4e78c9,"[""CMP-20241108-03394"",""CMP-20250118-07122"",""CMP-20250314-10050"",""CMP-20250704-16468"",""CMP-20250706-16635"",""CMP-20250720-17426"",""CMP-20250806-18441""]",Axis Bank,savings,Jharkhand,621200.00,7,True
9bd44bce-2077-4452-a49e-6914d8d44c6c,"[""CMP-20240924-01120"",""CMP-20240929-01378"",""CMP-20241024-02645"",""CMP-20250715-17141""]",Canara Bank,savings,West Bengal,83300.00,4,False
c3d58cc6-7d9d-42d9-a0d8-c96a65ea5e14,"[""CMP-20241024-02655"",""CMP-20241229-06102"",""CMP-20250611-15151"",""CMP-20250704-16467""]",Paytm Payments Bank,wallet,Tamil Nadu,160000.00,4,True
6059df75-7cb0-4afc-aa8c-edcf836e90b6,"[""CMP-20240918-00834"",""CMP-20240920-00896"",""CMP-20240925-01189"",""CMP-20241024-02631"",""CMP-20241117-03922"",""CMP-20241127-04400"",""CMP-20241129-04536"",""CMP-20241207-04889"",""CMP-20250610-15068""]",Canara Bank,savings,Karnataka,529000.00,9,True
172fac53-5d46-45d1-a3ef-7c6b1da12272,"[""CMP-20250422-12303"",""CMP-20250601-14524""]",Paytm Payments Bank,savings,Tamil Nadu,95400.00,2,False
fb442392-c9de-48e4-a9cc-3a603d4b2cd4,"[""CMP-20250108-06590"",""CMP-20250405-11368"",""CMP-20250411-11626"",""CMP-20250419-12134"",""CMP-20250526-14196""]",Airtel Payments Bank,savings,Jharkhand,174200.00,5,False
63b9405d-c736-4fb0-a4b8-d94d0cbf677a,"[""CMP-20241005-01673"",""CMP-20241006-01752"",""CMP-20241013-02119"",""CMP-20241127-04408"",""CMP-20250112-06792"",""CMP-20250416-11919"",""CMP-20250420-12214"",""CMP-20250618-15541""]",HDFC,savings,Rajasthan,206500.00,8,False
f859b156-905a-4d47-a520-1a289969d5e4,"[""CMP-20241013-02104"",""CMP-20241027-02821"",""CMP-20241227-05952"",""CMP-20250104-06377"",""CMP-20250219-08856"",""CMP-20250501-12762""]",Paytm Payments Bank,savings,Rajasthan,387800.00,6,False
7d3c5339-801c-4468-a839-6787758e20c2,"[""CMP-20250422-12331"",""CMP-20250622-15786""]",Indian Bank,savings,Uttar Pradesh,43300.00,2,False
15b955d4-c33b-4092-aa13-06e76f7a6862,"[""CMP-20250401-11118"",""CMP-20250521-13907"",""CMP-20250525-14131"",""CMP-20250701-16295""]",Axis Bank,savings,Jharkhand,135000.00,4,False
29f5c070-91ee-47db-a107-7e440b3c92a8,"[""CMP-20240928-01329"",""CMP-20241213-05230"",""CMP-20250831-19962""]",HDFC,savings,Uttar Pradesh,36400.00,3,True
427099d5-f323-4a6a-a942-dd202d4044ba,"[""CMP-20241002-01529"",""CMP-20241111-03585"",""CMP-20241130-04558"",""CMP-20250308-09773"",""CMP-20250318-10279"",""CMP-20250412-11723"",""CMP-20250512-13410"",""CMP-20250613-15259"",""CMP-20250720-17418"",""CMP-20250803-18302"",""CMP-20250809-18647""]",Canara Bank,savings,Tamil Nadu,473200.00,11,True
90af4b8f-fd7d-41fb-a2b9-07e83c276d0e,"[""CMP-20241118-03931"",""CMP-20250201-07857"",""CMP-20250716-17164""]",Canara Bank,savings,Rajasthan,53800.00,3,False
dcb677ea-c7ad-4556-a34a-14d8f4a60abf,"[""CMP-20240913-00600"",""CMP-20241123-04177"",""CMP-20250203-07965"",""CMP-20250328-10825"",""CMP-20250405-11356"",""CMP-20250519-13811"",""CMP-20250615-15396"",""CMP-20250826-19650""]",Bank of Baroda,savings,Rajasthan,332100.00,8,False
f68fb31a-6f7f-40d3-a3b8-956731f9da65,"[""CMP-20241010-01905"",""CMP-20250304-09533"",""CMP-20250403-11245"",""CMP-20250630-16231"",""CMP-20250710-16816""]",ICICI,savings,Rajasthan,294200.00,5,True
45aceeda-2018-4315-afef-5440184a4d2a,"[""CMP-20241006-01715"",""CMP-20241016-02241"",""CMP-20250207-08173"",""CMP-20250227-09222"",""CMP-20250722-17572"",""CMP-20250725-17696""]",Axis Bank,savings,Uttar Pradesh,218600.00,6,True
556e48dd-6f5d-4e9b-a998-c5903dacf421,"[""CMP-20250108-06597"",""CMP-20250221-08910"",""CMP-20250623-15831"",""CMP-20250630-16255"",""CMP-20250818-19166""]",Paytm Payments Bank,wallet,Jharkhand,200700.00,5,False
b9de9298-fa9b-4e57-a778-f80775c42961,"[""CMP-20241011-01984"",""CMP-20241217-05431"",""CMP-20250227-09230"",""CMP-20250426-12530"",""CMP-20250613-15210"",""CMP-20250824-19503""]",Bank of Baroda,savings,Jharkhand,116200.00,6,True
e3e89a20-2546-44e0-ace7-d924ec2d3bae,"[""CMP-20240914-00624"",""CMP-20241223-05728"",""CMP-20250422-12314"",""CMP-20250621-15689""]",ICICI,savings,Jharkhand,101800.00,4,False
dff9778e-7b49-42c9-ae29-613495f0dc85,"[""CMP-20240909-00419"",""CMP-20250110-06690"",""CMP-20250129-07707"",""CMP-20250304-09542"",""CMP-20250606-14793"",""CMP-20250621-15662"",""CMP-20250706-16593""]",ICICI,savings,Jharkhand,448100.00,7,False
84b918a9-dcd2-4d42-aa65-06b4fa482ba2,"[""CMP-20241209-05025"",""CMP-20250224-09108"",""CMP-20250411-11627""]",Paytm Payments Bank,wallet,Rajasthan,339500.00,3,True
440ad0e6-6b4b-48e0-a4bb-f5f9227258b0,"[""CMP-20250430-12719"",""CMP-20250517-13691"",""CMP-20250519-13841"",""CMP-20250727-17866"",""CMP-20250815-18953"",""CMP-20250829-19802""]",HDFC,savings,Jharkhand,209700.00,6,False
237c1a74-055c-462e-a6a1-363043040d12,"[""CMP-20250503-12896"",""CMP-20250613-15253""]",ICICI,savings,Maharashtra,46100.00,2,False
67e9b398-ff9d-4a66-ad16-d448ee367c48,"[""CMP-20241116-03843"",""CMP-20241124-04304"",""CMP-20241229-06113"",""CMP-20250223-09063"",""CMP-20250326-10750"",""CMP-20250330-11022"",""CMP-20250530-14433"",""CMP-20250726-17748"",""CMP-20250803-18245""]",SBI,savings,Rajasthan,435000.00,9,True
2c76fb55-a8a6-4341-ada0-543f2291f82e,"[""CMP-20241007-01782"",""CMP-20241219-05537"",""CMP-20250119-07192"",""CMP-20250120-07273"",""CMP-20250402-11157"",""CMP-20250411-11617"",""CMP-20250421-12245""]",Airtel Payments Bank,savings,Jharkhand,127600.00,7,False
aeabf411-4f96-4b3a-ad5f-dba2a4dc32cb,"[""CMP-20241110-03522"",""CMP-20250306-09620"",""CMP-20250418-12017"",""CMP-20250604-14695"",""CMP-20250615-15365""]",Canara Bank,savings,Karnataka,119700.00,5,False
2ebe2bc9-a953-4be6-a041-a7dc3025c2db,"[""CMP-20241110-03514"",""CMP-20250110-06705"",""CMP-20250115-06956"",""CMP-20250227-09246"",""CMP-20250419-12090"",""CMP-20250424-12396""]",ICICI,savings,Rajasthan,494700.00,6,False
82e80026-485d-4cec-a004-92de2470fb55,"[""CMP-20240919-00852"",""CMP-20250103-06296"",""CMP-20250402-11191"",""CMP-20250619-15578"",""CMP-20250720-17480""]",Bank of Baroda,savings,Jharkhand,158300.00,5,False
4ea3995f-5e08-412b-a166-17937e0745ab,"[""CMP-20241030-02933"",""CMP-20250103-06333"",""CMP-20250204-08048"",""CMP-20250321-10477""]",Airtel Payments Bank,savings,Jharkhand,137000.00,4,False
c4a32403-e070-4d8f-aa3e-7f028228528c,"[""CMP-20250101-06228"",""CMP-20250207-08211"",""CMP-20250508-13140"",""CMP-20250611-15141""]",HDFC,savings,Tamil Nadu,258900.00,4,False
5bac009f-6a57-4d4f-a2f5-191b8e153820,"[""CMP-20241015-02195"",""CMP-20241018-02365"",""CMP-20241024-02630"",""CMP-20241029-02904"",""CMP-20241229-06085"",""CMP-20250422-12324""]",Paytm Payments Bank,savings,Tamil Nadu,411700.00,6,False
88fbf749-5a0c-40eb-a5eb-1750d7f00716,"[""CMP-20240915-00675"",""CMP-20241122-04116"",""CMP-20250315-10116"",""CMP-20250516-13640"",""CMP-20250614-15323"",""CMP-20250821-19306""]",HDFC,savings,Rajasthan,390500.00,6,False
f26e723b-745e-48e8-a0ac-4ca63996a743,"[""CMP-20241029-02915"",""CMP-20241223-05741"",""CMP-20250111-06734"",""CMP-20250429-12684"",""CMP-20250602-14627""]",Airtel Payments Bank,wallet,Uttar Pradesh,104600.00,5,False
c2a1f34e-4caf-4043-a06b-1bad9f9953a5,"[""CMP-20240921-00949"",""CMP-20250205-08065"",""CMP-20250216-08672"",""CMP-20250615-15408""]",Axis Bank,savings,Tamil Nadu,70400.00,4,False
fadf4951-f9bd-4a7f-acc3-fcead68515b5,"[""CMP-20240925-01174"",""CMP-20241216-05395"",""CMP-20250302-09413"",""CMP-20250628-16117"",""CMP-20250813-18822""]",SBI,savings,Tamil Nadu,524700.00,5,True
299c0a71-365b-4302-a8ce-6c0b7a1982c7,"[""CMP-20250112-06779"",""CMP-20250216-08688"",""CMP-20250307-09697"",""CMP-20250522-13966"",""CMP-20250531-14444"",""CMP-20250825-19565""]",Airtel Payments Bank,savings,Jharkhand,314400.00,6,False
6b9dd484-10de-48b5-a508-d8c78b9862bb,"[""CMP-20240912-00520"",""CMP-20241206-04844"",""CMP-20250508-13141"",""CMP-20250708-16729"",""CMP-20250725-17673"",""CMP-20250815-18976""]",Canara Bank,savings,Rajasthan,298200.00,6,False
16d37ca1-3d0c-4431-aa88-7ab7a6fc542b,"[""CMP-20250206-08142"",""CMP-20250306-09639"",""CMP-20250309-09833"",""CMP-20250404-11297"",""CMP-20250616-15456"",""CMP-20250712-16990"",""CMP-20250801-18109""]",Indian Bank,savings,Uttar Pradesh,208600.00,7,False
30a83e17-3883-49c2-a9b6-7542ca520a1a,"[""CMP-20241025-02718"",""CMP-20241102-03081"",""CMP-20250107-06540"",""CMP-20250310-09878"",""CMP-20250312-09968"",""CMP-20250330-10964"",""CMP-20250331-11087"",""CMP-20250403-11204"",""CMP-20250505-13030"",""CMP-20250815-18902""]",Canara Bank,savings,Tamil Nadu,274100.00,10,False
0a6a5ee0-b747-4dca-a7dd-c3c5b3bccda4,"[""CMP-20240929-01393"",""CMP-20250303-09482"",""CMP-20250405-11307"",""CMP-20250521-13918""]",Bank of Baroda,savings,Rajasthan,47300.00,4,False
52f10fd9-9ef6-463d-a69c-8ef4617e2935,"[""CMP-20241011-01981"",""CMP-20241022-02546"",""CMP-20250110-06656"",""CMP-20250504-12961"",""CMP-20250804-18347"",""CMP-20250809-18592""]",HDFC,savings,Rajasthan,130200.00,6,False
dac86a35-b284-482d-a7ec-00ba1ed2e318,"[""CMP-20241216-05386"",""CMP-20241230-06139"",""CMP-20250120-07261"",""CMP-20250422-12330"",""CMP-20250626-15956""]",Bank of Baroda,savings,Rajasthan,94300.00,5,False
033a5df6-b731-4406-a97b-917d6985c07c,"[""CMP-20241014-02136"",""CMP-20241130-04609"",""CMP-20241228-06036"",""CMP-20250315-10110"",""CMP-20250809-18618"",""CMP-20250809-18643""]",Paytm Payments Bank,savings,Rajasthan,280900.00,6,False
9af4c79f-cbb8-4dcc-a67b-4aa9b111a4b8,"[""CMP-20241020-02462"",""CMP-20241227-05964"",""CMP-20250123-07406"",""CMP-20250424-12402"",""CMP-20250814-18857""]",ICICI,savings,Karnataka,140600.00,5,False
20b4e235-4b5a-4ab6-a990-82d11dfa578b,"[""CMP-20240911-00504"",""CMP-20241020-02476"",""CMP-20250411-11623"",""CMP-20250727-17859"",""CMP-20250822-19360"",""CMP-20250828-19738""]",SBI,savings,Rajasthan,195300.00,6,False
fc1f64b2-5534-4784-ac0e-2e8e8d7ae808,"[""CMP-20241205-04776"",""CMP-20250408-11472"",""CMP-20250413-11753"",""CMP-20250704-16451""]",ICICI,savings,Jharkhand,69900.00,4,False
7ce43b8f-8c6f-42cd-a862-d06cb54a52f7,"[""CMP-20241123-04183"",""CMP-20241228-05989"",""CMP-20250122-07354"",""CMP-20250418-12076"",""CMP-20250615-15346"",""CMP-20250715-17150""]",Bank of Baroda,savings,Jharkhand,887700.00,6,True
aba1b095-8745-4fee-a6d7-0836b2a01f9d,"[""CMP-20240903-00134"",""CMP-20250112-06838"",""CMP-20250227-09231"",""CMP-20250405-11305"",""CMP-20250524-14080""]",Canara Bank,savings,West Bengal,179700.00,5,False
9ab3e8ad-af32-4f19-a3f3-b039f7bb6c9c,"[""CMP-20241006-01727"",""CMP-20241108-03372"",""CMP-20250118-07146"",""CMP-20250416-11957"",""CMP-20250420-12231"",""CMP-20250504-12953""]",Axis Bank,savings,Uttar Pradesh,293400.00,6,False
c88e9f24-039c-42ff-a67a-6b75a4f95877,"[""CMP-20240906-00252"",""CMP-20241031-03001"",""CMP-20250302-09398"",""CMP-20250523-14054"",""CMP-20250730-17993""]",Canara Bank,savings,Maharashtra,451800.00,5,False
16e0dfd6-39e8-479e-a231-ca04e878acda,"[""CMP-20240915-00698"",""CMP-20241008-01826"",""CMP-20250619-15556"",""CMP-20250702-16381""]",ICICI,savings,Rajasthan,82500.00,4,True
dacd3528-960b-4589-a755-096a1c2a9fd4,"[""CMP-20250105-06423"",""CMP-20250105-06433"",""CMP-20250116-06989"",""CMP-20250404-11269"",""CMP-20250406-11405"",""CMP-20250525-14168"",""CMP-20250811-18748""]",HDFC,savings,Jharkhand,332500.00,7,False
8f979c5f-6bdf-41cd-aabe-14ee0fbbe0a2,"[""CMP-20240910-00440"",""CMP-20241207-04930"",""CMP-20250123-07404"",""CMP-20250704-16479""]",HDFC,savings,Rajasthan,281000.00,4,False
40e5aa7f-718a-46dd-a04a-7b9c507d8100,"[""CMP-20241125-04318"",""CMP-20241219-05515"",""CMP-20250131-07831"",""CMP-20250323-10601"",""CMP-20250505-13012"",""CMP-20250810-18705""]",Canara Bank,savings,West Bengal,129200.00,6,True
6dcac708-bf4d-4c5b-a704-b465cae88d83,"[""CMP-20241227-05977"",""CMP-20250119-07183"",""CMP-20250320-10395"",""CMP-20250413-11777"",""CMP-20250423-12362""]",Canara Bank,savings,Uttar Pradesh,109300.00,5,False
192030af-99df-4572-a7f0-7f51faf43d42,"[""CMP-20240916-00732"",""CMP-20240929-01395"",""CMP-20241010-01928"",""CMP-20241025-02722"",""CMP-20250214-08529"",""CMP-20250402-11178"",""CMP-20250518-13761"",""CMP-20250810-18693""]",Paytm Payments Bank,savings,West Bengal,234100.00,8,False
5f86e50d-bc6b-479d-a27e-877369b899c1,"[""CMP-20241205-04779"",""CMP-20250223-09033"",""CMP-20250517-13697"",""CMP-20250804-18337"",""CMP-20250816-19047""]",HDFC,savings,Uttar Pradesh,101100.00,5,False
f49f8dcd-54d5-4795-a5fb-d9e7a5ef45c3,"[""CMP-20241227-05938"",""CMP-20250112-06825"",""CMP-20250314-10078"",""CMP-20250401-11119"",""CMP-20250426-12515""]",Indian Bank,savings,Rajasthan,228900.00,5,False
f122b0c1-31b7-4a90-a47c-9af42fa909a6,"[""CMP-20241008-01824"",""CMP-20241210-05049"",""CMP-20241220-05595"",""CMP-20250112-06787"",""CMP-20250304-09531"",""CMP-20250406-11403"",""CMP-20250719-17409"",""CMP-20250804-18330"",""CMP-20250808-18549""]",Bank of Baroda,savings,West Bengal,422200.00,9,False
666501dc-396f-488a-a0fd-7cb67fda7b58,"[""CMP-20241013-02081"",""CMP-20241224-05820"",""CMP-20250303-09476"",""CMP-20250507-13113"",""CMP-20250511-13352"",""CMP-20250817-19095""]",Bank of Baroda,savings,Uttar Pradesh,154900.00,6,False
b048af92-809a-4db6-afa2-cdd4fe9954bf,"[""CMP-20241205-04781"",""CMP-20250106-06489"",""CMP-20250429-12668"",""CMP-20250831-19999""]",Bank of Baroda,savings,West Bengal,88500.00,4,False
7669b91e-022f-4bc5-a726-5015696a0b0d,"[""CMP-20241108-03411"",""CMP-20241210-05069"",""CMP-20250326-10752"",""CMP-20250625-15924""]",Indian Bank,savings,Uttar Pradesh,79400.00,4,False
3ad50cb8-63b0-44f7-ab53-76ea0a5db8b7,"[""CMP-20240908-00339"",""CMP-20241210-05066"",""CMP-20250104-06348"",""CMP-20250113-06876"",""CMP-20250328-10876"",""CMP-20250430-12725"",""CMP-20250610-15098"",""CMP-20250619-15592"",""CMP-20250702-16383"",""CMP-20250708-16737""]",ICICI,savings,Uttar Pradesh,554500.00,10,True
00076f8d-bd47-4201-a0f4-9c4491c9fcdf,"[""CMP-20241214-05246"",""CMP-20250311-09906"",""CMP-20250403-11226"",""CMP-20250502-12833"",""CMP-20250804-18316""]",Bank of Baroda,savings,Rajasthan,170100.00,5,False
67cfb929-b6f1-49c0-aeae-4e80522a72b4,"[""CMP-20241201-04631"",""CMP-20241218-05475"",""CMP-20250507-13081"",""CMP-20250524-14097"",""CMP-20250601-14555""]",Canara Bank,savings,West Bengal,185600.00,5,False
1d769900-fcbf-41d6-a9c3-cbd17ca63628,"[""CMP-20241017-02302"",""CMP-20241218-05483"",""CMP-20250115-06964"",""CMP-20250206-08138"",""CMP-20250401-11146"",""CMP-20250410-11604"",""CMP-20250703-16429""]",Paytm Payments Bank,wallet,Maharashtra,287700.00,7,False
bdd48941-cbb3-46dc-a3ff-d6e2ef018070,"[""CMP-20240927-01248"",""CMP-20241001-01484"",""CMP-20241130-04607"",""CMP-20250128-07666"",""CMP-20250527-14235"",""CMP-20250716-17183""]",SBI,savings,Uttar Pradesh,185400.00,6,True
6783293d-237b-4091-ae5c-804c54bf6452,"[""CMP-20241126-04357"",""CMP-20250319-10311"",""CMP-20250319-10334"",""CMP-20250321-10443"",""CMP-20250513-13424"",""CMP-20250731-18054""]",ICICI,savings,Rajasthan,369800.00,6,False
ba7af0e6-996d-4b73-aea9-83545c9c4f7e,"[""CMP-20240905-00216"",""CMP-20241128-04463"",""CMP-20250112-06780"",""CMP-20250217-08745"",""CMP-20250313-10027"",""CMP-20250317-10229"",""CMP-20250507-13089""]",Axis Bank,savings,Jharkhand,318400.00,7,False
ced547f3-dc84-4995-afe5-efbbbeb45c4e,"[""CMP-20241101-03029"",""CMP-20241111-03600"",""CMP-20241229-06049"",""CMP-20250523-14025"",""CMP-20250613-15235"",""CMP-20250628-16096"",""CMP-20250705-16537"",""CMP-20250829-19823""]",Airtel Payments Bank,savings,Jharkhand,333300.00,8,False
dbc5fd12-cb1a-4487-a13b-23afeab4dc05,"[""CMP-20250201-07893"",""CMP-20250316-10178"",""CMP-20250421-12285"",""CMP-20250604-14721"",""CMP-20250702-16346"",""CMP-20250730-18043""]",Paytm Payments Bank,wallet,Karnataka,233200.00,6,False
5a265d78-4de7-48b2-ad63-52b4349cd388,"[""CMP-20240915-00709"",""CMP-20240928-01319"",""CMP-20241129-04484"",""CMP-20250215-08635"",""CMP-20250814-18868"",""CMP-20250822-19329""]",SBI,savings,Tamil Nadu,183400.00,6,False
9de661e5-a3ce-4d9a-a662-874c1ea14bf3,"[""CMP-20240901-00032"",""CMP-20241025-02683"",""CMP-20241217-05443"",""CMP-20250821-19287""]",ICICI,savings,Rajasthan,224800.00,4,False
7c61c8b0-05fa-467a-aff7-cc9d9ec566cd,"[""CMP-20240918-00828"",""CMP-20241005-01663"",""CMP-20241007-01777"",""CMP-20250416-11923"",""CMP-20250524-14107""]",Bank of Baroda,savings,Jharkhand,256600.00,5,True
f3ee4c32-7338-491f-aede-2400d4dfd91e,"[""CMP-20240925-01161"",""CMP-20240930-01435"",""CMP-20250327-10785"",""CMP-20250430-12744"",""CMP-20250627-16056"",""CMP-20250824-19536""]",Airtel Payments Bank,wallet,West Bengal,500400.00,6,True
6719d2ac-599f-4873-a4be-21804ebe5ac4,"[""CMP-20240911-00498"",""CMP-20250429-12673"",""CMP-20250817-19074""]",Airtel Payments Bank,wallet,Uttar Pradesh,262000.00,3,False
0a48fd10-9999-4554-aca3-80245c57de8a,"[""CMP-20240911-00511"",""CMP-20241027-02804"",""CMP-20241125-04329"",""CMP-20250117-07060"",""CMP-20250321-10453""]",Paytm Payments Bank,wallet,Tamil Nadu,322600.00,5,True
baf045f4-3475-4e03-a820-446da09feaa7,"[""CMP-20241116-03824"",""CMP-20241123-04187"",""CMP-20241229-06080"",""CMP-20250313-09994"",""CMP-20250516-13616"",""CMP-20250606-14853"",""CMP-20250625-15951"",""CMP-20250713-17013"",""CMP-20250810-18691""]",Airtel Payments Bank,savings,Tamil Nadu,339500.00,9,True
1eb74d63-3203-440c-a837-ae2590e0d45f,"[""CMP-20240922-01038"",""CMP-20250629-16215"",""CMP-20250825-19593""]",Canara Bank,savings,Tamil Nadu,57300.00,3,False
7e037b06-6dab-4008-ad1f-7edabcdabc74,"[""CMP-20240926-01221"",""CMP-20241231-06164"",""CMP-20250129-07734"",""CMP-20250407-11453"",""CMP-20250425-12415"",""CMP-20250613-15232"",""CMP-20250621-15666""]",Axis Bank,savings,Jharkhand,263000.00,7,True
1bc44dca-43a8-492d-aaa5-0fcdf5535d26,"[""CMP-20240921-00963"",""CMP-20241222-05680"",""CMP-20250217-08752"",""CMP-20250327-10815"",""CMP-20250423-12369"",""CMP-20250531-14497"",""CMP-20250605-14749"",""CMP-20250622-15776""]",HDFC,savings,West Bengal,297300.00,8,False
db4620e5-d3c7-4612-a01c-d1e2c78178b3,"[""CMP-20240921-00992"",""CMP-20241113-03699"",""CMP-20250122-07350"",""CMP-20250308-09767"",""CMP-20250324-10663"",""CMP-20250329-10919"",""CMP-20250414-11811"",""CMP-20250609-15022"",""CMP-20250617-15501""]",ICICI,savings,Karnataka,372500.00,9,False
1afca75e-4c9c-4e6f-a5b7-34d7930ff12b,"[""CMP-20240927-01276"",""CMP-20241010-01921"",""CMP-20241112-03622"",""CMP-20250726-17797"",""CMP-20250810-18715""]",Paytm Payments Bank,wallet,Rajasthan,167900.00,5,False
6b25abd2-8837-4a84-a41d-8ad6c977c258,"[""CMP-20250601-14584"",""CMP-20250710-16835"",""CMP-20250810-18667""]",Indian Bank,savings,Uttar Pradesh,89400.00,3,False
1b938a94-e4a0-40ef-a165-c0d2afadbba5,"[""CMP-20240904-00162"",""CMP-20241101-03016"",""CMP-20241105-03248"",""CMP-20241217-05432"",""CMP-20241228-05990""]",Axis Bank,savings,Uttar Pradesh,162000.00,5,True
597d4ef8-1daa-455a-a0e2-d696299b93df,"[""CMP-20241003-01555"",""CMP-20250406-11380"",""CMP-20250414-11833""]",Indian Bank,savings,Maharashtra,45600.00,3,True
a9dfafc6-d680-4589-a5c0-cce9ae44ee36,"[""CMP-20250323-10577"",""CMP-20250606-14851"",""CMP-20250726-17765"",""CMP-20250824-19509""]",Canara Bank,savings,Karnataka,227800.00,4,False
2059785a-2553-4a0b-ae9e-2d971c6944b4,"[""CMP-20241225-05872"",""CMP-20250103-06299"",""CMP-20250222-09025"",""CMP-20250423-12348"",""CMP-20250621-15722"",""CMP-20250724-17667"",""CMP-20250726-17806""]",HDFC,savings,Uttar Pradesh,260000.00,7,False
5fef44eb-1800-4a45-ac88-4f1cba8f0298,"[""CMP-20241021-02520"",""CMP-20250501-12771"",""CMP-20250513-13444"",""CMP-20250526-14227"",""CMP-20250822-19313""]",Canara Bank,savings,Jharkhand,298800.00,5,True
60b358d0-76ea-4bec-ab2c-74f639dbac5d,"[""CMP-20250103-06278"",""CMP-20250706-16587""]",Paytm Payments Bank,savings,Rajasthan,80500.00,2,False
21306223-e00c-44ab-a67a-1f1f218a7609,"[""CMP-20241124-04294"",""CMP-20241222-05686"",""CMP-20250105-06455"",""CMP-20250201-07877"",""CMP-20250402-11174"",""CMP-20250412-11734"",""CMP-20250531-14446"",""CMP-20250615-15395""]",Canara Bank,savings,Tamil Nadu,182100.00,8,True
ce175d04-5138-4493-a410-8f86742d4b9a,"[""CMP-20250401-11123"",""CMP-20250728-17911"",""CMP-20250823-19400""]",SBI,savings,Jharkhand,155900.00,3,False
15c1c28a-41b3-409d-a224-82a834545de1,"[""CMP-20241211-05084"",""CMP-20250304-09508"",""CMP-20250421-12275"",""CMP-20250625-15916"",""CMP-20250730-18021"",""CMP-20250805-18386""]",Paytm Payments Bank,savings,Uttar Pradesh,130100.00,6,True
34c1379b-8da1-4793-afad-b9e7ac31a4ae,"[""CMP-20240916-00720"",""CMP-20250128-07650"",""CMP-20250214-08531"",""CMP-20250402-11173"",""CMP-20250520-13867"",""CMP-20250522-13954"",""CMP-20250812-18774""]",Axis Bank,savings,Maharashtra,397300.00,7,False
bd9fd8d2-efd9-425c-ab7b-0fb88f11e9a3,"[""CMP-20240920-00913"",""CMP-20241231-06176"",""CMP-20250117-07052"",""CMP-20250528-14276"",""CMP-20250624-15875"",""CMP-20250716-17176"",""CMP-20250731-18078""]",Paytm Payments Bank,savings,Rajasthan,267300.00,7,False
bf013def-0939-4c0d-a263-857f9c0cbe4c,"[""CMP-20240908-00358"",""CMP-20250122-07360"",""CMP-20250324-10676"",""CMP-20250402-11184"",""CMP-20250615-15390"",""CMP-20250802-18162"",""CMP-20250803-18305""]",Airtel Payments Bank,wallet,Rajasthan,303500.00,7,True
38225c4f-c891-4f77-a046-512092487d48,"[""CMP-20241125-04333"",""CMP-20241216-05407"",""CMP-20250122-07342"",""CMP-20250221-08915"",""CMP-20250419-12126""]",SBI,savings,Uttar Pradesh,120600.00,5,False
867e832a-3f8c-4d61-a010-bb626866016e,"[""CMP-20241005-01694"",""CMP-20241107-03358"",""CMP-20241126-04382"",""CMP-20250221-08941"",""CMP-20250312-09959"",""CMP-20250408-11480"",""CMP-20250705-16561"",""CMP-20250710-16805"",""CMP-20250717-17252"",""CMP-20250801-18133""]",Paytm Payments Bank,savings,Tamil Nadu,425700.00,10,False
b8653ce1-6dfe-4a30-aa3d-fc3df5ba05b8,"[""CMP-20250105-06444"",""CMP-20250319-10337"",""CMP-20250321-10440"",""CMP-20250506-13047""]",Canara Bank,savings,Tamil Nadu,180800.00,4,False
59c13fcb-403c-48fc-a1dd-d6f1b856f018,"[""CMP-20240927-01249"",""CMP-20241123-04197"",""CMP-20250110-06689"",""CMP-20250204-08034"",""CMP-20250330-11034"",""CMP-20250715-17145"",""CMP-20250731-18051""]",Bank of Baroda,savings,Tamil Nadu,384200.00,7,False
0c95d332-4e01-4428-a188-e3d23291f753,"[""CMP-20250114-06894"",""CMP-20250515-13522"",""CMP-20250830-19869""]",HDFC,savings,Karnataka,232400.00,3,False
09769623-0c6c-422a-a139-d4fe3eaeb90b,"[""CMP-20241004-01601"",""CMP-20241005-01678"",""CMP-20241202-04666"",""CMP-20250508-13136"",""CMP-20250816-19041""]",HDFC,savings,West Bengal,159800.00,5,False
93fb54b9-1ab8-4872-a38c-5d69c10600f9,"[""CMP-20241010-01904"",""CMP-20250514-13492"",""CMP-20250823-19383""]",Paytm Payments Bank,savings,Rajasthan,139800.00,3,False
92a2398b-dcfe-4505-a0c2-d2b09cf404d1,"[""CMP-20240926-01200"",""CMP-20241202-04687"",""CMP-20241227-05966"",""CMP-20250313-10004"",""CMP-20250413-11757"",""CMP-20250725-17693"",""CMP-20250806-18442""]",Canara Bank,savings,Uttar Pradesh,688700.00,7,True
18970da0-440e-4a8a-a293-9432558f9705,"[""CMP-20240908-00381"",""CMP-20241016-02229"",""CMP-20250227-09218"",""CMP-20250301-09347"",""CMP-20250328-10884"",""CMP-20250812-18790""]",Bank of Baroda,savings,Jharkhand,617200.00,6,True
03b68505-b4fb-4795-ac4e-746d4a15fc1e,"[""CMP-20241017-02284"",""CMP-20250214-08579"",""CMP-20250414-11839""]",Bank of Baroda,savings,Rajasthan,197200.00,3,True
75ded526-21f2-445c-a288-6e150102af51,"[""CMP-20241012-02033"",""CMP-20241225-05836"",""CMP-20250305-09605"",""CMP-20250327-10816"",""CMP-20250414-11802"",""CMP-20250602-14591"",""CMP-20250821-19284""]",ICICI,savings,Jharkhand,337500.00,7,False
13d03de4-63cf-444c-a98e-0017e81947c3,"[""CMP-20241024-02632"",""CMP-20241108-03373"",""CMP-20241113-03700"",""CMP-20250324-10684"",""CMP-20250405-11358"",""CMP-20250521-13927"",""CMP-20250829-19798""]",Bank of Baroda,savings,Tamil Nadu,164600.00,7,False
9a59a14f-2496-4340-a3a5-873af9b58d8d,"[""CMP-20240910-00461"",""CMP-20240920-00939"",""CMP-20241110-03532"",""CMP-20250203-07985"",""CMP-20250311-09940"",""CMP-20250323-10639"",""CMP-20250530-14399"",""CMP-20250607-14920"",""CMP-20250831-19992""]",Canara Bank,savings,Tamil Nadu,385500.00,9,True
25156275-5547-4203-a9e9-7f73cc280518,"[""CMP-20240901-00002"",""CMP-20241217-05442"",""CMP-20241218-05486"",""CMP-20250111-06747"",""CMP-20250314-10043"",""CMP-20250327-10791"",""CMP-20250728-17912""]",Bank of Baroda,savings,Maharashtra,327500.00,7,False
e14409d6-18f9-46cf-aa3b-a106b6ae6daf,"[""CMP-20250201-07885"",""CMP-20250205-08071"",""CMP-20250305-09593"",""CMP-20250510-13275"",""CMP-20250526-14214"",""CMP-20250616-15453""]",Bank of Baroda,savings,Uttar Pradesh,407500.00,6,False
52cc93c6-2e57-4237-af66-6803418b6d66,"[""CMP-20240927-01267"",""CMP-20241112-03624"",""CMP-20250118-07121"",""CMP-20250308-09764"",""CMP-20250616-15421"",""CMP-20250802-18187"",""CMP-20250815-18948""]",ICICI,savings,Jharkhand,589200.00,7,True
5418e9c1-681c-4556-aeb3-b74ecd4e2b7c,"[""CMP-20241006-01750"",""CMP-20241102-03077"",""CMP-20241203-04717"",""CMP-20250130-07756"",""CMP-20250702-16354"",""CMP-20250805-18398""]",ICICI,savings,Maharashtra,343700.00,6,False
2293d1a9-d12c-4c05-a5cc-210914af0d8d,"[""CMP-20250103-06279"",""CMP-20250113-06857"",""CMP-20250216-08711"",""CMP-20250408-11471"",""CMP-20250624-15872"",""CMP-20250731-18057""]",Axis Bank,savings,Tamil Nadu,243600.00,6,False
379cc3c5-cb54-4fe2-a244-bc753ff3f6dd,"[""CMP-20240930-01451"",""CMP-20241031-02970"",""CMP-20241126-04377"",""CMP-20250618-15554""]",Paytm Payments Bank,wallet,Tamil Nadu,187800.00,4,False
b2aad362-f760-4ffb-ac3c-5a729855770c,"[""CMP-20250510-13307"",""CMP-20250525-14157"",""CMP-20250603-14668"",""CMP-20250622-15788""]",SBI,savings,Jharkhand,210900.00,4,True
46cb37a4-2e4c-491e-ae7a-7d47071cfea1,"[""CMP-20250424-12398"",""CMP-20250524-14090"",""CMP-20250618-15516"",""CMP-20250808-18510""]",Indian Bank,savings,Jharkhand,200100.00,4,False
a527629e-1f76-4aad-a0fb-8681ca9e84a1,"[""CMP-20250716-17198"",""CMP-20250811-18753"",""CMP-20250812-18789""]",ICICI,savings,Karnataka,104000.00,3,True
